{"type":"FeatureCollection", "features": [
{"type":"Feature","geometry":{"type":"Polygon","coordinates":[[[21.267219788732568,39.5],[21.40962000000036,39.17771999999968],[21.42280000000028,39.0062999999991],[21.38890999999967,38.84087],[21.231939999999668,38.54025],[21.180712631243544,38.392720267094695],[21.291058289259382,38.383696231055865],[21.372890000000552,38.425170000000435],[21.426219847441754,38.38031491694921],[21.5463,38.34123999999974],[21.63818,38.357200000000375],[21.771609999999782,38.33216],[21.83292000000074,38.38983],[21.892219999999725,38.368829999999434],[21.94072000000051,38.40755],[22.050810000000638,38.39592000000084],[22.192352614244584,38.33225074035806],[22.228719999999157,38.35697000000073],[22.35747000000083,38.34864000000016],[22.423059999999168,38.4320000000007],[22.459670000000187,38.42377999999917],[22.589634456913366,38.29547284563382],[22.59878000000026,38.355359999999564],[22.680749999999534,38.3747199999998],[22.694540000000416,38.33502000000044],[22.799810000000434,38.274240000000646],[22.79061,38.23309999999947],[22.877979999999297,38.223869999999806],[22.916849432624016,38.192646288415986],[23.01912000000084,38.212719999999536],[23.078936366451362,38.17868795939265],[23.111899999999878,38.20789999999943],[23.219750000000204,38.10269999999946],[23.13630000000012,38.06414000000041],[22.926900000000387,38.045829999999114],[22.97679000000062,37.97738000000027],[22.962250000000495,37.94683000000077],[22.85448,37.94002999999975],[22.79106999999931,37.97317],[22.731015766015382,38.032474233983976],[22.49215,38.13429999999971],[22.39089000000058,38.13588999999956],[22.340441350067255,38.170641913791314],[22.218160000000353,38.18157000000065],[22.08541999999943,38.25401000000056],[22.02700999999979,38.30132000000049],[21.951999999999316,38.32865999999922],[21.781300000000556,38.31057999999939],[21.7459400000007,38.282929999999396],[21.69702999999936,38.1875],[21.600549999999203,38.143519999999626],[21.50413,38.16538000000037],[21.458529999999882,38.198780000000625],[21.40085999999974,38.18457999999919],[21.339903407423467,38.095540529667794],[21.29061,37.988830000000235],[21.18651999999929,37.92792999999983],[21.123189502121154,37.92510527497923],[21.113869999999224,37.84887999999955],[21.25626999999986,37.800890000000436],[21.29856,37.77052],[21.32003000000077,37.70075],[21.49309,37.59281000000021],[21.584039999999675,37.54924000000034],[21.635695488513306,37.50370263556147],[21.7068,37.33144],[21.69786000000022,37.28033999999934],[21.576999999999316,37.17930999999953],[21.576643657476296,37.074987544778345],[21.675849999999627,36.96251999999913],[21.708919999999125,36.94822000000022],[21.6879399999998,36.868749999999636],[21.881960000000618,36.72924000000057],[21.950160000000324,36.79009000000042],[21.921840000000884,36.86751],[21.931210000000647,36.98595000000023],[22.025659999999334,37.04581999999937],[22.151050000000396,37.01577],[22.142997001114647,36.93168193230717],[22.221879999999146,36.89624999999978],[22.317339999999604,36.78266000000076],[22.361598662703557,36.67074393085372],[22.38971999999916,36.55615000000046],[22.36587110534131,36.523342079782374],[22.398909999999887,36.48106999999982],[22.458440000000337,36.45053],[22.50098000000071,36.460129999999594],[22.477759999999762,36.61537],[22.567351694639843,36.73164434090197],[22.569170000000668,36.777249999999185],[22.675649999999223,36.85389000000032],[22.77866,36.80631],[22.810043912827382,36.74554741519182],[22.955770000000484,36.56508000000031],[23.069799999999304,36.519280000000435],[23.08454999999958,36.469779999999446],[23.151529999999184,36.45269],[23.14549646900087,36.540138012589715],[23.070509999999558,36.58345999999983],[23.027130000000398,36.65214999999989],[23.024170000000595,36.72127999999975],[23.082573258387868,36.759122137461816],[23.007154466825614,36.98813995039567],[22.959476833958878,37.10717388148742],[22.895290000000386,37.126389999999446],[22.898742248930052,37.16587831226341],[22.799160000000484,37.36032999999952],[22.755779999999504,37.405070000000705],[22.722560000000158,37.570089999999254],[22.806000000000495,37.5923700000003],[22.876313059851125,37.5274094729074],[22.976290000000517,37.51713000000018],[23.004870000000665,37.47019],[23.053760000000693,37.48486000000048],[23.12257999999929,37.451139999999214],[23.138161512486136,37.34175878347594],[23.19794,37.34103999999934],[23.281659428665122,37.39981614940452],[23.372009999999136,37.425419999999576],[23.409082269455677,37.40645547460311],[23.511749999999665,37.436470000000554],[23.4978479181167,37.47283699994356],[23.437780000000203,37.5039199999992],[23.38550000000032,37.559440000000905],[23.404946505536124,37.6341562896738],[23.356850000000122,37.63836000000083],[23.32966999999917,37.533550000000105],[23.200090000000273,37.59879],[23.16128000000026,37.63058],[23.175346100990144,37.71150179580689],[23.125749999999243,37.72806999999921],[23.173116797449588,37.80813203793447],[23.111266226771203,37.843916041366384],[23.015160000000833,37.84406999999919],[22.993239999999787,37.88134999999966],[23.05515000000014,37.91613999999936],[23.147146467561264,37.93056013954426],[23.231599999999162,37.9719499999992],[23.373191074989485,37.97133305472983],[23.45234999999957,38.02224000000024],[23.51831999999922,38.04279999999926],[23.589270000000397,38.04076999999961],[23.58452000000034,37.99828999999954],[23.63785956912733,37.9466105965688],[23.716549999999188,37.907719999999244],[23.769535086429695,37.82176046536349],[23.843329999999696,37.814689999999246],[23.896989999999278,37.775289999999586],[23.908289999999397,37.72422999999981],[23.97972999999911,37.664049999999406],[24.030849999999134,37.65576999999951],[24.070799999999508,37.68593999999939],[24.073169999999664,37.7851699999992],[24.02909843810052,37.87105328819153],[24.02356208052927,37.98942820269686],[23.982739999999467,38.11031],[24.059188960300535,38.14684501045359],[24.041199999999662,38.212069999999585],[23.95579,38.27522999999928],[23.781880000000456,38.32648999999947],[23.675230000000738,38.3425299999999],[23.603080000000773,38.41942000000017],[23.58408281227633,38.48082314216974],[23.51548,38.48128],[23.372729999999137,38.511280000000625],[23.31779,38.56945000000087],[23.33934799137145,38.60758983951431],[23.298140000000785,38.64223999999922],[23.198420000000624,38.66932000000088],[23.10302000000047,38.62692000000061],[23.017299999999523,38.74656],[22.916965773709812,38.771862007792635],[22.86679,38.75525000000016],[22.82714186013171,38.78778644980212],[22.767649999999776,38.780870000000505],[22.69528999999966,38.82749999999942],[22.63228,38.83095999999932],[22.51376,38.80765000000065],[22.46390000000065,38.82681000000048],[22.468140000000858,38.90158999999949],[22.51691000000028,38.920249999999214],[22.649849999999788,38.92769000000044],[22.755779999999504,38.87620000000061],[22.841050000000905,38.89345999999932],[22.861940000000686,38.92532000000028],[22.930490000000646,38.92115999999987],[22.98946000000069,38.94332000000031],[22.995230000000447,39.017180000000735],[22.901099999999133,39.16165],[22.84647000000041,39.170899999999165],[22.813930000000255,39.239910000000236],[22.82107999999971,39.276379999999335],[22.89194999999927,39.29170999999951],[22.94228444958439,39.34698762032514],[22.996390000000247,39.34770000000026],[23.043079999999463,39.317329999999856],[23.146989999999278,39.29023000000052],[23.196640000000116,39.20237000000088],[23.29201987153317,39.165178938615156],[23.344455777652577,39.19627503768625],[23.278091451468075,39.30874704957453],[23.125060000000303,39.45180000000073],[23.095156028881323,39.5],[21.267219788732568,39.5]]]},"properties":{"areaId":"achaia","provenance":{"dataset":"AWMC geodata","version":"commit:7ecf8bccea2efe1e1e9df2daf6001942de73fb87;paths:Cultural-Data/political_shading/roman_empire_ce_200_provinces/roman_empire_ce_200_provinces.geojson|Physical Data/shoreline/shoreline.geojson|Cultural-Data/political_shading/roman_empire_ce_117_extent/roman_empire_ce_117_extent.geojson|Cultural-Data/political_shading/roman_empire_ce_200_extent/roman_empire_ce_200_extent.geojson|Cultural-Data/political_shading/roman_empire_bce_60/roman_empire_bce_60.geojson|Cultural-Data/political_shading/herod/herods_kingdom.geojson|Cultural-Data/political_shading/senatorial_province/roman_senatorial_provinces.geojson;ne-commit:ca96624a56bd078437bca8184e78163e5039ad19;ne-path:geojson/ne_10m_rivers_lake_centerlines.geojson","upstreamFeatureIds":["awmc:province-cell-c0355"],"changes":[{"kind":"polygonize-union","detail":"Polygonized AD 200 province lines with AWMC coastline and empire extent, then unioned cells c0355 by reference towns.","sources":["awmc:roman-empire-ce-200-provinces","awmc:roman-empire-ce-117-extent","awmc:roman-empire-ce-200-extent","awmc:roman-empire-bce-60-extent","awmc:herod-outline","awmc:roman-senatorial-provinces","awmc:shoreline","bib:josephus-jewish-war","bib:strabo-geography"]},{"kind":"reference-towns","detail":"Corinth(22.879,37.906)=>c0355; Athens(23.724,37.972)=>c0355","sources":["awmc:reference-town-point-in-polygon"]}]}}},
{"type":"Feature","geometry":{"type":"Polygon","coordinates":[[[35.68952325112775,32.55032732825252],[35.707979999999225,32.21538999999939],[35.7067628177338,32.144319293642205],[35.79982000000018,32.075259999999616],[35.799559999999474,32.01161999999931],[35.83015999999952,31.97353],[35.82677999999942,31.917970000000423],[35.90838000000076,31.88969],[36.01784000000043,31.884930000000168],[36.04876999999942,31.849239999999554],[36.024970000000394,31.813539999999193],[35.920280000000275,31.782610000000204],[35.82748,31.773090000000593],[35.76799000000028,31.739779999999882],[35.70136878376588,31.625912321645174],[35.7014135191644,31.594662612250755],[35.666322798496594,31.468999300375437],[35.600870000000214,31.313360000000102],[35.49086999999963,31.29099],[35.51532000000043,31.154060000000754],[35.49196999999913,31.0611200000003],[35.31696000000011,31.002109999999448],[35.023660000000746,31.094339999999647],[34.84014701541454,31.159084659106295],[34.79678000000058,31.153979999999137],[34.64430999999968,31.184479999999894],[34.54774,31.14042999999947],[34.51555,31.160760000000664],[34.451170000000275,31.297989999999118],[34.39614199669002,31.323183135331874],[34.34444000000076,31.30815000000075],[34.29061999761731,31.36815311437267],[34.1963,31.29490000000078],[34.105540000000474,31.24761000000035],[33.91309999999976,31.17195],[33.85232814522404,31.155986705604374],[34.4,30.8],[35.2,30.1],[35.88635656231121,29.230615021072474],[35.845900000000256,29.601650000000518],[35.82586000000083,29.84092000000055],[35.83309999999983,30.16392000000087],[35.88967000000048,30.322360000000117],[35.99252999999953,30.558489999999438],[36.12960000000021,30.846980000000258],[36.232019999999466,31.03687],[36.402145002070206,31.30550720360526],[36.568929999999455,31.675849999999627],[36.76402000000053,32.10374000000047],[36.88644000000022,32.29540000000088],[37.07865999999922,32.54032],[37.14522770636644,32.68241009772095],[37.20490881993432,32.848977928589015],[37.03951000000052,33.0313100000003],[36.859340000000884,33.09101],[36.606879999999364,33.14471000000049],[36.542079873366816,33.12061479535416],[36.55559,33.05106999999953],[36.619839999999385,32.98468999999932],[36.70371999999952,32.96683999999914],[36.784019999999146,32.90258999999969],[36.85896999999932,32.87046999999984],[36.894899999999325,32.74973999999929],[36.83577999999943,32.7491200000004],[36.8125799999998,32.6937999999991],[36.619839999999385,32.66345999999976],[36.49402999999984,32.7205699999995],[36.427999999999884,32.7152100000003],[36.395870000000286,32.74733000000015],[36.26737999999932,32.72769999999946],[36.13532,32.73483999999917],[36.15495,32.80265999999938],[36.07107999999971,32.82763999999952],[35.99611999999979,32.78124000000025],[35.955079999999725,32.73127000000022],[35.8783399999993,32.76518000000033],[35.82836999999927,32.73841],[35.848910000000615,32.69858000000022],[35.835510000000795,32.64383000000089],[35.86048999999912,32.61170999999922],[35.817660000000615,32.57423000000017],[35.68952325112775,32.55032732825252]]]},"properties":{"areaId":"arabia","provenance":{"dataset":"AWMC geodata","version":"commit:7ecf8bccea2efe1e1e9df2daf6001942de73fb87;paths:Cultural-Data/political_shading/roman_empire_ce_200_provinces/roman_empire_ce_200_provinces.geojson|Physical Data/shoreline/shoreline.geojson|Cultural-Data/political_shading/roman_empire_ce_117_extent/roman_empire_ce_117_extent.geojson|Cultural-Data/political_shading/roman_empire_ce_200_extent/roman_empire_ce_200_extent.geojson|Cultural-Data/political_shading/roman_empire_bce_60/roman_empire_bce_60.geojson|Cultural-Data/political_shading/herod/herods_kingdom.geojson|Cultural-Data/political_shading/senatorial_province/roman_senatorial_provinces.geojson;ne-commit:ca96624a56bd078437bca8184e78163e5039ad19;ne-path:geojson/ne_10m_rivers_lake_centerlines.geojson","upstreamFeatureIds":["awmc:province-cell-c0266"],"changes":[{"kind":"polygonize-union","detail":"Polygonized AD 200 province lines with AWMC coastline and empire extent, then unioned cells c0266 by reference towns.","sources":["awmc:roman-empire-ce-200-provinces","awmc:roman-empire-ce-117-extent","awmc:roman-empire-ce-200-extent","awmc:roman-empire-bce-60-extent","awmc:herod-outline","awmc:roman-senatorial-provinces","awmc:shoreline","bib:josephus-jewish-war","bib:strabo-geography"]},{"kind":"reference-towns","detail":"Petra(35.444,30.328)=>c0266","sources":["awmc:reference-town-point-in-polygon"]}]}}},
{"type":"Feature","geometry":{"type":"Polygon","coordinates":[[[28.959370584495193,40.30857743216676],[28.711900000000185,40.28670431978486],[28.273650000000828,40.319614319784705],[28.024846475506948,40.371936435113454],[27.95278,40.354559999999765],[27.90641625783347,40.39684170733629],[27.781670000000304,40.31322],[27.63900854841722,40.32069745993636],[27.497139999999376,40.245274319785494],[27.39627,40.231244319785276],[26.966000000000463,40.35385431978568],[26.558860184491657,40.25950207478076],[26.522820000000138,40.220149999999194],[26.422174713864273,40.17026695285093],[26.430829999999332,40.14579000000049],[26.336100000000442,40.03079000000071],[26.26912000000084,40.00089999999909],[26.193740026096073,39.999183131709415],[26.14607000000069,39.85251000000062],[26.143009999999776,39.75623000000087],[26.159600000000864,39.65632],[26.09250053500877,39.55022642287893],[26.083300000000236,39.49426999999923],[26.17939,39.467360000000554],[26.354203882505292,39.48730089014758],[26.475280000000566,39.53100000000086],[26.781919999999445,39.57157999999981],[26.931930000000648,39.58477],[26.95223000000078,39.549810000000434],[26.927050000000236,39.48358999999982],[26.876989892222305,39.47504238717574],[26.81358,39.40078999999969],[26.719680000000153,39.346449999999095],[26.640386172202543,39.27527331212074],[26.728320000000167,39.24869000000035],[26.766208228422194,39.170672065913635],[26.852849999999307,39.13546999999926],[26.886679999999615,39.09699],[26.8707200000008,39.04911],[26.82661,39.0253100000009],[26.822720000000118,38.9738899999993],[26.879990747488076,38.91849478576226],[26.920749999999316,38.94108000000051],[27.011679999999615,38.953090000000884],[27.05998,38.93361],[27.074130000000878,38.884539999999106],[27.000190000000657,38.819509999999354],[26.944139999999607,38.810059999999794],[26.90769,38.73641999999927],[26.8094,38.73178],[26.76647000000048,38.69578],[26.788029999999708,38.61619000000064],[26.85174999999981,38.64725],[26.988830000000235,38.651490000000194],[27.035219999999754,38.628570000000764],[27.060530000000654,38.58173999999963],[27.038650000000416,38.536340000000564],[27.121838934317033,38.454395068072714],[27.11569000000054,38.40969000000041],[26.957161826496993,38.38933305248901],[26.963390000000857,38.31602431978632],[26.630189999999743,38.318314319784804],[26.44933,38.52977431978525],[26.43172566928801,38.47756560448111],[26.513100000000122,38.43183999999928],[26.473900000000867,38.357459999999264],[26.374766668755335,38.3086437470433],[26.36164000000099,38.26971431978478],[26.388709999999264,38.224920000000566],[26.5051399999993,38.17559000000074],[26.550166206532406,38.12057643241441],[26.62540000000081,38.13919999999962],[26.63264,38.19918999999936],[26.77261,38.2125300000007],[26.84792000000016,38.10983],[26.863540000000285,38.05993],[26.981850000000122,38.07466000000022],[27.04695,38.050349999999526],[27.14074611075133,37.98700054840964],[27.25761167751608,37.98259564840544],[27.35252237466011,38.004269335791264],[27.363467895286817,37.94954173265717],[27.29378,37.950230000000374],[27.262010000000373,37.82597],[27.280319999999847,37.778190000000905],[27.25971000000027,37.732099999999264],[27.167820000000575,37.692119999999704],[27.199493280846916,37.62175516877492],[27.34920806922662,37.68630499426865],[27.404554332222176,37.73389421438526],[27.509203027258707,37.705340682315295],[27.51372400316967,37.64347469616371],[27.358410000000788,37.556109999999535],[27.43452000000076,37.55124000000069],[27.535200000000316,37.485360000000696],[27.41912000000059,37.47537000000011],[27.36863000000085,37.50959999999935],[27.27850000000035,37.52680999999939],[27.22646999999961,37.51932999999917],[27.21089000000029,37.36924],[27.25318999999945,37.341490000000704],[27.36883999999918,37.4009700000006],[27.395800000000236,37.3173599999991],[27.61338000000069,37.26039999999921],[27.558199999999488,37.194799999999304],[27.54565,37.127339999999094],[27.454439999999522,37.086999999999534],[27.395489872684845,37.12167269927953],[27.24561,37.06505431978536],[27.274939999999333,36.962180000000444],[27.32827,37.01327999999921],[27.438060000000405,37.03098999999929],[27.478250000000116,36.99283],[27.69547000000057,37.00376999999935],[27.783559999999852,36.99387000000024],[27.894780000000537,37.03017],[28.114573990540972,37.017405257882274],[28.20662000000084,37.04059000000052],[28.196749999999156,36.94564],[28.075520000000324,36.93817999999919],[28.051400000000285,36.878640000000814],[28.00478,36.83379000000059],[28.077470000000176,36.774139999999534],[28.04809000000023,36.67559000000074],[28.08294802107344,36.6594390633692],[28.169480000000476,36.73501431978457],[28.24780468740199,36.728494226384036],[28.24561,36.83201999999983],[28.387564387476896,36.78837140067444],[28.449759999999515,36.832689999999275],[28.50036,36.79114999999911],[28.56178,36.82053000000087],[28.611849999999322,36.81262000000061],[28.61832118070095,36.70380194197119],[28.696679999999105,36.748499999999694],[28.887699999999313,36.96803],[29.009910000000673,37.155109999999695],[29.23120000000017,37.36827000000085],[29.326834892951155,37.3571361738281],[29.590949999999793,37.502990000000864],[29.777640000000247,37.61679],[30.013670000000275,37.79715000000033],[30.208730000000287,37.92821],[30.361513064782567,37.98311353193159],[30.431759999999485,38.210440000000744],[30.510514697442876,38.306394956587845],[29.623089999999138,39.276379999999335],[29.77277999999933,39.786050000000614],[29.9033,39.79731],[30.02556999999979,39.825839999999516],[30.36160000000018,39.944439999999304],[30.6515,40.032030000000304],[30.871730000000753,39.98776],[31.152328958878343,39.9608544948843],[31.282628073610226,39.95615806314769],[31.41662,40.0266900000006],[31.472125350490632,40.04027798209905],[31.38297000000057,40.0311099999999],[31.07054000000062,40.07256000000052],[30.518889999999374,40.025330000000395],[30.23272999999972,40.0264700000007],[29.843829999999798,40.08057999999983],[29.10352000000057,40.23834999999963],[28.959370584495193,40.30857743216676]]]},"properties":{"areaId":"asia","provenance":{"dataset":"AWMC geodata","version":"commit:7ecf8bccea2efe1e1e9df2daf6001942de73fb87;paths:Cultural-Data/political_shading/roman_empire_ce_200_provinces/roman_empire_ce_200_provinces.geojson|Physical Data/shoreline/shoreline.geojson|Cultural-Data/political_shading/roman_empire_ce_117_extent/roman_empire_ce_117_extent.geojson|Cultural-Data/political_shading/roman_empire_ce_200_extent/roman_empire_ce_200_extent.geojson|Cultural-Data/political_shading/roman_empire_bce_60/roman_empire_bce_60.geojson|Cultural-Data/political_shading/herod/herods_kingdom.geojson|Cultural-Data/political_shading/senatorial_province/roman_senatorial_provinces.geojson;ne-commit:ca96624a56bd078437bca8184e78163e5039ad19;ne-path:geojson/ne_10m_rivers_lake_centerlines.geojson","upstreamFeatureIds":["awmc:province-cell-c0165"],"changes":[{"kind":"polygonize-union","detail":"Polygonized AD 200 province lines with AWMC coastline and empire extent, then unioned cells c0165 by reference towns.","sources":["awmc:roman-empire-ce-200-provinces","awmc:roman-empire-ce-117-extent","awmc:roman-empire-ce-200-extent","awmc:roman-empire-bce-60-extent","awmc:herod-outline","awmc:roman-senatorial-provinces","awmc:shoreline","bib:josephus-jewish-war","bib:strabo-geography"]},{"kind":"reference-towns","detail":"Ephesus(27.342,37.940)=>c0165; Pergamum(27.184,39.133)=>c0165","sources":["awmc:reference-town-point-in-polygon"]}]}}},
{"type":"Feature","geometry":{"type":"Polygon","coordinates":[[[31.472125350490632,40.04027798209905],[31.76257000000078,40.13561],[32.21376625106606,40.23920421601634],[32.38627000000088,40.312159999999494],[32.66054534531186,40.463312311384826],[33.18018999999913,40.84638000000086],[33.40798,40.980139999999665],[33.776700000000346,41.14133000000038],[34.11535999999978,41.27750999999989],[34.64691,41.40968000000066],[34.974019999999655,41.46631999999954],[35.241149999999834,41.44158000000061],[35.54482363816768,41.318230850695706],[35.626231,41.364325],[35.773204,41.376899],[35.846934,41.440863],[35.845876,41.513861],[35.91160215303723,41.618652093595756],[35.88090000000017,41.64450891554037],[35.73905000000019,41.61068891553964],[35.57932805562888,41.616201351680104],[35.543139999999596,41.55860891554033],[35.3395,41.575548915539684],[35.14917000000048,41.64906891553966],[35.064769613118074,41.70840546565603],[34.998729999999284,41.845218915539476],[35.04921,41.956308915539694],[34.905954527325925,42.01654021421532],[34.77292750575569,41.956653158353234],[34.69687999999945,41.87943891553897],[34.47664212277823,41.86936673739166],[34.3962,41.89681891554011],[33.84691000000021,41.906708915539525],[33.74452,41.895528915539956],[33.535640000000114,41.90492891553896],[33.37723999999963,41.935368915539414],[33.225230000000124,41.95139891554004],[33.08312,41.89263891554032],[32.883030000000986,41.83987891553977],[32.52967,41.75700891553964],[32.16900447362633,41.62696005369565],[31.979530000000352,41.510338915539194],[31.740040000000477,41.424318915540255],[31.418183433380108,41.28016631810322],[31.41122,41.214889999999286],[31.340210000000297,41.144930000000386],[31.28630510028567,41.11874111416963],[31.27250363507619,41.06892532033913],[31.180050000000847,41.0427889155398],[30.907090000000437,41.00035891554023],[30.70310000000046,41.00131891553957],[30.580378929358517,41.0380723347875],[30.293090000001143,41.0859389155392],[30.1508900000008,41.131688915540394],[30.066160000000423,41.073358915540496],[29.871429959154057,41.05978707101957],[29.470479999999895,41.092658915540426],[29.27038999999968,41.130538915540285],[29.12017999999989,41.14810891554026],[29.064360000000306,41.099959999999555],[29.0293700000002,41.0322699999997],[29.05030000000079,40.98681000000033],[29.128087544717875,40.92076629732299],[29.28375000000051,40.84435999999914],[29.41022616514195,40.76259605745318],[29.50192000000061,40.77914000000055],[29.612820000000283,40.78219],[29.74921,40.765629999999874],[29.819369999999253,40.73012000000017],[29.55421000000024,40.6872000000003],[29.518260000000737,40.725979999999254],[29.4285,40.6896],[29.34223,40.60811891553914],[29.293330000000424,40.62189891554033],[29.14639,40.57577891553939],[28.892410000000382,40.56523891554002],[28.82889576551796,40.53217369997651],[28.920749999999316,40.471480000000156],[28.971380000000863,40.46158],[29.0881700000009,40.474990000000616],[29.089700000000448,40.41856],[29.052229999999327,40.36343999999917],[28.97401,40.35646000000088],[28.959370584495193,40.30857743216676],[29.10352000000057,40.23834999999963],[29.843829999999798,40.08057999999983],[30.23272999999972,40.0264700000007],[30.518889999999374,40.025330000000395],[31.07054000000062,40.07256000000052],[31.38297000000057,40.0311099999999],[31.472125350490632,40.04027798209905]]]},"properties":{"areaId":"bithynia","provenance":{"dataset":"AWMC geodata","version":"commit:7ecf8bccea2efe1e1e9df2daf6001942de73fb87;paths:Cultural-Data/political_shading/roman_empire_ce_200_provinces/roman_empire_ce_200_provinces.geojson|Physical Data/shoreline/shoreline.geojson|Cultural-Data/political_shading/roman_empire_ce_117_extent/roman_empire_ce_117_extent.geojson|Cultural-Data/political_shading/roman_empire_ce_200_extent/roman_empire_ce_200_extent.geojson|Cultural-Data/political_shading/roman_empire_bce_60/roman_empire_bce_60.geojson|Cultural-Data/political_shading/herod/herods_kingdom.geojson|Cultural-Data/political_shading/senatorial_province/roman_senatorial_provinces.geojson;ne-commit:ca96624a56bd078437bca8184e78163e5039ad19;ne-path:geojson/ne_10m_rivers_lake_centerlines.geojson","upstreamFeatureIds":["awmc:province-cell-c0166"],"changes":[{"kind":"polygonize-union","detail":"Polygonized AD 200 province lines with AWMC coastline and empire extent, then unioned cells c0166 by reference towns.","sources":["awmc:roman-empire-ce-200-provinces","awmc:roman-empire-ce-117-extent","awmc:roman-empire-ce-200-extent","awmc:roman-empire-bce-60-extent","awmc:herod-outline","awmc:roman-senatorial-provinces","awmc:shoreline","bib:josephus-jewish-war","bib:strabo-geography"]},{"kind":"reference-towns","detail":"Nicomedia(29.920,40.770)=>c0166; Nicaea(29.720,40.430)=>c0166","sources":["awmc:reference-town-point-in-polygon"]}]}}},
{"type":"Feature","geometry":{"type":"Polygon","coordinates":[[[39.12981307144709,38.201249601638935],[39.104559999999765,38.237310000000434],[38.93348,38.375700000000506],[38.85728000000017,38.383060000000114],[38.581459999999424,38.456959999999526],[38.40574000000015,38.55018000000018],[38.43464999999924,38.64696999999978],[38.521419999999125,38.72484000000077],[38.578135943892704,38.733391703912794],[38.83839070913917,38.85517588457396],[38.835886682287295,38.886445390890515],[38.76282999999967,39.12774],[38.535614424547376,39.28288873746499],[38.420749999999316,39.3431700000001],[38.414310000000114,39.41628999999921],[38.60089932008723,39.45752338765619],[39.11925559809727,39.601216757720515],[39.48011000000042,39.66831],[39.72456166411357,39.83261389560229],[39.81214,39.9651300000005],[39.95506000000023,40.10646000000088],[40.28939,40.374260000000504],[40.53825252953337,40.48876545793538],[40.81830572224218,40.774299324814486],[40.78327,40.788549999999304],[40.41437000000042,40.85197],[40.4947200000006,41.021419999999125],[40.40744000000086,41.01876000000084],[40.2259099999992,40.92439000000013],[40.13602,40.90913999999975],[39.98650000000089,40.9635],[39.879360000000815,40.95072000000073],[39.760449999999764,41.00576],[39.662169999999605,40.99438999999984],[39.5679999999993,41.02658],[39.49142000000029,41.089280000000144],[39.41911000000073,41.10563999999977],[39.332469999999375,41.06175000000076],[39.263049999999566,41.04680999999982],[39.16051999999945,41.077149999999165],[39.11593999999968,41.04932999999983],[39.0251700000008,41.030800000000454],[38.91836999999941,41.0357299999996],[38.794449999999415,40.99939000000086],[38.71908000000076,40.94954999999936],[38.62966000000051,40.971009999999296],[38.54461000000083,40.92019000000073],[38.35495000000083,40.90875000000051],[38.28722000000016,40.94474000000082],[38.201419999999416,40.937369999999646],[38.000309999999445,40.980170000000726],[37.87800000000061,40.98921999999948],[37.81142,41.02377999999953],[37.75554999999986,41.11946999999964],[37.661,41.12250999999924],[37.58658,41.03404000000046],[37.53911999999946,41.02075],[37.483720000000176,41.04828000000089],[37.42425999999978,40.95508999999947],[37.12663000000066,40.76217891553989],[36.579655489792,40.87871303505477],[36.0863388244677,41.0475782495716],[35.877730000000156,40.99008999999933],[35.20563000000038,40.98590999999942],[34.85544666755441,40.92852632669179],[34.779309999999896,40.916049999999814],[34.351699999999255,40.86638999999923],[33.91691,40.78013],[33.32329000000027,40.58466000000044],[32.66577999999936,40.342319999999745],[32.343094049129846,40.26791702846546],[32.274010000001056,40.22619891553944],[32.01449333856016,40.116443379158284],[31.692306992033046,40.02484439695069],[31.70452,39.796510000000126],[31.64169000000038,39.43470999999954],[31.677949999999328,39.31927999999971],[31.657509999999093,39.23522000000048],[31.70829000000049,39.04543999999987],[31.73577,38.861360000000786],[31.71796252015805,38.55651760612987],[32.19966000000022,38.421870000000126],[32.34087023214329,38.3657299130478],[32.6595899999993,38.25326999999925],[32.773590000000695,38.1596499999996],[32.93449999999939,38.04443],[33.011459999999715,37.89733999999953],[33.06472000000031,37.82551000000058],[33.1268799999998,37.7914],[33.37752,37.72467999999935],[33.634799999999814,37.709570000000895],[34.36037000000033,37.59653000000071],[34.67787999999928,37.50692999999956],[34.942339999999604,37.5262500000008],[35.0928803252799,37.498038267183084],[35.21710999999959,37.50440999999955],[35.43477138628564,37.49141839044473],[36.04975000000013,37.44742000000042],[36.35478999999941,37.335479999999734],[36.73667099545564,37.11007925970072],[36.75392590716529,37.09989475217239],[37.0014599999995,37.28737999999976],[37.42406999999912,37.55609999999979],[37.611839999999575,37.688239999999496],[37.73338,37.78390000000036],[37.85916,37.8396300000004],[38.08568000000014,37.90106999999989],[38.32485000000088,37.93862000000081],[38.65627999999924,37.96429999999964],[38.8721800000003,38.04721000000063],[39.12981307144709,38.201249601638935]],[[34.185615610801804,38.97959888494273],[34.6,38.95],[35.22149547254749,38.86980703580033],[35.047944,38.770209],[34.905365,38.738959],[34.807384,38.752143],[34.726492,38.780707],[34.634288,38.773708],[34.529226,38.82807],[34.368744,38.863227],[34.317149,38.908393],[34.185615610801804,38.97959888494273]]]},"properties":{"areaId":"cappadocia-pontus-east","provenance":{"dataset":"AWMC geodata","version":"commit:7ecf8bccea2efe1e1e9df2daf6001942de73fb87;paths:Cultural-Data/political_shading/roman_empire_ce_200_provinces/roman_empire_ce_200_provinces.geojson|Physical Data/shoreline/shoreline.geojson|Cultural-Data/political_shading/roman_empire_ce_117_extent/roman_empire_ce_117_extent.geojson|Cultural-Data/political_shading/roman_empire_ce_200_extent/roman_empire_ce_200_extent.geojson|Cultural-Data/political_shading/roman_empire_bce_60/roman_empire_bce_60.geojson|Cultural-Data/political_shading/herod/herods_kingdom.geojson|Cultural-Data/political_shading/senatorial_province/roman_senatorial_provinces.geojson;ne-commit:ca96624a56bd078437bca8184e78163e5039ad19;ne-path:geojson/ne_10m_rivers_lake_centerlines.geojson","upstreamFeatureIds":["awmc:province-cell-c0178"],"changes":[{"kind":"polygonize-union","detail":"Polygonized AD 200 province lines with AWMC coastline and empire extent, then unioned cells c0178 by reference towns.","sources":["awmc:roman-empire-ce-200-provinces","awmc:roman-empire-ce-117-extent","awmc:roman-empire-ce-200-extent","awmc:roman-empire-bce-60-extent","awmc:herod-outline","awmc:roman-senatorial-provinces","awmc:shoreline","bib:josephus-jewish-war","bib:strabo-geography"]},{"kind":"reference-towns","detail":"Caesarea Mazaca(35.490,38.730)=>c0178; Trapezus(39.720,41.000)=>c0178","sources":["awmc:reference-town-point-in-polygon"]}]}}},
{"type":"Feature","geometry":{"type":"Polygon","coordinates":[[[36.73380789938732,37.085940392484275],[36.75392590716529,37.09989475217239],[36.73667099545564,37.11007925970072],[36.35478999999941,37.335479999999734],[36.04975000000013,37.44742000000042],[35.43477138628564,37.49141839044473],[35.21710999999959,37.50440999999955],[35.0928803252799,37.498038267183084],[34.82717000000048,37.484409999999116],[34.35815999999977,37.39055999999982],[33.679729999999836,37.35218999999961],[33.51064000000042,37.398150000000896],[33.34756000000016,37.235319999999774],[33.12217000000055,37.20181000000048],[32.80555,37.17308000000048],[32.53958000000057,37.036630000000514],[32.232679999999164,36.910320000000866],[32.1300599999995,36.76865999999973],[31.964971415024262,36.71192789088507],[32.00221000000056,36.54449000000022],[32.087209999999686,36.494051089008416],[32.16813999999977,36.41567000000032],[32.198629232952044,36.36621078755267],[32.27160999999978,36.30308999999943],[32.297120977252426,36.253112758570246],[32.37732574034165,36.18290810867905],[32.467095957781034,36.13503124746186],[32.60096995137897,36.08406810129226],[32.77052901152454,36.03823093046966],[32.88630000000012,36.080149999999776],[33.02075999999943,36.101479999999356],[33.08013000000028,36.08056000000033],[33.12853,36.13225000000057],[33.30333000000064,36.13134999999966],[33.3359,36.15048000000024],[33.41150000000016,36.13673000000017],[33.473949999999604,36.15825000000041],[33.56765917623059,36.134631863892594],[33.592570000000705,36.176470000000336],[33.64785,36.192909999999756],[33.69191121525245,36.16436187388587],[33.79515999999967,36.229960000000574],[33.86955999999918,36.31721],[33.99323,36.29636000000028],[34.080519999999524,36.33394000000044],[34.078129999999874,36.40834],[34.22632999999951,36.526669999999285],[34.25203,36.562229999999545],[34.3685600000008,36.64111000000048],[34.42144999999982,36.66172999999981],[34.57802000000083,36.7746700000007],[34.65374999999949,36.805169999999634],[34.79694000000018,36.820809999999256],[34.93382053154146,36.78969562826741],[34.993389999999636,36.78917],[35.114354352677324,36.73716963863565],[35.22257,36.704460000000836],[35.29856,36.663329999999405],[35.34793999999965,36.612919999999576],[35.35763816733482,36.57080308333926],[35.43159999999989,36.59268999999949],[35.53161,36.5932499999999],[35.576959512338675,36.638887131631385],[35.57774000000063,36.69699000000037],[35.670249999999214,36.76687999999922],[35.777736521799156,36.76779942643169],[35.844460000000254,36.798979999999574],[35.91952999999921,36.874550000000454],[36.00456999999915,36.930780000000595],[36.18337000000065,36.93354],[36.33431000000019,36.95802999999978],[36.43858,36.98756999999932],[36.62766051840225,37.01231388082542],[36.73380789938732,37.085940392484275]]]},"properties":{"areaId":"cilicia","provenance":{"dataset":"AWMC geodata","version":"commit:7ecf8bccea2efe1e1e9df2daf6001942de73fb87;paths:Cultural-Data/political_shading/roman_empire_ce_200_provinces/roman_empire_ce_200_provinces.geojson|Physical Data/shoreline/shoreline.geojson|Cultural-Data/political_shading/roman_empire_ce_117_extent/roman_empire_ce_117_extent.geojson|Cultural-Data/political_shading/roman_empire_ce_200_extent/roman_empire_ce_200_extent.geojson|Cultural-Data/political_shading/roman_empire_bce_60/roman_empire_bce_60.geojson|Cultural-Data/political_shading/herod/herods_kingdom.geojson|Cultural-Data/political_shading/senatorial_province/roman_senatorial_provinces.geojson;ne-commit:ca96624a56bd078437bca8184e78163e5039ad19;ne-path:geojson/ne_10m_rivers_lake_centerlines.geojson","upstreamFeatureIds":["awmc:province-cell-c0228"],"changes":[{"kind":"polygonize-union","detail":"Polygonized AD 200 province lines with AWMC coastline and empire extent, then unioned cells c0228 by reference towns.","sources":["awmc:roman-empire-ce-200-provinces","awmc:roman-empire-ce-117-extent","awmc:roman-empire-ce-200-extent","awmc:roman-empire-bce-60-extent","awmc:herod-outline","awmc:roman-senatorial-provinces","awmc:shoreline","bib:josephus-jewish-war","bib:strabo-geography"]},{"kind":"reference-towns","detail":"Tarsus(34.896,36.914)=>c0228","sources":["awmc:reference-town-point-in-polygon"]}]}}},
{"type":"Feature","geometry":{"type":"Polygon","coordinates":[[[31.964971415024262,36.71192789088507],[31.750039566503357,36.63538905866608],[31.814700000000812,36.594199999999546],[31.950979999999618,36.56624000000011],[32.00221000000056,36.54449000000022],[31.964971415024262,36.71192789088507]]]},"properties":{"areaId":"cilicia-tracheia","provenance":{"dataset":"AWMC geodata","version":"commit:7ecf8bccea2efe1e1e9df2daf6001942de73fb87;paths:Cultural-Data/political_shading/roman_empire_ce_200_provinces/roman_empire_ce_200_provinces.geojson|Physical Data/shoreline/shoreline.geojson|Cultural-Data/political_shading/roman_empire_ce_117_extent/roman_empire_ce_117_extent.geojson|Cultural-Data/political_shading/roman_empire_ce_200_extent/roman_empire_ce_200_extent.geojson|Cultural-Data/political_shading/roman_empire_bce_60/roman_empire_bce_60.geojson|Cultural-Data/political_shading/herod/herods_kingdom.geojson|Cultural-Data/political_shading/senatorial_province/roman_senatorial_provinces.geojson;ne-commit:ca96624a56bd078437bca8184e78163e5039ad19;ne-path:geojson/ne_10m_rivers_lake_centerlines.geojson","upstreamFeatureIds":["awmc:province-cell-c0231"],"changes":[{"kind":"polygonize-union","detail":"Polygonized AD 200 province lines with AWMC coastline and empire extent, then unioned cells c0231 by reference towns.","sources":["awmc:roman-empire-ce-200-provinces","awmc:roman-empire-ce-117-extent","awmc:roman-empire-ce-200-extent","awmc:roman-empire-bce-60-extent","awmc:herod-outline","awmc:roman-senatorial-provinces","awmc:shoreline","bib:josephus-jewish-war","bib:strabo-geography"]},{"kind":"reference-towns","detail":"Coracesium(32.000,36.550)=>c0231","sources":["awmc:reference-town-point-in-polygon"]}]}}},
{"type":"Feature","geometry":{"type":"Polygon","coordinates":[[[36.75392590716529,37.09989475217239],[36.73380789938732,37.085940392484275],[36.712866369119084,37.02313919395431],[36.93406,37.05077999999958],[37.16899999999987,37.0600400000003],[37.32282999999916,37.10296000000017],[37.55721000000085,37.112849999999526],[37.8085200000005,37.09408000000076],[37.95814000000064,37.01519],[38.010519999999815,36.87227999999959],[38.02233999999953,36.722820000000866],[38.16121000000021,36.636459999999715],[38.13342999999986,36.753640000000814],[38.019210000000385,36.91431999999986],[37.99044,37.029130000000805],[37.904350000000704,37.07495000000017],[37.852240000000165,37.14466],[37.88721000000078,37.25614999999925],[37.94889999999941,37.37656000000061],[38.23727999999937,37.42252],[38.50423000000046,37.51015],[38.64594000000034,37.56869],[38.84734000000026,37.57163000000037],[38.95434000000023,37.73008999999911],[39.01072000000022,37.83499],[39.09596568928411,37.90256824531703],[39.028014798146366,37.91559466042298],[39.09108000000015,37.997009999999136],[39.137915106810404,38.00393369366546],[39.25287355876531,38.096338516110436],[39.19166611509721,38.18008593919261],[39.12981307144709,38.201249601638935],[38.8721800000003,38.04721000000063],[38.65627999999924,37.96429999999964],[38.32485000000088,37.93862000000081],[38.08568000000014,37.90106999999989],[37.85916,37.8396300000004],[37.73338,37.78390000000036],[37.611839999999575,37.688239999999496],[37.42406999999912,37.55609999999979],[37.0014599999995,37.28737999999976],[36.75392590716529,37.09989475217239]]]},"properties":{"areaId":"commagene","provenance":{"dataset":"AWMC geodata","version":"commit:7ecf8bccea2efe1e1e9df2daf6001942de73fb87;paths:Cultural-Data/political_shading/roman_empire_ce_200_provinces/roman_empire_ce_200_provinces.geojson|Physical Data/shoreline/shoreline.geojson|Cultural-Data/political_shading/roman_empire_ce_117_extent/roman_empire_ce_117_extent.geojson|Cultural-Data/political_shading/roman_empire_ce_200_extent/roman_empire_ce_200_extent.geojson|Cultural-Data/political_shading/roman_empire_bce_60/roman_empire_bce_60.geojson|Cultural-Data/political_shading/herod/herods_kingdom.geojson|Cultural-Data/political_shading/senatorial_province/roman_senatorial_provinces.geojson;ne-commit:ca96624a56bd078437bca8184e78163e5039ad19;ne-path:geojson/ne_10m_rivers_lake_centerlines.geojson","upstreamFeatureIds":["awmc:province-cell-c0202"],"changes":[{"kind":"polygonize-union","detail":"Polygonized AD 200 province lines with AWMC coastline and empire extent, then unioned cells c0202 by reference towns.","sources":["awmc:roman-empire-ce-200-provinces","awmc:roman-empire-ce-117-extent","awmc:roman-empire-ce-200-extent","awmc:roman-empire-bce-60-extent","awmc:herod-outline","awmc:roman-senatorial-provinces","awmc:shoreline","bib:josephus-jewish-war","bib:strabo-geography"]},{"kind":"reference-towns","detail":"Samosata(38.606,37.580)=>c0202","sources":["awmc:reference-town-point-in-polygon"]}]}}},
{"type":"Feature","geometry":{"type":"MultiPolygon","coordinates":[[[[23.8399100000006,35.529099999999744],[23.77957000000066,35.55039000000039],[23.777869999999893,35.592249999999694],[23.731229999999414,35.67494000000079],[23.717609999999752,35.50792999999982],[23.65781000000061,35.4974299999995],[23.569760000000258,35.524620000000255],[23.536222763806443,35.27547667428778],[23.626640913498804,35.23293317801924],[23.80290892842682,35.24221219940841],[23.997629999999845,35.225350000000674],[24.05431974842927,35.19393004726503],[24.207889999999736,35.198889999999665],[24.277102302857816,35.17790502552028],[24.383250000000885,35.1941599999991],[24.465809999999692,35.147720000000845],[24.527749999999287,35.13921999999923],[24.59541999999965,35.099949999999865],[24.69686,35.098280000000216],[24.747989999999845,35.07217999999932],[24.74757999999929,34.97401999999977],[24.788909999999305,34.92986000000019],[25.01683000000054,34.9285],[25.1862546297202,34.950841215636],[25.38067000000052,34.998659999999404],[25.552454154997253,34.98972173435821],[25.59626000000037,35.007960000000764],[25.707909999999174,35.01521],[25.810509999999397,35.00401000000056],[25.9320399999998,35.033289999999454],[26.073969999999463,35.0220000000009],[26.11737,34.99547],[26.21055338670731,35.02798485150358],[26.266975841432114,35.082145651006925],[26.29419872881898,35.19178339279832],[26.27036235669634,35.20904060736052],[26.136630000000935,35.19636999999972],[26.057494318584688,35.23480547698586],[25.95399,35.1849500000007],[25.907218793860032,35.18431120613996],[25.810820000000604,35.11006000000094],[25.733910000000833,35.1285900000002],[25.712630000000104,35.16652000000062],[25.752869701288713,35.29211557139153],[25.665750000000116,35.346120000000155],[25.504829999999856,35.298500000000786],[25.423590000000274,35.297119999999325],[25.357340000000477,35.336960000000545],[25.238660000001005,35.33192000000065],[25.05211000000054,35.34216000000026],[24.998349999999846,35.41686],[24.84530000000086,35.40368999999919],[24.736218954814408,35.425951129846325],[24.64576,35.420280000000275],[24.58259,35.382830000000524],[24.445997824851208,35.37131573586256],[24.345799999999144,35.351049999999304],[24.26471999999933,35.36101000000059],[24.26658081967745,35.405836790677974],[24.2222068700936,35.46347153226511],[24.16882000000072,35.49532],[24.198792532898096,35.546629908527265],[24.164570000000822,35.59144000000015],[24.07144999999946,35.58266],[24.04612000000094,35.52398999999974],[23.993860000000552,35.512399999999616],[23.8399100000006,35.529099999999744]]],[[[22.84545000000071,32.669599999999264],[22.557440000000497,32.80189000000064],[22.29736875342243,32.87201616298514],[22.211310000000594,32.87583000000086],[22.17180248536839,32.90051120262051],[22.069179863225536,32.91153163761896],[21.92819000000054,32.89420000000064],[21.870333528008132,32.90236761925044],[21.562552848820438,32.87344421160692],[21.440559999999095,32.79638999999952],[21.36772000000019,32.7751700000008],[21.109669999999824,32.77075999999943],[20.94347000000016,32.7140500000005],[20.900050000000192,32.6820800000005],[20.686110000000554,32.5983899999992],[20.54472,32.529889999999796],[20.37482000000091,32.418439999999464],[20.271006971259638,32.33299975302872],[20.085429390072278,32.15189806897541],[20.03461000000061,32.06406000000061],[19.984952604536502,32.01502668774501],[19.925543106282277,31.83156171711628],[19.99234861005162,31.486957433484307],[20.062629512588423,31.354939493939124],[20.096999999999753,31.325109999999768],[20.150439999999435,31.23725000000013],[20.173940000000584,31.172029999999722],[20.159970000000612,31.05406000000039],[20.12007814705092,30.96689395739167],[20.139639999999417,30.923720000000685],[20.56167,30.8709400000007],[21.022399999999834,30.815969999999652],[21.243389999999636,30.793949999999313],[21.5274100000006,30.80464000000029],[21.70184,30.80272999999943],[21.821780000000217,30.810009999999238],[21.98094999999921,30.839099999999235],[22.3449,30.937850000000253],[22.499190000000453,31.002510000000257],[22.63861999999972,31.08455999999933],[22.770049903647678,31.197966422498126],[22.835706499675997,32.46450048325639],[22.84545000000071,32.669599999999264]]]]},"properties":{"areaId":"crete-cyrene","provenance":{"dataset":"AWMC geodata","version":"commit:7ecf8bccea2efe1e1e9df2daf6001942de73fb87;paths:Cultural-Data/political_shading/roman_empire_ce_200_provinces/roman_empire_ce_200_provinces.geojson|Physical Data/shoreline/shoreline.geojson|Cultural-Data/political_shading/roman_empire_ce_117_extent/roman_empire_ce_117_extent.geojson|Cultural-Data/political_shading/roman_empire_ce_200_extent/roman_empire_ce_200_extent.geojson|Cultural-Data/political_shading/roman_empire_bce_60/roman_empire_bce_60.geojson|Cultural-Data/political_shading/herod/herods_kingdom.geojson|Cultural-Data/political_shading/senatorial_province/roman_senatorial_provinces.geojson;ne-commit:ca96624a56bd078437bca8184e78163e5039ad19;ne-path:geojson/ne_10m_rivers_lake_centerlines.geojson","upstreamFeatureIds":["awmc:province-cell-c0564","awmc:province-cell-c0302"],"changes":[{"kind":"polygonize-union","detail":"Polygonized AD 200 province lines with AWMC coastline and empire extent, then unioned cells c0564, c0302 by reference towns.","sources":["awmc:roman-empire-ce-200-provinces","awmc:roman-empire-ce-117-extent","awmc:roman-empire-ce-200-extent","awmc:roman-empire-bce-60-extent","awmc:herod-outline","awmc:roman-senatorial-provinces","awmc:shoreline","bib:josephus-jewish-war","bib:strabo-geography"]},{"kind":"reference-towns","detail":"Crete(24.893,35.310)=>c0564; Cyrene(21.860,32.830)=>c0302","sources":["awmc:reference-town-point-in-polygon"]}]}}},
{"type":"Feature","geometry":{"type":"Polygon","coordinates":[[[32.502009609747866,34.70577725466494],[32.424660000000586,34.748970000000554],[32.4358,34.73603],[32.45158000000089,34.733529999999575],[32.47207,34.7206299999998],[32.48014999999941,34.7102500000002],[32.502009609747866,34.70577725466494]]]},"properties":{"areaId":"cyprus","provenance":{"dataset":"AWMC geodata","version":"commit:7ecf8bccea2efe1e1e9df2daf6001942de73fb87;paths:Cultural-Data/political_shading/roman_empire_ce_200_provinces/roman_empire_ce_200_provinces.geojson|Physical Data/shoreline/shoreline.geojson|Cultural-Data/political_shading/roman_empire_ce_117_extent/roman_empire_ce_117_extent.geojson|Cultural-Data/political_shading/roman_empire_ce_200_extent/roman_empire_ce_200_extent.geojson|Cultural-Data/political_shading/roman_empire_bce_60/roman_empire_bce_60.geojson|Cultural-Data/political_shading/herod/herods_kingdom.geojson|Cultural-Data/political_shading/senatorial_province/roman_senatorial_provinces.geojson;ne-commit:ca96624a56bd078437bca8184e78163e5039ad19;ne-path:geojson/ne_10m_rivers_lake_centerlines.geojson","upstreamFeatureIds":["awmc:province-cell-c1141"],"changes":[{"kind":"polygonize-union","detail":"Polygonized AD 200 province lines with AWMC coastline and empire extent, then unioned cells c1141 by reference towns.","sources":["awmc:roman-empire-ce-200-provinces","awmc:roman-empire-ce-117-extent","awmc:roman-empire-ce-200-extent","awmc:roman-empire-bce-60-extent","awmc:herod-outline","awmc:roman-senatorial-provinces","awmc:shoreline","bib:josephus-jewish-war","bib:strabo-geography"]},{"kind":"reference-towns","detail":"Paphos(32.407,34.757)=>c1141","sources":["awmc:reference-town-point-in-polygon"]}]}}},
{"type":"Feature","geometry":{"type":"Polygon","coordinates":[[[33.85232814522404,31.155986705604374],[33.743609999999535,31.129699999999502],[33.598040000000765,31.10726000000068],[33.441469999999754,31.13608000000022],[33.32577999999921,31.0580800000007],[33.28994000000057,31.09194000000025],[33.15947000000051,31.041080000000875],[33.11953,31.08972],[33.09082344258509,31.181553998940068],[33.01590000000033,31.12832999999955],[32.974239999999554,31.074000000000524],[32.863139999999476,31.08511],[32.78339000000051,31.04255000000012],[32.56859000000077,31.059450000000652],[32.42480000000069,31.193100000000413],[32.333590000000186,31.247219999999288],[32.207249999999476,31.283849999999802],[32.04449000000022,31.370709999999235],[31.970219999999244,31.459310000000187],[31.94633000000067,31.50796000000082],[31.887580000000526,31.52722],[31.668110000000524,31.453550000000178],[31.603610000000117,31.440969999999652],[31.48706999999922,31.457790000000386],[31.27868,31.552840000000288],[31.179190000000744,31.584689999999682],[31.074220000000423,31.588959999999133],[31.076349535061553,31.553703585643316],[31.14703,31.51642],[31.105219999999463,31.48152999999911],[31.070330000000467,31.514059999999517],[31.022800000000643,31.503140000000712],[30.996279999999388,31.4555],[30.90575230905418,31.418436030430765],[30.796829999999318,31.431979999999385],[30.753629999999248,31.402490000000398],[30.604530000000523,31.384749999999258],[30.554449999999633,31.422029999999722],[30.38422,31.45636999999988],[30.351561955275717,31.432717329734423],[30.313249999999243,31.350720000000365],[30.221449999999095,31.279319999999643],[30.121390000000247,31.27419],[30.10491,31.325349999999162],[30.05297000000064,31.305560000000696],[29.957479999999123,31.230830000000424],[29.882946357721003,31.19529974455438],[29.82625,31.137329999999565],[29.75252999999975,31.10479999999916],[29.5046399999992,30.942259999999806],[29.278220000000147,30.848690000000715],[29.09872,30.813720000000103],[29.032670000000508,30.82093999999961],[28.953190000000177,30.851199999999153],[28.852890000000116,30.909859999999753],[28.829509999999573,30.941039999999703],[28.74229688615535,30.98473648906805],[28.611080000000584,31.016359999999622],[28.594059999999445,31.034519999999247],[28.448669999999765,31.07719999999972],[28.29157,31.061030000000756],[28.15708000000086,31.0936099999999],[27.951170000000275,31.092280000000756],[27.901060000000143,31.112390000000232],[27.867968819361064,31.231457893978558],[27.780699999999342,31.19724],[27.65316999999959,31.178830000000744],[27.54133,31.20767],[27.443450000000666,31.2163],[27.40432999999939,31.24232999999913],[27.344134231826416,31.36976217719665],[27.180770000000848,31.361440000000584],[27.071579999999813,31.387000000000626],[26.972089999999298,31.438710000000356],[26.923940000000584,31.42186000000038],[26.82373,31.442960000000312],[26.7789660251858,31.470414324267733],[26.625899999999092,31.4753],[26.457189999999173,31.509749999999258],[26.337799999999334,31.52353000000039],[26.088949999999386,31.594059999999445],[25.91661000000022,31.62658999999985],[25.818789999999353,31.613929999999527],[25.604059999999663,31.540419999999358],[25.394829999999274,31.50380000000041],[25.226689999999508,31.514359999999215],[25.179330000000846,31.568499999999403],[25.14502999999968,31.639440000000832],[25.12807355523269,31.722733520274147],[25.05825999999979,31.80163],[25.0311099999999,31.856560000000172],[25.032423312373652,31.935855144145396],[24.953670000000784,31.972750000000815],[24.88061000000016,31.977530000000115],[24.758819999999105,32.02133],[24.670028215152314,32.02330737191724],[24.53017,31.98113999999987],[24.50525000000016,31.99228000000039],[24.2969635412367,31.996869188625503],[24.20039,31.986940000000686],[24.099420000000464,32.00268],[23.98496999999952,32.0653199999997],[23.97030000000086,32.086999999999534],[23.71647,32.16691],[23.48989000000074,32.16965999999957],[23.505639999999403,32.07238999999936],[23.41266,31.90128],[23.14937,31.554340000000593],[22.99533,31.422529999999824],[22.84523000000081,31.24287],[22.775698546509002,31.20134024462403],[22.649282891973087,28.868337063767854],[20.241835592447092,28.720186460720118],[20.670780000000377,28.712530000000697],[21.408620000000155,28.782390000000305],[22.206640000000334,28.772619999999733],[22.636130000000776,28.856330000000526],[23.237709999999424,28.824210000000676],[23.984049999999115,28.78404000000046],[24.537290000000212,28.750500000000102],[25.431930000000648,28.71284999999989],[26.10529999999926,28.66675000000032],[27.05507000000034,28.643],[27.662720000000263,28.619339999999283],[28.57561,28.542160000000877],[29.156450000000405,28.42605999999978],[29.555959999999686,28.28492],[30.012210000000778,28.01807],[30.258819999999105,27.19318000000021],[30.40618,26.67771999999968],[30.54337999999916,26.360280000000785],[30.784890000000814,25.928620000000592],[30.97968000000037,25.509389999999257],[31.113690000000133,25.12846],[31.31895000000077,24.68514999999934],[31.506719999999405,24.268270000000484],[31.711919999999736,23.91059999999925],[31.92153,23.572720000000118],[32.17660000000069,23.306329999999434],[32.511749999999665,23.14289],[32.7710079088656,23.02257195528218],[33.142370637704374,22.903929237648995],[33.21865000000071,22.92743999999948],[33.37105999999949,23.02958000000035],[33.601699999999255,23.342790000000605],[33.874180000000706,24.07469999999921],[33.928970000000845,24.533330000000205],[33.98538,25.058419999999387],[34.03814000000057,25.25952999999936],[34.200549999999566,25.99515000000065],[34.193999999999505,26.015760000000228],[34.21416182755606,26.236221819144173],[34.16750999999931,26.339270000000397],[34.10820000000058,26.41306000000077],[34.07097000000067,26.516970000000583],[34.018379999999524,26.607640000000174],[33.93535999999949,26.675890000000436],[33.93769000000066,26.788469999999506],[33.97808987353389,26.89792620122592],[33.93585999999959,26.94261],[33.90414167042886,27.047741670428707],[33.83274999999958,27.11053],[33.84246455501872,27.219202978385677],[33.81945000000087,27.25980999999956],[33.69715999999971,27.335160000000542],[33.67732000000069,27.419990000000325],[33.6262928079045,27.485308288985244],[33.56308,27.524789999999484],[33.54073497515473,27.613145024845114],[33.50210999999945,27.659970000000612],[33.55008000000089,27.725360000000364],[33.47243999999955,27.813599999999497],[33.54101593129257,27.80954349772062],[33.57402,27.841150000000198],[33.533150714174226,27.927163192811925],[33.47819999999956,27.991389999999228],[33.407530000000406,28.034719999999652],[33.37836000000061,28.030389999999898],[33.24383610742823,28.165960333602055],[33.12800000000061,28.292059999999765],[33.11368094498036,28.33526283673924],[33.05320000000029,28.4038],[33.02454000000034,28.45955999999933],[32.91977995949372,28.55436378280773],[32.86614,28.571169999999256],[32.85385999999926,28.650190000000293],[32.79958000000079,28.784279999999853],[32.75274999999965,28.80175000000054],[32.67881272683792,28.891044835533055],[32.62010999999984,28.980830000000424],[32.62393999999949,29.053970000000845],[32.6502500000006,29.10995],[32.64753000000019,29.173640000000887],[32.56528000000071,29.38422],[32.44419000000016,29.48686000000089],[32.37357999999949,29.534030000000712],[32.34164000000055,29.59556],[32.361000000000786,29.680500000000393],[32.41611000000012,29.75883000000067],[32.49083000000064,29.83357000000069],[32.45852999999988,29.88947],[32.48725999999988,29.943610000000263],[32.561139999999796,29.95846999999958],[32.579250000000684,29.91561],[32.63492000000042,29.86186000000089],[32.61441137407856,29.824308051467966],[32.69702999999936,29.729],[32.67807999999968,29.657670000000508],[32.68780599133931,29.606158891374193],[32.725609999999506,29.54402999999911],[32.73573000000033,29.466379999999845],[32.783620000000155,29.445700000000215],[32.82440999999926,29.35497000000032],[32.879929536084205,29.264197806188943],[32.98846000000049,29.17273000000023],[33.07611,29.084829999999783],[33.099449999999706,29.045280000000275],[33.17902999999933,29.000640000000203],[33.18783000000076,28.927009999999427],[33.17182999999932,28.85649999999987],[33.22953000000052,28.764170000000377],[33.201164404847674,28.679037163290786],[33.22242,28.594429999999193],[33.263919999999416,28.566469999999754],[33.287879534171665,28.50906746686018],[33.36571999999978,28.45339000000058],[33.4330800000007,28.364779999999882],[33.56414000000041,28.29169],[33.624381241561345,28.197019412306897],[33.71623999999974,28.079040000000532],[33.788109999999506,28.00988999999936],[33.88869066027195,27.93429946734137],[33.988719999999375,27.88393999999971],[34.05969999999979,27.80999999999949],[34.193779999999606,27.78208000000086],[34.24535243602552,27.78651092283547],[34.27621999999974,27.83553000000029],[34.395803901703424,27.95447436367818],[34.41755000000012,28.00367],[34.40985,28.053289999999834],[34.42992000000049,28.153109999999288],[34.406339999999545,28.198309999999765],[34.39199,28.299689999999828],[34.4573,28.440440000000308],[34.50480076510674,28.475206862272874],[34.51966,28.55285],[34.57143054783177,28.621218798229034],[34.620530000000144,28.721929999999702],[34.626140000000305,28.840280000000348],[34.644099999999526,28.87286999999924],[34.66382999999951,29.042359999999462],[34.69802999999956,29.165859999999157],[34.74138999999923,29.21841999999924],[34.73410999999942,29.2498599999999],[34.78393999999935,29.367640000000392],[34.95586,29.54903000000013],[35.0027599999994,29.53867],[34.944250000000466,29.174800000000687],[34.84129613249923,28.87236374243172],[34.78084537801903,28.65751905921751],[34.814039999999295,28.538950000000114],[34.79355000000032,28.439410000000862],[34.70991999999933,28.30703],[34.6405,28.178389999999126],[34.610629309326534,28.14410154320767],[34.65093999999954,28.093000000000757],[34.7148300000008,28.146740000000136],[34.76385999999911,28.095900000000256],[34.83545000000049,28.115250000000742],[34.89413000000059,28.098410000000513],[35.03399,28.124110000000655],[35.1036785641947,28.08030402031635],[35.18663000000015,28.083629999999175],[35.18854717730612,27.99429768590126],[35.23429619052874,27.964347713940043],[35.28609999999935,27.96299],[35.32407679316651,27.877186471691086],[35.39208999999937,27.787109999999302],[35.89546999999948,27.7792900000004],[36.14590382384971,27.842252663373866],[36.16512999999941,27.874439999999595],[36.02975999999944,28.141830000000482],[35.97903000000042,28.39856999999938],[35.978909999999814,28.727709999999206],[35.89338999999927,29.166110000000117],[35.88635656231121,29.230615021072474],[35.2,30.1],[34.4,30.8],[33.85232814522404,31.155986705604374]]]},"properties":{"areaId":"egypt","provenance":{"dataset":"AWMC geodata","version":"commit:7ecf8bccea2efe1e1e9df2daf6001942de73fb87;paths:Cultural-Data/political_shading/roman_empire_ce_200_provinces/roman_empire_ce_200_provinces.geojson|Physical Data/shoreline/shoreline.geojson|Cultural-Data/political_shading/roman_empire_ce_117_extent/roman_empire_ce_117_extent.geojson|Cultural-Data/political_shading/roman_empire_ce_200_extent/roman_empire_ce_200_extent.geojson|Cultural-Data/political_shading/roman_empire_bce_60/roman_empire_bce_60.geojson|Cultural-Data/political_shading/herod/herods_kingdom.geojson|Cultural-Data/political_shading/senatorial_province/roman_senatorial_provinces.geojson;ne-commit:ca96624a56bd078437bca8184e78163e5039ad19;ne-path:geojson/ne_10m_rivers_lake_centerlines.geojson","upstreamFeatureIds":["awmc:province-cell-c0300"],"changes":[{"kind":"polygonize-union","detail":"Polygonized AD 200 province lines with AWMC coastline and empire extent, then unioned cells c0300 by reference towns.","sources":["awmc:roman-empire-ce-200-provinces","awmc:roman-empire-ce-117-extent","awmc:roman-empire-ce-200-extent","awmc:roman-empire-bce-60-extent","awmc:herod-outline","awmc:roman-senatorial-provinces","awmc:shoreline","bib:josephus-jewish-war","bib:strabo-geography"]},{"kind":"reference-towns","detail":"Alexandria(29.900,31.200)=>c0300","sources":["awmc:reference-town-point-in-polygon"]}]}}},
{"type":"Feature","geometry":{"type":"Polygon","coordinates":[[[30.510514697442876,38.306394956587845],[30.733341453293658,38.06283781752043],[30.936320000000705,38.09108000000015],[31.25416000000041,38.01512],[31.45281000000068,37.88854],[31.832060000000638,37.657750000000306],[31.95269945172755,37.56181305596919],[32.1142,37.5957099999996],[32.52102245492054,37.72366565757799],[32.75994,37.85433431978629],[32.54285999999962,38.253014319784654],[32.10895999999963,38.339864319786216],[31.900550000000408,38.30057431978554],[31.6900694387637,38.30679179013971],[31.66051999999945,38.24825000000055],[31.531800000000658,38.19475000000057],[31.384330000000773,38.23055000000022],[31.07791,38.37826999999925],[30.977890000000116,38.433789999999135],[30.7762500000008,38.470579999999245],[30.675310000000536,38.4425],[30.56413000000066,38.371719999999186],[30.510514697442876,38.306394956587845]]]},"properties":{"areaId":"galatia","provenance":{"dataset":"AWMC geodata","version":"commit:7ecf8bccea2efe1e1e9df2daf6001942de73fb87;paths:Cultural-Data/political_shading/roman_empire_ce_200_provinces/roman_empire_ce_200_provinces.geojson|Physical Data/shoreline/shoreline.geojson|Cultural-Data/political_shading/roman_empire_ce_117_extent/roman_empire_ce_117_extent.geojson|Cultural-Data/political_shading/roman_empire_ce_200_extent/roman_empire_ce_200_extent.geojson|Cultural-Data/political_shading/roman_empire_bce_60/roman_empire_bce_60.geojson|Cultural-Data/political_shading/herod/herods_kingdom.geojson|Cultural-Data/political_shading/senatorial_province/roman_senatorial_provinces.geojson;ne-commit:ca96624a56bd078437bca8184e78163e5039ad19;ne-path:geojson/ne_10m_rivers_lake_centerlines.geojson","upstreamFeatureIds":["awmc:province-cell-c0243"],"changes":[{"kind":"polygonize-union","detail":"Polygonized AD 200 province lines with AWMC coastline and empire extent, then unioned cells c0243 by reference towns.","sources":["awmc:roman-empire-ce-200-provinces","awmc:roman-empire-ce-117-extent","awmc:roman-empire-ce-200-extent","awmc:roman-empire-bce-60-extent","awmc:herod-outline","awmc:roman-senatorial-provinces","awmc:shoreline","bib:josephus-jewish-war","bib:strabo-geography"]},{"kind":"reference-towns","detail":"Antioch of Pisidia(31.184,38.321)=>c0243; Iconium(32.484,37.874)=>c0243","sources":["awmc:reference-town-point-in-polygon"]}]}}},
{"type":"Feature","geometry":{"type":"MultiPolygon","coordinates":[[[[35.54982899759655,32.51997149959943],[35.557160000000295,32.697840000000724],[35.51379000000088,32.79025],[35.497989999999845,32.88191],[35.57170000000042,32.92194000000018],[35.58598210154731,33.093085624680526],[35.53319999999985,33.04392999999982],[35.487119406712445,33.076848925272586],[35.38717781430376,33.02997366511573],[35.328471182520055,32.98043820646858],[35.292279999999664,32.90116999999918],[35.22896539004572,32.891601977683145],[35.10490000000027,32.74591],[35.170930000000226,32.711999999999534],[35.05314,32.67094999999972],[34.98993760804828,32.66377197831697],[35.25,32.47],[35.54982899759655,32.51997149959943]]],[[[35.70136878376588,31.625912321645174],[35.7067628177338,32.144319293642205],[35.6559699999998,32.18202000000019],[35.6749,32.30832],[35.66239999999925,32.39754999999968],[35.56424999999945,32.39398000000074],[35.556163,32.328437],[35.572032,32.23786],[35.556298788555495,32.1541457658046],[35.54924088777183,32.13802791465241],[35.52239,32.058051],[35.540131,31.932237],[35.524099,31.91946],[35.55112189823648,31.78563624244498],[35.60491,31.758809999999357],[35.5998299999992,31.691039999999703],[35.5676399999993,31.599550000000818],[35.56424999999945,31.53856000000087],[35.611689999999726,31.472490000000107],[35.666322798496594,31.468999300375437],[35.7014135191644,31.594662612250755],[35.70136878376588,31.625912321645174]]]]},"properties":{"areaId":"galilee-perea","provenance":{"dataset":"AWMC geodata","version":"commit:7ecf8bccea2efe1e1e9df2daf6001942de73fb87;paths:Cultural-Data/political_shading/roman_empire_ce_200_provinces/roman_empire_ce_200_provinces.geojson|Physical Data/shoreline/shoreline.geojson|Cultural-Data/political_shading/roman_empire_ce_117_extent/roman_empire_ce_117_extent.geojson|Cultural-Data/political_shading/roman_empire_ce_200_extent/roman_empire_ce_200_extent.geojson|Cultural-Data/political_shading/roman_empire_bce_60/roman_empire_bce_60.geojson|Cultural-Data/political_shading/herod/herods_kingdom.geojson|Cultural-Data/political_shading/senatorial_province/roman_senatorial_provinces.geojson;ne-commit:ca96624a56bd078437bca8184e78163e5039ad19;ne-path:geojson/ne_10m_rivers_lake_centerlines.geojson","upstreamFeatureIds":["awmc:province-cell-c0253","awmc:province-cell-c0267"],"changes":[{"kind":"polygonize-union","detail":"Polygonized AD 200 province lines with AWMC coastline and empire extent, then unioned cells c0253, c0267 by reference towns.","sources":["awmc:roman-empire-ce-200-provinces","awmc:roman-empire-ce-117-extent","awmc:roman-empire-ce-200-extent","awmc:roman-empire-bce-60-extent","awmc:herod-outline","awmc:roman-senatorial-provinces","awmc:shoreline","bib:josephus-jewish-war","bib:strabo-geography"]},{"kind":"reference-towns","detail":"Nazareth(35.303,32.699)=>c0253; Perea near Machaerus(35.660,31.730)=>c0267","sources":["awmc:reference-town-point-in-polygon"]}]}}},
{"type":"Feature","geometry":{"type":"Polygon","coordinates":[[[20.297151101124577,44.71319902008327],[20.454755733119356,44.83008577919773],[20.42483,44.835290000000896],[20.303649999999834,44.934509999999136],[20.283190000000104,44.985210000000734],[20.3307577396276,45.03212398467672],[20.272909999999683,45.071389999999155],[20.231077921724502,45.15083913725788],[20.165600000000268,45.173689999999624],[20.056029999999737,45.166839999999866],[19.95349999999962,45.19038],[19.869520000000193,45.25091000000066],[19.81912999999986,45.21886000000086],[19.51889861305416,45.239050791790085],[19.329980000000432,45.224420000000464],[19.21915000000081,45.23380999999972],[19.09634,45.27714999999989],[19.068339999999807,45.32120000000032],[18.974169999999503,45.36644999999953],[19.00389,45.40888000000086],[18.95946,45.45389000000068],[19.007809999999154,45.50893999999971],[18.916869999999108,45.5320499999998],[18.88690999999926,45.57498999999916],[18.910354048570376,45.622443851065576],[18.895479999999225,45.75561000000016],[18.84632000000056,45.77678999999989],[18.839449999999488,45.82730000000083],[18.76354,45.89597999999933],[18.736790000000838,45.9426399999993],[18.6533500000005,46.00210999999945],[18.662029999999504,46.06322999999975],[18.725479999999152,46.143739999999525],[18.812009999999646,46.21368000000075],[18.872590000000855,46.483469999999215],[18.849480000000767,46.562809999999445],[18.8064200000008,46.600860000000466],[18.929229999999734,46.6591499999995],[18.943129999999655,46.74186],[18.89528000000064,46.81684999999925],[18.86580999999933,46.931179999999586],[18.910385281545306,46.99906852557503],[18.909089999999196,47.04744000000028],[18.868249999999534,47.091889999999694],[18.834380000000237,47.17470999999932],[18.874480000000403,47.39509],[18.9728099999993,47.44701999999961],[18.966630000000805,47.550859999999375],[19.033976523364093,47.639673976201784],[19.036770000000615,47.76679999999942],[18.99877000000015,47.80318000000079],[18.90245,47.75706999999966],[18.865719999999783,47.79262000000017],[18.706410000000687,47.79559],[18.60419,47.746359999999186],[18.55321,47.75426999999945],[18.34053,47.751070000000254],[18.232700000000477,47.72861000000012],[18.014129999999568,47.75245],[17.948049803613323,47.743774172209214],[17.847250000000713,47.73416999999972],[17.63724,47.74112000000059],[17.38688,47.85333999999966],[17.26951999999983,47.92156000000068],[17.27851818854663,47.98104979070718],[17.192629999999554,48.008060000000114],[17.104999999999563,48.084609999999884],[17.078090000000884,48.12944000000061],[16.971079999999347,48.15015999999923],[16.833220000000438,48.11511000000064],[16.587719999999536,48.11513999999988],[16.439829999999347,48.175390000000334],[16.2927,48.33791000000019],[16.243329999999332,48.36461000000054],[16.11924,48.346770000000106],[15.887950000000274,48.35124999999971],[15.568540000000212,48.403700000000754],[15.470660000000862,48.40701000000081],[15.394565248062719,48.35255596285097],[15.369919999999183,48.28669000000082],[15.323280000000523,48.25316000000021],[15.222250000000713,48.22162000000026],[15.117060000000492,48.20698000000084],[15.069980000000214,48.18108000000029],[14.962320000000545,48.19568000000072],[14.862419999999474,48.23451000000023],[14.812420000000202,48.20680999999968],[14.652330000000802,48.16563999999926],[14.552110000000539,48.21653999999944],[14.31014999999934,48.27803],[14.269930000000386,48.31473],[14.052620000000388,48.32259999999951],[13.981019999999262,48.38488999999936],[13.88625999999931,48.43483000000015],[13.781919999999445,48.45972000000074],[13.682310000000143,48.52024999999958],[13.529119999999239,48.57764999999927],[13.461630187439425,48.5846547641117],[13.454289999999673,48.48344999999972],[13.399230000000898,48.38883999999962],[13.130370000000767,48.33274999999958],[12.957179999999425,48.2573799999991],[12.718999999999141,48.29577000000063],[12.525980000000345,48.28442],[12.2804500000002,48.17758],[12.132379999999102,48.08436000000074],[12.124610000000757,47.9080699999995],[12.18884000000071,47.7464],[12.183789999999135,47.63426000000072],[12.014569999999367,47.5574400000005],[11.7502199999999,47.449940000000424],[11.558230000000549,47.35678],[11.29767,47.31223999999929],[11.03929000000062,47.34713000000011],[10.873170000000755,47.28456],[10.589540000000852,47.19040999999925],[10.634249999999156,47.01398999999947],[10.561820000000807,46.82228000000032],[10.536589999999705,46.64636000000064],[10.463579999999638,46.294739999999365],[10.324000000000524,46.1193600000006],[10.291869832813758,45.98105582977429],[10.649439999999231,46.10369],[11.28593,46.2445000000007],[11.85621,46.40716000000066],[12.316930000000866,46.42238999999972],[12.401840000000448,46.41059999999925],[12.453429999999571,46.296580000000176],[12.65027,46.03620000000046],[12.68797000000086,45.949360000000524],[12.7756700000009,45.61340000000018],[12.572439305389006,45.50674303479501],[12.71745,45.53982],[12.917190000000119,45.61808000000019],[13.081603995608859,45.634047147249426],[13.184579999999187,45.70900000000074],[13.378829999999653,45.70715000000018],[13.518529999999373,45.73430999999982],[13.54803,45.79731],[13.619010000000344,45.77801],[13.705830000000788,45.724669999999605],[13.779140000000552,45.62257999999929],[13.73367,45.61155999999937],[13.691289019442511,45.54641804392985],[13.594810000000507,45.51308000000063],[13.582329999999274,45.480830000000424],[13.50874886463545,45.474532305551165],[13.5430286268303,45.352275481875054],[13.58597,45.29828000000089],[13.588960079126487,45.17650415488346],[13.63026,45.14928999999938],[13.640250000000378,45.07834],[13.76206,44.97905999999966],[13.802240000000893,44.92958],[13.829820000000836,44.84391999999934],[13.944423290693887,44.8080471606434],[13.982981984775472,44.83747978302586],[13.986222961796038,44.89311918273489],[14.054439999999886,44.97031000000061],[14.15476999999919,44.96947999999975],[14.185709999999744,45.11097999999947],[14.224630000000616,45.14506000000074],[14.295060000000376,45.3363700000009],[14.331560000000536,45.35431000000062],[14.444330000000264,45.328670000000784],[14.561219999999594,45.27203],[14.61544,45.220250000000306],[14.72083860739338,45.1521405577665],[14.84764,45.10121000000072],[14.925569999999425,44.95089],[14.882970000000569,44.85728000000017],[14.896380000000136,44.704320000000735],[14.987189999999828,44.57683],[15.10334999999941,44.50659000000087],[15.28053,44.361290000000736],[15.404339999999138,44.31724000000031],[15.400139999999737,44.259],[15.300610000000233,44.29213999999956],[15.28302000000076,44.24728999999934],[15.176272952997206,44.24442924850546],[15.165600000000268,44.17748000000029],[15.261829999999463,44.09531000000061],[15.30861,44.03787000000011],[15.364110000000437,44.01322000000073],[15.469641144228552,43.917629076231876],[15.53273000000081,43.89804],[15.588809999999285,43.84948000000077],[15.68033,43.80243999999948],[15.772660000000542,43.78228999999919],[15.85306290818718,43.78727429690631],[15.923419999999169,43.70291999999972],[15.933689999999842,43.55064999999922],[16.059176791221088,43.47680746159747],[16.268640000000232,43.517470000000685],[16.346999999999753,43.54932999999983],[16.42222000000038,43.556399999999485],[16.43829,43.50819000000047],[16.54244,43.49978999999985],[16.718580000000657,43.416049999999814],[16.87475000000086,43.39628000000084],[16.944579999999405,43.35860999999932],[17.078589999999167,43.23355000000083],[17.179669999999533,43.17],[17.26795999999922,43.158369999999195],[17.358029999999417,43.11528],[17.475170376011462,43.026362265741206],[17.469472410655158,42.99979155133212],[17.530720000000656,42.92286000000058],[17.515869999999268,42.86404000000039],[17.61786000000029,42.83162000000084],[17.758719999999812,42.806000000000495],[17.87053999999989,42.79963999999927],[18.00301000000036,42.7161300000007],[18.256439999999202,42.60353000000032],[18.28091999999924,42.55839999999989],[18.416080000000875,42.48516000000018],[18.454200000000128,42.45002000000022],[18.674989999999525,42.46025],[18.741700000000492,42.415759999999864],[18.749910000000455,42.33879999999954],[18.837900000000445,42.28766],[18.887790000000678,42.29620000000068],[19.03838999999971,42.15932000000066],[19.088040000000547,42.14974000000075],[19.108389999999417,42.10367000000042],[19.171700000000783,42.037780000000566],[19.189440000000104,41.95075],[19.25301000000036,42.01185000000078],[19.684370000000854,42.09123],[19.991999545755046,42.13812363811223],[20.05326000000059,42.46227],[20.18902,43.167380000000776],[20.15665000000081,43.58957],[20.18239,43.838410000000295],[20.28377999999975,44.348219999999856],[20.26430000000073,44.48459999999977],[20.297151101124577,44.71319902008327]]]},"properties":{"areaId":"illyricum","provenance":{"dataset":"AWMC geodata","version":"commit:7ecf8bccea2efe1e1e9df2daf6001942de73fb87;paths:Cultural-Data/political_shading/roman_empire_ce_200_provinces/roman_empire_ce_200_provinces.geojson|Physical Data/shoreline/shoreline.geojson|Cultural-Data/political_shading/roman_empire_ce_117_extent/roman_empire_ce_117_extent.geojson|Cultural-Data/political_shading/roman_empire_ce_200_extent/roman_empire_ce_200_extent.geojson|Cultural-Data/political_shading/roman_empire_bce_60/roman_empire_bce_60.geojson|Cultural-Data/political_shading/herod/herods_kingdom.geojson|Cultural-Data/political_shading/senatorial_province/roman_senatorial_provinces.geojson;ne-commit:ca96624a56bd078437bca8184e78163e5039ad19;ne-path:geojson/ne_10m_rivers_lake_centerlines.geojson","upstreamFeatureIds":["awmc:province-cell-c0085","awmc:province-cell-c0090"],"changes":[{"kind":"polygonize-union","detail":"Polygonized AD 200 province lines with AWMC coastline and empire extent, then unioned cells c0085, c0090 by reference towns.","sources":["awmc:roman-empire-ce-200-provinces","awmc:roman-empire-ce-117-extent","awmc:roman-empire-ce-200-extent","awmc:roman-empire-bce-60-extent","awmc:herod-outline","awmc:roman-senatorial-provinces","awmc:shoreline","bib:josephus-jewish-war","bib:strabo-geography"]},{"kind":"reference-towns","detail":"Salona(16.440,43.510)=>c0085; Sirmium(19.610,44.980)=>c0090","sources":["awmc:reference-town-point-in-polygon"]}]}}},
{"type":"Feature","geometry":{"type":"Polygon","coordinates":[[[15.515740000000733,41.91115],[15.38875,41.90148000000045],[15.291996801600346,41.92292492158461],[15.249770000000353,41.915139999999155],[15.105719999999565,41.93431000000055],[15.041286970150528,41.97368191157087],[14.937159999999494,41.95908000000054],[14.869319999999789,41.9088499999998],[14.878609999999753,41.86077],[14.933720000000903,41.78107000000091],[14.948990000000776,41.72407000000021],[14.931230000000141,41.67189999999937],[14.882840000000215,41.618140000000494],[14.72329,41.4754099999991],[14.555917755698449,41.35353167458186],[14.462299999999232,41.37277999999969],[14.28543,41.43539000000055],[14.14811,41.4657900000002],[14.029819999999745,41.58201999999983],[13.950919999999314,41.63694000000032],[13.80196000000069,41.717570000000705],[13.633260000000519,41.7853099999993],[13.40027,41.84082999999919],[13.28175999999985,41.85317000000032],[13.056440000000293,41.86053999999967],[12.82362,41.85632000000078],[12.619699999999284,41.89732999999978],[12.49491776486594,41.90249145021928],[12.49866,41.98284000000058],[12.61931,42.13458],[12.586950000000797,42.248170000000755],[12.551079999999274,42.291409999999814],[12.458880000000136,42.35016999999971],[12.443769999999859,42.43513999999959],[12.407007427810075,42.4642441195663],[12.48574,42.51867999999922],[12.602740000000267,42.57202999999936],[12.757390000000669,42.61009000000013],[12.840449999999691,42.73468999999932],[13.020500000000538,42.870450000000346],[13.098799999999756,42.89624],[13.146380000000136,43.05008000000089],[13.166719999999259,43.388629999999466],[13.155870000000505,43.530399999999645],[13.162700000000768,43.64335000000028],[13.267064808002617,43.69077015869309],[13.061579999999594,43.80601000000024],[12.887156788365253,43.92652743290133],[12.678760000000693,43.84973],[12.588410000000295,43.87931000000026],[12.436770000000251,43.98089000000073],[12.275110000000495,43.998789999999644],[12.217469999999594,44.04543999999987],[11.981390000000829,44.05841],[11.912619999999151,44.04743000000053],[11.762150000000474,43.97131000000081],[11.64667,43.85635999999977],[11.54891999999927,43.88728000000083],[11.381680000000415,43.91162000000077],[11.14237999999932,43.98298000000068],[10.978820000000269,44.00612],[10.873830000000453,44.04186],[10.771150000000489,44.11812],[10.374680000000808,44.29774999999972],[10.098480000000563,44.38311000000067],[9.835320000000138,44.48996000000079],[9.753640000000814,44.50757],[9.6899599999997,44.4987600000004],[9.637549999999464,44.451129999999466],[9.64806999999928,44.36789999999928],[9.708259999999427,44.32891000000018],[9.73559000000023,44.20586999999978],[9.83806,44.111220000000685],[9.933510000000751,44.058139999999185],[10,44.05328],[10.126539999999295,43.9962200000009],[10.206070000000182,43.923829999999725],[10.31603,43.73918000000049],[10.340609999999288,43.66671999999926],[10.296879999999874,43.54958000000079],[10.33191553784786,43.47401367309824],[10.425530000000435,43.40013999999974],[10.460080000000744,43.32286000000022],[10.527500000000146,43.23500000000058],[10.538510000000315,43.12743000000046],[10.501720000000205,42.93585999999959],[10.59231,42.97834999999941],[10.746610000000146,42.92602000000079],[10.777659999999742,42.79011999999966],[10.88649217696244,42.76554051033547],[10.969660000000658,42.786550000000716],[11.064389999999548,42.83798000000024],[11.11381000000074,42.760550000000876],[11.046809999999823,42.69767999999931],[11.117630000000645,42.57152999999926],[11.188360000000102,42.525330000000395],[11.158680000000459,42.43569000000025],[11.093932120037971,42.39959137426233],[11.186840000000302,42.370160000000396],[11.246059999999488,42.42058],[11.385290000000168,42.404270000000906],[11.54983,42.34292],[11.628580000000511,42.29804999999942],[11.695180000000619,42.23597999999947],[11.742481251163058,42.14411804593164],[11.834505402077923,42.032896812876096],[11.916610000000219,42.037500000000364],[12.043396765050586,41.96261467509835],[12.137080000000424,41.92182999999932],[12.27752,41.74582],[12.493249999999534,41.59846],[12.634700000000521,41.45093000000088],[12.740444012633365,41.424728438231924],[12.86607,41.41502000000037],[12.962009999999282,41.360790000000634],[13.031740000000354,41.28382000000056],[13.042100000000573,41.23396999999932],[13.092029999999795,41.22855999999956],[13.17915,41.2811099999999],[13.335209999999279,41.29515],[13.477790000000823,41.24323999999979],[13.567719999999099,41.22696],[13.592909999999392,41.256499999999505],[13.705970000000889,41.25329000000056],[13.803760000000693,41.19225],[13.901719999999841,41.076059999999416],[13.91878,41.03759999999966],[14.02256,40.916660000000775],[14.04500324554819,40.84625033659693],[14.181430000000546,40.798580000000584],[14.275470000000496,40.844460000000254],[14.387965537410269,40.76599786752322],[14.454540000000634,40.747699999999895],[14.475560000000769,40.71127999999953],[14.406716504281713,40.64963763265867],[14.451185073923048,40.61890614592408],[14.533296022618897,40.60926779427274],[14.631760000000213,40.64861000000019],[14.758970000000772,40.67789000000084],[14.866449999999531,40.60304999999971],[14.950212309583991,40.49052949782034],[15.02897,40.53794000000016],[15.0609800000002,40.63373999999931],[15.143630000000485,40.70275000000038],[15.227590000000419,40.719090000000506],[15.478590000000622,40.73005999999987],[15.651519999999437,40.75403],[15.76325,40.802340000000186],[15.894930000000386,40.881139999999505],[15.972309999999197,40.90620999999919],[16.06101999999919,40.908110000000306],[16.1412,40.8687000000009],[16.171870000000126,40.82785999999942],[16.22718999999961,40.698560000000725],[16.44195000000036,40.60659999999916],[16.523129999999583,40.59082999999919],[16.657240000000456,40.48175000000083],[16.71792,40.480530000000726],[16.764870000000883,40.44549999999981],[16.81945054313277,40.36683261243433],[16.887319999999818,40.44949000000088],[16.963799999999537,40.50083000000086],[17.0328499999996,40.526819999999134],[17.14516,40.51948000000084],[17.249410000000353,40.456200000000536],[17.264750000000276,40.395329999999376],[17.405125285297274,40.331989634744886],[17.52330800291162,40.29420858520784],[17.65517,40.30546999999933],[17.861790000000838,40.282240000000456],[17.90517,40.25210999999945],[17.942909999999756,40.175789999999324],[18.009830000000875,40.10627000000022],[18.002855947088264,39.995679652101444],[18.109420000000682,39.89113999999972],[18.175501778613164,39.8489579581872],[18.26621999999952,39.838050000000294],[18.342333735367106,39.79200320782663],[18.382069999999658,39.80997000000025],[18.41545000000042,39.99332999999933],[18.51617190587861,40.11352935853517],[18.46176000000014,40.19680999999946],[18.423829999999725,40.29293999999936],[18.31225000000086,40.374579999999696],[18.212620000000243,40.46162],[18.14032000000043,40.48551000000043],[18.03545,40.56912000000011],[18.039849999999205,40.599710000000414],[17.940548490911134,40.67792433939266],[17.831990000000587,40.69296000000031],[17.704205094441065,40.757986461793095],[17.510550000000876,40.8129399999998],[17.35066999999981,40.9044300000005],[17.234479999999166,40.99327000000085],[17.046689999999217,41.07853000000068],[16.93409000000065,41.099920000000566],[16.776,41.1611099999991],[16.590280000000348,41.20536],[16.535610000000815,41.23845000000074],[16.000019999999495,41.432740000000194],[15.828569999999672,41.544739999999365],[15.94507,41.64322],[16.036120000000665,41.67779999999948],[16.18254,41.78921000000082],[16.18579588911841,41.88255481836956],[16.093220000000656,41.9334400000007],[15.990889999999126,41.94456999999966],[15.82583530891598,41.92226569711432],[15.80562,41.85465],[15.763499999999112,41.84333999999944],[15.686180000000604,41.86492],[15.663060000000769,41.911949999999706],[15.593134439570456,41.924244991258526],[15.515740000000733,41.91115]]]},"properties":{"areaId":"italy","provenance":{"dataset":"AWMC geodata","version":"commit:7ecf8bccea2efe1e1e9df2daf6001942de73fb87;paths:Cultural-Data/political_shading/roman_empire_ce_200_provinces/roman_empire_ce_200_provinces.geojson|Physical Data/shoreline/shoreline.geojson|Cultural-Data/political_shading/roman_empire_ce_117_extent/roman_empire_ce_117_extent.geojson|Cultural-Data/political_shading/roman_empire_ce_200_extent/roman_empire_ce_200_extent.geojson|Cultural-Data/political_shading/roman_empire_bce_60/roman_empire_bce_60.geojson|Cultural-Data/political_shading/herod/herods_kingdom.geojson|Cultural-Data/political_shading/senatorial_province/roman_senatorial_provinces.geojson;ne-commit:ca96624a56bd078437bca8184e78163e5039ad19;ne-path:geojson/ne_10m_rivers_lake_centerlines.geojson","upstreamFeatureIds":["awmc:province-cell-c0002"],"changes":[{"kind":"polygonize-union","detail":"Polygonized AD 200 province lines with AWMC coastline and empire extent, then unioned cells c0002 by reference towns.","sources":["awmc:roman-empire-ce-200-provinces","awmc:roman-empire-ce-117-extent","awmc:roman-empire-ce-200-extent","awmc:roman-empire-bce-60-extent","awmc:herod-outline","awmc:roman-senatorial-provinces","awmc:shoreline","bib:josephus-jewish-war","bib:strabo-geography"]},{"kind":"reference-towns","detail":"Rome(12.491,41.890)=>c0002; Puteoli(14.122,40.828)=>c0002","sources":["awmc:reference-town-point-in-polygon"]}]}}},
{"type":"Feature","geometry":{"type":"Polygon","coordinates":[[[34.98993760804828,32.66377197831697],[34.95499000000018,32.5638799999997],[34.914863216005266,32.543239563542585],[34.85965000000033,32.37169999999969],[34.85928000000058,32.2621],[34.759690000000774,32.02642999999989],[34.89133000000038,31.946959999999308],[34.98950999999943,31.854090000000724],[35.13370000000032,31.76238999999987],[35.23280999999952,31.715790000000197],[35.32157,31.6879399999998],[35.452879414794936,31.698461770333235],[35.51430252312451,31.78017269986484],[35.48449000000073,31.89521000000059],[35.53064000000086,31.959090000000288],[35.50096999999914,32.03911],[35.502769999999146,32.085650000000896],[35.54924088777183,32.13802791465241],[35.556298788555495,32.1541457658046],[35.54112999999961,32.36434999999983],[35.54982899759655,32.51997149959943],[35.25,32.47],[34.98993760804828,32.66377197831697]]]},"properties":{"areaId":"judea-samaria-idumea","provenance":{"dataset":"AWMC geodata","version":"commit:7ecf8bccea2efe1e1e9df2daf6001942de73fb87;paths:Cultural-Data/political_shading/roman_empire_ce_200_provinces/roman_empire_ce_200_provinces.geojson|Physical Data/shoreline/shoreline.geojson|Cultural-Data/political_shading/roman_empire_ce_117_extent/roman_empire_ce_117_extent.geojson|Cultural-Data/political_shading/roman_empire_ce_200_extent/roman_empire_ce_200_extent.geojson|Cultural-Data/political_shading/roman_empire_bce_60/roman_empire_bce_60.geojson|Cultural-Data/political_shading/herod/herods_kingdom.geojson|Cultural-Data/political_shading/senatorial_province/roman_senatorial_provinces.geojson;ne-commit:ca96624a56bd078437bca8184e78163e5039ad19;ne-path:geojson/ne_10m_rivers_lake_centerlines.geojson","upstreamFeatureIds":["awmc:province-cell-c15676"],"changes":[{"kind":"polygonize-union","detail":"Polygonized AD 200 province lines with AWMC coastline and empire extent, then unioned cells c15676 by reference towns.","sources":["awmc:roman-empire-ce-200-provinces","awmc:roman-empire-ce-117-extent","awmc:roman-empire-ce-200-extent","awmc:roman-empire-bce-60-extent","awmc:herod-outline","awmc:roman-senatorial-provinces","awmc:shoreline","bib:josephus-jewish-war","bib:strabo-geography"]},{"kind":"reference-towns","detail":"Jerusalem(35.234,31.777)=>c15676; Samaria(35.190,32.277)=>c15676","sources":["awmc:reference-town-point-in-polygon"]}]}}},
{"type":"Feature","geometry":{"type":"Polygon","coordinates":[[[30.467154152780253,36.61452076823237],[30.44175,36.553724319785886],[30.40143,36.369814319786315],[30.39852972584783,36.24924816807029],[30.454693463837458,36.25723744253786],[30.46502,36.30674999999974],[30.506961787050958,36.323787896692146],[30.48742999999922,36.38921999999911],[30.50174054316426,36.436579857061346],[30.570920000000115,36.56324999999924],[30.467154152780253,36.61452076823237]]]},"properties":{"areaId":"lycia","provenance":{"dataset":"AWMC geodata","version":"commit:7ecf8bccea2efe1e1e9df2daf6001942de73fb87;paths:Cultural-Data/political_shading/roman_empire_ce_200_provinces/roman_empire_ce_200_provinces.geojson|Physical Data/shoreline/shoreline.geojson|Cultural-Data/political_shading/roman_empire_ce_117_extent/roman_empire_ce_117_extent.geojson|Cultural-Data/political_shading/roman_empire_ce_200_extent/roman_empire_ce_200_extent.geojson|Cultural-Data/political_shading/roman_empire_bce_60/roman_empire_bce_60.geojson|Cultural-Data/political_shading/herod/herods_kingdom.geojson|Cultural-Data/political_shading/senatorial_province/roman_senatorial_provinces.geojson;ne-commit:ca96624a56bd078437bca8184e78163e5039ad19;ne-path:geojson/ne_10m_rivers_lake_centerlines.geojson","upstreamFeatureIds":["awmc:province-cell-c14054"],"changes":[{"kind":"polygonize-union","detail":"Polygonized AD 200 province lines with AWMC coastline and empire extent, then unioned cells c14054 by reference towns.","sources":["awmc:roman-empire-ce-200-provinces","awmc:roman-empire-ce-117-extent","awmc:roman-empire-ce-200-extent","awmc:roman-empire-bce-60-extent","awmc:herod-outline","awmc:roman-senatorial-provinces","awmc:shoreline","bib:josephus-jewish-war","bib:strabo-geography"]},{"kind":"reference-towns","detail":"Phaselis(30.550,36.530)=>c14054","sources":["awmc:reference-town-point-in-polygon"]}]}}},
{"type":"Feature","geometry":{"type":"Polygon","coordinates":[[[23.095156028881323,39.5],[22.93397,39.57825000000048],[22.832291189473498,39.80958283504072],[22.70962999999938,39.899750000000495],[22.686385716066745,39.95987955471189],[22.59444769965279,40.01273546006968],[22.55731,40.09283999999934],[22.55129228461641,40.16121908161699],[22.59238257434473,40.228425372659146],[22.61758,40.3080800000007],[22.64977,40.349430000000325],[22.586467600416427,40.468144055186315],[22.614417551452124,40.50527817842853],[22.52888382113946,40.54170000768465],[22.523173114725523,40.5734658121126],[22.56100654471817,40.647704995494394],[22.627750425931822,40.69196297020295],[22.70484496252061,40.680541557374966],[22.878601075722425,40.62693151651498],[22.920609999999215,40.647000000000844],[22.984049999999115,40.5692],[22.98007513474954,40.53142],[22.859319999999627,40.497219999999345],[22.884350000000268,40.42166999999972],[23.005909999999858,40.362600000000384],[23.03874,40.324070000000575],[23.301600715839495,40.23157358837552],[23.33853385938974,40.23136170683978],[23.402098879955133,40.278326279303315],[23.664971219102085,40.217450583813104],[23.91754000000043,39.952240000000586],[24.00972170994988,39.999096556946355],[23.76223000000033,40.22332620162169],[23.695270000000164,40.29234999999983],[23.728960658692205,40.34142296024316],[23.819439999999304,40.3634000000003],[23.83849,40.44218],[23.819569999999658,40.48908999999912],[23.875809999999547,40.54082000000017],[23.78471,40.5931199999996],[23.693699999999808,40.70282000000043],[23.76925999999912,40.768340000000535],[23.851489999999103,40.794920000000275],[23.951890000000276,40.744720000000655],[24.100259999999253,40.732099999999264],[24.361409999999523,40.9071299999996],[24.076670000000377,41.36522999999943],[23.441720000000714,41.61061999999947],[23.154226063601538,41.71048953751934],[22.94398,41.7392],[22.27874999999949,41.94314999999921],[22.155276000267126,42.05749518268254],[21.871859999999288,41.9071100000001],[21.666960000000472,41.82742],[21.219390000000203,41.81124000000091],[20.84197999999924,41.90728999999919],[20.60994000000028,41.91589000000022],[20.345330000000104,41.99725000000035],[19.955262969266755,42.00424905763737],[19.82985,41.86779000000024],[19.600263799020684,41.65323226313388],[19.58418215199283,41.592889371139286],[19.49115731707544,40.951194219973566],[19.53610999999904,40.91283],[19.482056010956487,40.88841244765444],[19.43716152572354,40.57872553970509],[19.463149999999587,40.56515000000036],[19.451859999999215,40.48444000000018],[19.494549999999435,40.44837],[19.494759999999587,40.350029999999606],[19.618749999999636,40.311139999999796],[19.8780399999996,40.26937999999973],[20.018099999999322,40.26145],[20.279005308155206,40.28337736120438],[20.500669999999445,40.13532999999916],[20.69217000000026,39.981229999999414],[20.858659999999873,39.82963000000018],[21.227709999999206,39.59660000000076],[21.267219788732568,39.5],[23.095156028881323,39.5]]]},"properties":{"areaId":"macedonia","provenance":{"dataset":"AWMC geodata","version":"commit:7ecf8bccea2efe1e1e9df2daf6001942de73fb87;paths:Cultural-Data/political_shading/roman_empire_ce_200_provinces/roman_empire_ce_200_provinces.geojson|Physical Data/shoreline/shoreline.geojson|Cultural-Data/political_shading/roman_empire_ce_117_extent/roman_empire_ce_117_extent.geojson|Cultural-Data/political_shading/roman_empire_ce_200_extent/roman_empire_ce_200_extent.geojson|Cultural-Data/political_shading/roman_empire_bce_60/roman_empire_bce_60.geojson|Cultural-Data/political_shading/herod/herods_kingdom.geojson|Cultural-Data/political_shading/senatorial_province/roman_senatorial_provinces.geojson;ne-commit:ca96624a56bd078437bca8184e78163e5039ad19;ne-path:geojson/ne_10m_rivers_lake_centerlines.geojson","upstreamFeatureIds":["awmc:province-cell-c0354"],"changes":[{"kind":"polygonize-union","detail":"Polygonized AD 200 province lines with AWMC coastline and empire extent, then unioned cells c0354 by reference towns.","sources":["awmc:roman-empire-ce-200-provinces","awmc:roman-empire-ce-117-extent","awmc:roman-empire-ce-200-extent","awmc:roman-empire-bce-60-extent","awmc:herod-outline","awmc:roman-senatorial-provinces","awmc:shoreline","bib:josephus-jewish-war","bib:strabo-geography"]},{"kind":"reference-towns","detail":"Thessalonica(22.953,40.628)=>c0354; Philippi(24.285,41.013)=>c0354","sources":["awmc:reference-town-point-in-polygon"]}]}}},
{"type":"Feature","geometry":{"type":"Polygon","coordinates":[[[29.326834892951155,37.3571361738281],[29.460370000000694,37.34159],[29.891120000000228,36.95919],[30.467154152780253,36.61452076823237],[30.53545,36.77796431978555],[30.67029,36.88075000000026],[30.7504038286982,36.84962618334244],[30.8636489519636,36.85194405527445],[30.95305,36.8787799999991],[31.074487270059045,36.857838692296646],[31.201499999999214,36.9297600000009],[31.156800000000658,37.35657],[31.04161000000022,38.05725999999959],[30.743329999999332,38.05191999999988],[30.733341453293658,38.06283781752043],[30.407530000000406,37.99964999999975],[30.361513064782567,37.98311353193159],[30.208730000000287,37.92821],[30.013670000000275,37.79715000000033],[29.777640000000247,37.61679],[29.590949999999793,37.502990000000864],[29.326834892951155,37.3571361738281]]]},"properties":{"areaId":"pamphylia","provenance":{"dataset":"AWMC geodata","version":"commit:7ecf8bccea2efe1e1e9df2daf6001942de73fb87;paths:Cultural-Data/political_shading/roman_empire_ce_200_provinces/roman_empire_ce_200_provinces.geojson|Physical Data/shoreline/shoreline.geojson|Cultural-Data/political_shading/roman_empire_ce_117_extent/roman_empire_ce_117_extent.geojson|Cultural-Data/political_shading/roman_empire_ce_200_extent/roman_empire_ce_200_extent.geojson|Cultural-Data/political_shading/roman_empire_bce_60/roman_empire_bce_60.geojson|Cultural-Data/political_shading/herod/herods_kingdom.geojson|Cultural-Data/political_shading/senatorial_province/roman_senatorial_provinces.geojson;ne-commit:ca96624a56bd078437bca8184e78163e5039ad19;ne-path:geojson/ne_10m_rivers_lake_centerlines.geojson","upstreamFeatureIds":["awmc:province-cell-c0247"],"changes":[{"kind":"polygonize-union","detail":"Polygonized AD 200 province lines with AWMC coastline and empire extent, then unioned cells c0247 by reference towns.","sources":["awmc:roman-empire-ce-200-provinces","awmc:roman-empire-ce-117-extent","awmc:roman-empire-ce-200-extent","awmc:roman-empire-bce-60-extent","awmc:herod-outline","awmc:roman-senatorial-provinces","awmc:shoreline","bib:josephus-jewish-war","bib:strabo-geography"]},{"kind":"reference-towns","detail":"Perga(30.852,36.959)=>c0247","sources":["awmc:reference-town-point-in-polygon"]}]}}},
{"type":"Feature","geometry":{"type":"MultiPolygon","coordinates":[[[[34.77292750575569,41.956653158353234],[34.55978999999934,41.950699999999415],[34.47931000000062,41.96911],[34.32452000000012,41.94510000000082],[34.09842000000026,41.986189999999624],[34.007260000000315,41.98992999999973],[33.90935,41.97679000000062],[33.578519999999116,41.996030000000246],[33.3418700000002,42.02592],[33.17304999999942,41.96265999999923],[33.0409,41.9357600000003],[32.97739,41.89976000000024],[32.868469999999434,41.867089999999735],[32.744220000000496,41.84546000000046],[32.61936865772159,41.8392401006716],[32.50387955738982,41.802523898540485],[32.413979999999356,41.74753000000055],[32.26233999999931,41.70597000000089],[32.16900447362633,41.62696005369565],[32.52967,41.75700891553964],[32.883030000000986,41.83987891553977],[33.08312,41.89263891554032],[33.225230000000124,41.95139891554004],[33.37723999999963,41.935368915539414],[33.535640000000114,41.90492891553896],[33.74452,41.895528915539956],[33.84691000000021,41.906708915539525],[34.3962,41.89681891554011],[34.47664212277823,41.86936673739166],[34.69687999999945,41.87943891553897],[34.77292750575569,41.956653158353234]]],[[[35.91160215303723,41.618652093595756],[35.95566999999926,41.58153891553934],[36.007320000000675,41.49769891554013],[36.00337000000036,41.3921289155403],[36.07633999999973,41.32172891553989],[36.23355970515502,41.222630421300096],[36.28729000000021,41.17482891554022],[36.37388000000101,41.17742891553985],[36.443750000000364,41.23817000000054],[36.3449,41.28930000000037],[36.32224999999926,41.32461999999941],[36.24975000000086,41.352059999999256],[36.11563000000024,41.47809000000052],[36.1195800000005,41.583660000000236],[36.10577999999987,41.6322],[35.95934962999596,41.73669751737425],[35.7487799999999,41.6626899999992],[35.57989000000089,41.63061000000016],[35.45721000000049,41.65180999999939],[35.40316999999959,41.6837200000009],[35.27762000000075,41.71522],[35.21277999999984,41.76994999999988],[35.20191999999952,41.80732999999964],[35.13213999999971,41.85666999999921],[35.092060000000856,41.917779999999766],[35.13354000000072,42.02354000000014],[35.061970000000656,42.030220000000554],[35.01665406622682,42.094436688126486],[34.963659999999436,42.09089],[34.905954527325925,42.01654021421532],[35.04921,41.956308915539694],[34.998729999999284,41.845218915539476],[35.064769613118074,41.70840546565603],[35.14917000000048,41.64906891553966],[35.3395,41.575548915539684],[35.543139999999596,41.55860891554033],[35.57932805562888,41.616201351680104],[35.73905000000019,41.61068891553964],[35.88090000000017,41.64450891554037],[35.91160215303723,41.618652093595756]]]]},"properties":{"areaId":"paphlagonia-pontus-galaticus","provenance":{"dataset":"AWMC geodata","version":"commit:7ecf8bccea2efe1e1e9df2daf6001942de73fb87;paths:Cultural-Data/political_shading/roman_empire_ce_200_provinces/roman_empire_ce_200_provinces.geojson|Physical Data/shoreline/shoreline.geojson|Cultural-Data/political_shading/roman_empire_ce_117_extent/roman_empire_ce_117_extent.geojson|Cultural-Data/political_shading/roman_empire_ce_200_extent/roman_empire_ce_200_extent.geojson|Cultural-Data/political_shading/roman_empire_bce_60/roman_empire_bce_60.geojson|Cultural-Data/political_shading/herod/herods_kingdom.geojson|Cultural-Data/political_shading/senatorial_province/roman_senatorial_provinces.geojson;ne-commit:ca96624a56bd078437bca8184e78163e5039ad19;ne-path:geojson/ne_10m_rivers_lake_centerlines.geojson","upstreamFeatureIds":["awmc:province-cell-c14139","awmc:province-cell-c14161"],"changes":[{"kind":"polygonize-union","detail":"Polygonized AD 200 province lines with AWMC coastline and empire extent, then unioned cells c14139, c14161 by reference towns.","sources":["awmc:roman-empire-ce-200-provinces","awmc:roman-empire-ce-117-extent","awmc:roman-empire-ce-200-extent","awmc:roman-empire-bce-60-extent","awmc:herod-outline","awmc:roman-senatorial-provinces","awmc:shoreline","bib:josephus-jewish-war","bib:strabo-geography"]},{"kind":"reference-towns","detail":"Amastris(32.390,41.750)=>c14139; Amisus(36.330,41.290)=>c14161","sources":["awmc:reference-town-point-in-polygon"]}]}}},
{"type":"Feature","geometry":{"type":"Polygon","coordinates":[[[36.542079873366816,33.12061479535416],[36.50919000000067,33.16885999999977],[36.4735,33.26521999999932],[36.42532000000028,33.27414999999928],[36.393200000000434,33.21169],[36.35215000000062,33.19918999999936],[36.32003000000077,33.14744000000064],[36.273629999999685,33.16529000000082],[36.17101,33.15505999999914],[36.11211999999978,33.19811999999911],[36.00445000000036,33.16457000000082],[35.875959999999395,33.23120000000017],[35.933069999999134,33.297819999999774],[35.852170000000115,33.35016999999971],[35.761749999999665,33.38824000000022],[35.7236699999994,33.34065],[35.6562058248303,33.36329381894643],[35.628184,33.254462],[35.596772,33.197537],[35.58885395501693,33.092184948927745],[35.583995,32.995917],[35.598237,32.92418],[35.591075,32.74372],[35.566824,32.711208],[35.560069,32.64114],[35.579519,32.560614],[35.63007,32.54061],[35.68952325112775,32.55032732825252],[35.817660000000615,32.57423000000017],[35.86048999999912,32.61170999999922],[35.835510000000795,32.64383000000089],[35.848910000000615,32.69858000000022],[35.82836999999927,32.73841],[35.8783399999993,32.76518000000033],[35.955079999999725,32.73127000000022],[35.99611999999979,32.78124000000025],[36.07107999999971,32.82763999999952],[36.15495,32.80265999999938],[36.13532,32.73483999999917],[36.26737999999932,32.72769999999946],[36.395870000000286,32.74733000000015],[36.427999999999884,32.7152100000003],[36.49402999999984,32.7205699999995],[36.619839999999385,32.66345999999976],[36.8125799999998,32.6937999999991],[36.83577999999943,32.7491200000004],[36.894899999999325,32.74973999999929],[36.85896999999932,32.87046999999984],[36.784019999999146,32.90258999999969],[36.70371999999952,32.96683999999914],[36.619839999999385,32.98468999999932],[36.55559,33.05106999999953],[36.542079873366816,33.12061479535416]]]},"properties":{"areaId":"philip-tetrarchy-lands","provenance":{"dataset":"AWMC geodata","version":"commit:7ecf8bccea2efe1e1e9df2daf6001942de73fb87;paths:Cultural-Data/political_shading/roman_empire_ce_200_provinces/roman_empire_ce_200_provinces.geojson|Physical Data/shoreline/shoreline.geojson|Cultural-Data/political_shading/roman_empire_ce_117_extent/roman_empire_ce_117_extent.geojson|Cultural-Data/political_shading/roman_empire_ce_200_extent/roman_empire_ce_200_extent.geojson|Cultural-Data/political_shading/roman_empire_bce_60/roman_empire_bce_60.geojson|Cultural-Data/political_shading/herod/herods_kingdom.geojson|Cultural-Data/political_shading/senatorial_province/roman_senatorial_provinces.geojson;ne-commit:ca96624a56bd078437bca8184e78163e5039ad19;ne-path:geojson/ne_10m_rivers_lake_centerlines.geojson","upstreamFeatureIds":["awmc:province-cell-c0264","awmc:province-cell-c0263"],"changes":[{"kind":"polygonize-union","detail":"Polygonized AD 200 province lines with AWMC coastline and empire extent, then unioned cells c0264, c0263 by reference towns.","sources":["awmc:roman-empire-ce-200-provinces","awmc:roman-empire-ce-117-extent","awmc:roman-empire-ce-200-extent","awmc:roman-empire-bce-60-extent","awmc:herod-outline","awmc:roman-senatorial-provinces","awmc:shoreline","bib:josephus-jewish-war","bib:strabo-geography"]},{"kind":"reference-towns","detail":"Paneas (Caesarea Philippi)(35.692,33.247)=>c0264; Bethsaida Julias(35.622,32.893)=>c0263","sources":["awmc:reference-town-point-in-polygon"]}]}}},
{"type":"Feature","geometry":{"type":"Polygon","coordinates":[[[15.284707364687026,37.11059188481041],[15.280155030419012,37.06324453886047],[15.303110000000743,37.08025000000089],[15.284707364687026,37.11059188481041]]]},"properties":{"areaId":"sicily","provenance":{"dataset":"AWMC geodata","version":"commit:7ecf8bccea2efe1e1e9df2daf6001942de73fb87;paths:Cultural-Data/political_shading/roman_empire_ce_200_provinces/roman_empire_ce_200_provinces.geojson|Physical Data/shoreline/shoreline.geojson|Cultural-Data/political_shading/roman_empire_ce_117_extent/roman_empire_ce_117_extent.geojson|Cultural-Data/political_shading/roman_empire_ce_200_extent/roman_empire_ce_200_extent.geojson|Cultural-Data/political_shading/roman_empire_bce_60/roman_empire_bce_60.geojson|Cultural-Data/political_shading/herod/herods_kingdom.geojson|Cultural-Data/political_shading/senatorial_province/roman_senatorial_provinces.geojson;ne-commit:ca96624a56bd078437bca8184e78163e5039ad19;ne-path:geojson/ne_10m_rivers_lake_centerlines.geojson","upstreamFeatureIds":["awmc:province-cell-c11726"],"changes":[{"kind":"polygonize-union","detail":"Polygonized AD 200 province lines with AWMC coastline and empire extent, then unioned cells c11726 by reference towns.","sources":["awmc:roman-empire-ce-200-provinces","awmc:roman-empire-ce-117-extent","awmc:roman-empire-ce-200-extent","awmc:roman-empire-bce-60-extent","awmc:herod-outline","awmc:roman-senatorial-provinces","awmc:shoreline","bib:josephus-jewish-war","bib:strabo-geography"]},{"kind":"reference-towns","detail":"Syracuse (proxy for Sicily)(15.287,37.067)=>c11726","sources":["awmc:reference-town-point-in-polygon"]}]}}},
{"type":"Feature","geometry":{"type":"Polygon","coordinates":[[[37.20490881993432,32.848977928589015],[37.24953,32.99633],[37.3793399999995,33.2468000000008],[37.668180000000575,33.61924999999974],[38.01783391651939,34.01345973009998],[37.528550000000905,34.36169999999947],[37.282929999999396,34.52203999999983],[37.10841000000073,34.673870000000534],[36.91646000000037,34.83081999999922],[36.81267920698114,34.8900556725068],[36.72911000000022,34.821099999999205],[36.61760999999933,34.58443000000079],[36.48514000000068,34.451390000000174],[36.344199999999546,34.283330000000205],[36.22559,34.1556099999998],[36.062050000000454,34.01475000000028],[35.85174,33.82155000000057],[35.699940000000424,33.6566899999998],[35.6174963614021,33.34517526822536],[35.6562058248303,33.36329381894643],[35.7236699999994,33.34065],[35.761749999999665,33.38824000000022],[35.852170000000115,33.35016999999971],[35.933069999999134,33.297819999999774],[35.875959999999395,33.23120000000017],[36.00445000000036,33.16457000000082],[36.11211999999978,33.19811999999911],[36.17101,33.15505999999914],[36.273629999999685,33.16529000000082],[36.32003000000077,33.14744000000064],[36.35215000000062,33.19918999999936],[36.393200000000434,33.21169],[36.42532000000028,33.27414999999928],[36.4735,33.26521999999932],[36.50919000000067,33.16885999999977],[36.542079873366816,33.12061479535416],[36.606879999999364,33.14471000000049],[36.859340000000884,33.09101],[37.03951000000052,33.0313100000003],[37.20490881993432,32.848977928589015]]]},"properties":{"areaId":"syria","provenance":{"dataset":"AWMC geodata","version":"commit:7ecf8bccea2efe1e1e9df2daf6001942de73fb87;paths:Cultural-Data/political_shading/roman_empire_ce_200_provinces/roman_empire_ce_200_provinces.geojson|Physical Data/shoreline/shoreline.geojson|Cultural-Data/political_shading/roman_empire_ce_117_extent/roman_empire_ce_117_extent.geojson|Cultural-Data/political_shading/roman_empire_ce_200_extent/roman_empire_ce_200_extent.geojson|Cultural-Data/political_shading/roman_empire_bce_60/roman_empire_bce_60.geojson|Cultural-Data/political_shading/herod/herods_kingdom.geojson|Cultural-Data/political_shading/senatorial_province/roman_senatorial_provinces.geojson;ne-commit:ca96624a56bd078437bca8184e78163e5039ad19;ne-path:geojson/ne_10m_rivers_lake_centerlines.geojson","upstreamFeatureIds":["awmc:province-cell-c0277"],"changes":[{"kind":"polygonize-union","detail":"Polygonized AD 200 province lines with AWMC coastline and empire extent, then unioned cells c0277 by reference towns.","sources":["awmc:roman-empire-ce-200-provinces","awmc:roman-empire-ce-117-extent","awmc:roman-empire-ce-200-extent","awmc:roman-empire-bce-60-extent","awmc:herod-outline","awmc:roman-senatorial-provinces","awmc:shoreline","bib:josephus-jewish-war","bib:strabo-geography"]},{"kind":"reference-towns","detail":"Damascus(36.309,33.512)=>c0277","sources":["awmc:reference-town-point-in-polygon"]}]}}},
{"type":"Feature","geometry":{"type":"Polygon","coordinates":[[[28.98723805984319,41.01655258511084],[28.8129399999998,40.97813999999926],[28.842459999999846,40.95946999999978],[28.98723805984319,41.01655258511084]]]},"properties":{"areaId":"thrace","provenance":{"dataset":"AWMC geodata","version":"commit:7ecf8bccea2efe1e1e9df2daf6001942de73fb87;paths:Cultural-Data/political_shading/roman_empire_ce_200_provinces/roman_empire_ce_200_provinces.geojson|Physical Data/shoreline/shoreline.geojson|Cultural-Data/political_shading/roman_empire_ce_117_extent/roman_empire_ce_117_extent.geojson|Cultural-Data/political_shading/roman_empire_ce_200_extent/roman_empire_ce_200_extent.geojson|Cultural-Data/political_shading/roman_empire_bce_60/roman_empire_bce_60.geojson|Cultural-Data/political_shading/herod/herods_kingdom.geojson|Cultural-Data/political_shading/senatorial_province/roman_senatorial_provinces.geojson;ne-commit:ca96624a56bd078437bca8184e78163e5039ad19;ne-path:geojson/ne_10m_rivers_lake_centerlines.geojson","upstreamFeatureIds":["awmc:province-cell-c11161"],"changes":[{"kind":"polygonize-union","detail":"Polygonized AD 200 province lines with AWMC coastline and empire extent, then unioned cells c11161 by reference towns.","sources":["awmc:roman-empire-ce-200-provinces","awmc:roman-empire-ce-117-extent","awmc:roman-empire-ce-200-extent","awmc:roman-empire-bce-60-extent","awmc:herod-outline","awmc:roman-senatorial-provinces","awmc:shoreline","bib:josephus-jewish-war","bib:strabo-geography"]},{"kind":"reference-towns","detail":"Byzantium(28.980,41.010)=>c11161","sources":["awmc:reference-town-point-in-polygon"]}]}}}
]}