{"type":"FeatureCollection","features":[{"type":"Feature","properties":{"roadId":"awmc-road-0-2521","major":true,"known":true,"timeperiod":"RL","provenance":{"dataset":"AWMC geodata","version":"commit:7ecf8bccea2efe1e1e9df2daf6001942de73fb87;path:Cultural-Data/roads/roads.geojson","upstreamFeatureIds":["awmc:roads-objectid-0","awmc:roads-feature-2521"],"changes":[{"kind":"filter","detail":"An AWMC major road of the Roman period (Barrington \"R\", 30 BC – AD 300) in 10–40°E, 28–45°N (ADR-0037 item 5).","sources":["awmc:roads-major-filter","awmc:roads-roman-period-filter"]},{"kind":"date-exclusions","detail":"Left out as later than AD 100, by AWMC OBJECTID: 1320, 1363, 1403 and 1407 (in Dacia, conquered 101–106), 1203 (the Via Traiana Nova, Trajanic), 2169 (the Via Herculia, late third century) and 2698 (to Gheriat el-Garbia, a fort of 201); the evidence is in docs/verification/M4-ancient-geometry.md, \"Roads\". Roads with no Barrington period, such as the Via Nova Traiana and the Strata Diocletiana, are left out by the period rule.","sources":["bib:livius-trajan","bib:cassius-dio-roman-history","pleiades:469059303","pleiades:344374"]}]}},"geometry":{"type":"MultiLineString","coordinates":[[[13.84418,44.86197],[13.84581,44.87518],[13.86488,44.89052],[13.87059,44.91765],[13.86916,44.94478],[13.85346,44.97333],[13.83062,44.99903],[13.79849,45.03115],[13.7935,45.06684],[13.77494,45.11181],[13.74995,45.13751],[13.72568,45.15464],[13.66501,45.19462],[13.61432,45.21532],[13.60005,45.22032],[13.62003,45.2296],[13.675,45.271],[13.69641,45.2867],[13.7421,45.31597],[13.7471,45.32525],[13.74567,45.33739],[13.72727,45.35551],[13.70926,45.37094],[13.68999,45.39164],[13.66643,45.43233],[13.66643,45.46945],[13.67714,45.49871],[13.69856,45.52227],[13.75709,45.53369],[13.76637,45.54297],[13.7678,45.56439],[13.76994,45.58223],[13.78422,45.59508],[13.81206,45.60936],[13.81277,45.61578],[13.80635,45.62649],[13.7859,45.63948]]]}},{"type":"Feature","properties":{"roadId":"awmc-road-0-2549","major":true,"known":false,"timeperiod":"RL","provenance":{"dataset":"AWMC geodata","version":"commit:7ecf8bccea2efe1e1e9df2daf6001942de73fb87;path:Cultural-Data/roads/roads.geojson","upstreamFeatureIds":["awmc:roads-objectid-0","awmc:roads-feature-2549"],"changes":[{"kind":"filter","detail":"An AWMC major road of the Roman period (Barrington \"R\", 30 BC – AD 300) in 10–40°E, 28–45°N (ADR-0037 item 5).","sources":["awmc:roads-major-filter","awmc:roads-roman-period-filter"]},{"kind":"date-exclusions","detail":"Left out as later than AD 100, by AWMC OBJECTID: 1320, 1363, 1403 and 1407 (in Dacia, conquered 101–106), 1203 (the Via Traiana Nova, Trajanic), 2169 (the Via Herculia, late third century) and 2698 (to Gheriat el-Garbia, a fort of 201); the evidence is in docs/verification/M4-ancient-geometry.md, \"Roads\". Roads with no Barrington period, such as the Via Nova Traiana and the Strata Diocletiana, are left out by the period rule.","sources":["bib:livius-trajan","bib:cassius-dio-roman-history","pleiades:469059303","pleiades:344374"]}]}},"geometry":{"type":"MultiLineString","coordinates":[[[19.10101,44.43316],[19.08641,44.44267],[19.07119,44.44839],[19.05691,44.46076],[19.04644,44.46932],[19.03216,44.47694],[19.02074,44.48265],[19.01027,44.48836],[19.00742,44.49407],[19.00551,44.50264],[19.00075,44.5093],[18.99314,44.51406],[18.98362,44.51787],[18.97601,44.52453],[18.97125,44.5369],[18.97506,44.54832],[18.97886,44.5626],[18.97601,44.57402],[18.96649,44.58449],[18.95126,44.5902],[18.93413,44.59782],[18.92747,44.60162],[18.91509,44.61685],[18.90418,44.63632],[18.89181,44.6506],[18.87658,44.66964]]]}},{"type":"Feature","properties":{"roadId":"awmc-road-0-2652","major":false,"known":false,"timeperiod":"RL?","provenance":{"dataset":"AWMC geodata","version":"commit:7ecf8bccea2efe1e1e9df2daf6001942de73fb87;path:Cultural-Data/roads/roads.geojson","upstreamFeatureIds":["awmc:roads-objectid-0","awmc:roads-feature-2652"],"changes":[{"kind":"filter","detail":"An AWMC minor road of the Roman period (Barrington \"R\", 30 BC – AD 300) that passes within 50 km of one of our places (ADR-0037's update of 2026-10-08, item 1).","sources":["awmc:roads-minor-near-places-filter","awmc:roads-roman-period-filter"]},{"kind":"date-exclusions","detail":"Left out as later than AD 100, by AWMC OBJECTID: 1320, 1363, 1403 and 1407 (in Dacia, conquered 101–106), 1203 (the Via Traiana Nova, Trajanic), 2169 (the Via Herculia, late third century) and 2698 (to Gheriat el-Garbia, a fort of 201); the evidence is in docs/verification/M4-ancient-geometry.md, \"Roads\". Roads with no Barrington period, such as the Via Nova Traiana and the Strata Diocletiana, are left out by the period rule.","sources":["bib:livius-trajan","bib:cassius-dio-roman-history","pleiades:469059303","pleiades:344374"]}]}},"geometry":{"type":"MultiLineString","coordinates":[[[19.75886,40.77499],[19.7725,40.76589],[19.79808,40.75697],[19.83259,40.74448],[19.86411,40.73734],[19.901,40.73139],[19.94145,40.72485],[19.97416,40.7189],[20.02235,40.70938],[20.0509,40.69867],[20.07529,40.6838],[20.08778,40.6725],[20.10503,40.64692],[20.11872,40.63145],[20.1324,40.61063],[20.14608,40.59041],[20.16987,40.57316],[20.19843,40.55352],[20.23674,40.53385],[20.25292,40.52005],[20.26434,40.50339],[20.27719,40.49054],[20.28862,40.47864],[20.30004,40.47103],[20.31384,40.46532],[20.32954,40.46151],[20.34763,40.45961],[20.37332,40.45866],[20.39236,40.45723],[20.41282,40.45628],[20.42948,40.45771],[20.46089,40.45675],[20.48754,40.45152],[20.50943,40.44724],[20.53132,40.44248],[20.55274,40.44343],[20.56225,40.44486],[20.58148,40.44819],[20.60147,40.45342],[20.61812,40.46199],[20.64049,40.47674],[20.66143,40.50244],[20.68979,40.5467],[20.70264,40.56764],[20.72453,40.58715],[20.74547,40.60809],[20.77878,40.63759],[20.81686,40.66757],[20.84284,40.68466],[20.86549,40.69941],[20.88929,40.70036],[20.91023,40.69608],[20.9226,40.69275],[20.94116,40.67942],[20.95686,40.66039],[20.96876,40.64135],[20.97733,40.62041],[20.98637,40.6009],[21.00017,40.58662],[21.01064,40.57568],[21.0292,40.56188],[21.04062,40.55474],[21.06251,40.54332],[21.07917,40.53713],[21.10487,40.53047],[21.12914,40.52857],[21.16321,40.52809],[21.18986,40.52666],[21.23555,40.52428],[21.25649,40.50905],[21.25982,40.48193],[21.266,40.47146],[21.276,40.45623],[21.29741,40.44528],[21.32901,40.43291],[21.34519,40.43148],[21.35899,40.42768],[21.37374,40.42244],[21.37946,40.40912],[21.38612,40.38251],[21.39183,40.37014],[21.40373,40.36348],[21.43228,40.35539],[21.45227,40.35396],[21.47083,40.3492],[21.48558,40.34682],[21.49938,40.34587],[21.51937,40.34635],[21.54078,40.34873],[21.59199,40.34587],[21.62387,40.34349],[21.6529,40.33635],[21.67241,40.32636],[21.69193,40.31589],[21.71724,40.30542],[21.74009,40.30447],[21.76926,40.30719],[21.78149,40.31303],[21.80195,40.32493],[21.82051,40.33873],[21.84431,40.35682],[21.86572,40.36919],[21.89694,40.37728],[21.92502,40.38013],[21.93692,40.38109],[21.95357,40.38013],[21.97499,40.38013],[21.99593,40.37871],[22.01449,40.38109],[22.03257,40.38299],[22.04018,40.38394],[22.05579,40.38632],[22.06959,40.39251],[22.08577,40.40488],[22.09958,40.41345],[22.1129,40.41583],[22.12175,40.42011],[22.13508,40.4301],[22.1365,40.4439],[22.14269,40.45295],[22.15554,40.46389],[22.16458,40.48055],[22.1722,40.48816],[22.18409,40.49958],[22.18743,40.51386],[22.19552,40.52909],[22.2015,40.53156]]]}},{"type":"Feature","properties":{"roadId":"awmc-road-0-2657","major":true,"known":false,"timeperiod":"RL","provenance":{"dataset":"AWMC geodata","version":"commit:7ecf8bccea2efe1e1e9df2daf6001942de73fb87;path:Cultural-Data/roads/roads.geojson","upstreamFeatureIds":["awmc:roads-objectid-0","awmc:roads-feature-2657"],"changes":[{"kind":"filter","detail":"An AWMC major road of the Roman period (Barrington \"R\", 30 BC – AD 300) in 10–40°E, 28–45°N (ADR-0037 item 5).","sources":["awmc:roads-major-filter","awmc:roads-roman-period-filter"]},{"kind":"date-exclusions","detail":"Left out as later than AD 100, by AWMC OBJECTID: 1320, 1363, 1403 and 1407 (in Dacia, conquered 101–106), 1203 (the Via Traiana Nova, Trajanic), 2169 (the Via Herculia, late third century) and 2698 (to Gheriat el-Garbia, a fort of 201); the evidence is in docs/verification/M4-ancient-geometry.md, \"Roads\". Roads with no Barrington period, such as the Via Nova Traiana and the Strata Diocletiana, are left out by the period rule.","sources":["bib:livius-trajan","bib:cassius-dio-roman-history","pleiades:469059303","pleiades:344374"]}]}},"geometry":{"type":"MultiLineString","coordinates":[[[23.3346,42.72858],[23.36268,42.71335],[23.39235,42.70651],[23.43161,42.6952],[23.46671,42.68271],[23.50657,42.67081],[23.56891,42.64702],[23.57783,42.64464],[23.62958,42.62608],[23.66263,42.60588],[23.69383,42.58682],[23.72476,42.55886],[23.73607,42.53269],[23.75028,42.4877],[23.78128,42.44286],[23.804,42.41954],[23.85694,42.37969],[23.92178,42.344],[23.96283,42.31723]]]}},{"type":"Feature","properties":{"roadId":"awmc-road-0-2694","major":false,"known":false,"timeperiod":"R","provenance":{"dataset":"AWMC geodata","version":"commit:7ecf8bccea2efe1e1e9df2daf6001942de73fb87;path:Cultural-Data/roads/roads.geojson","upstreamFeatureIds":["awmc:roads-objectid-0","awmc:roads-feature-2694"],"changes":[{"kind":"filter","detail":"An AWMC minor road of the Roman period (Barrington \"R\", 30 BC – AD 300) that passes within 50 km of one of our places (ADR-0037's update of 2026-10-08, item 1).","sources":["awmc:roads-minor-near-places-filter","awmc:roads-roman-period-filter"]},{"kind":"date-exclusions","detail":"Left out as later than AD 100, by AWMC OBJECTID: 1320, 1363, 1403 and 1407 (in Dacia, conquered 101–106), 1203 (the Via Traiana Nova, Trajanic), 2169 (the Via Herculia, late third century) and 2698 (to Gheriat el-Garbia, a fort of 201); the evidence is in docs/verification/M4-ancient-geometry.md, \"Roads\". Roads with no Barrington period, such as the Via Nova Traiana and the Strata Diocletiana, are left out by the period rule.","sources":["bib:livius-trajan","bib:cassius-dio-roman-history","pleiades:469059303","pleiades:344374"]}]}},"geometry":{"type":"MultiLineString","coordinates":[[[32.23845,38.25368],[32.22382,38.26653],[32.20098,38.28865],[32.17849,38.31185],[32.16314,38.3297]]]}},{"type":"Feature","properties":{"roadId":"awmc-road-0-2795","major":true,"known":false,"timeperiod":"HRL","provenance":{"dataset":"AWMC geodata","version":"commit:7ecf8bccea2efe1e1e9df2daf6001942de73fb87;path:Cultural-Data/roads/roads.geojson","upstreamFeatureIds":["awmc:roads-objectid-0","awmc:roads-feature-2795"],"changes":[{"kind":"filter","detail":"An AWMC major road of the Roman period (Barrington \"R\", 30 BC – AD 300) in 10–40°E, 28–45°N (ADR-0037 item 5).","sources":["awmc:roads-major-filter","awmc:roads-roman-period-filter"]},{"kind":"date-exclusions","detail":"Left out as later than AD 100, by AWMC OBJECTID: 1320, 1363, 1403 and 1407 (in Dacia, conquered 101–106), 1203 (the Via Traiana Nova, Trajanic), 2169 (the Via Herculia, late third century) and 2698 (to Gheriat el-Garbia, a fort of 201); the evidence is in docs/verification/M4-ancient-geometry.md, \"Roads\". Roads with no Barrington period, such as the Via Nova Traiana and the Strata Diocletiana, are left out by the period rule.","sources":["bib:livius-trajan","bib:cassius-dio-roman-history","pleiades:469059303","pleiades:344374"]}]}},"geometry":{"type":"MultiLineString","coordinates":[[[16.25662,31.22503],[16.31707,31.22257],[16.3549,31.21971],[16.39844,31.21543],[16.43199,31.21258],[16.47911,31.20972],[16.52551,31.20829],[16.54764,31.20972],[16.57009,31.2061]]]}},{"type":"Feature","properties":{"roadId":"awmc-road-0-2831","major":false,"known":false,"timeperiod":"RL","provenance":{"dataset":"AWMC geodata","version":"commit:7ecf8bccea2efe1e1e9df2daf6001942de73fb87;path:Cultural-Data/roads/roads.geojson","upstreamFeatureIds":["awmc:roads-objectid-0","awmc:roads-feature-2831"],"changes":[{"kind":"filter","detail":"An AWMC minor road of the Roman period (Barrington \"R\", 30 BC – AD 300) that passes within 50 km of one of our places (ADR-0037's update of 2026-10-08, item 1).","sources":["awmc:roads-minor-near-places-filter","awmc:roads-roman-period-filter"]},{"kind":"date-exclusions","detail":"Left out as later than AD 100, by AWMC OBJECTID: 1320, 1363, 1403 and 1407 (in Dacia, conquered 101–106), 1203 (the Via Traiana Nova, Trajanic), 2169 (the Via Herculia, late third century) and 2698 (to Gheriat el-Garbia, a fort of 201); the evidence is in docs/verification/M4-ancient-geometry.md, \"Roads\". Roads with no Barrington period, such as the Via Nova Traiana and the Strata Diocletiana, are left out by the period rule.","sources":["bib:livius-trajan","bib:cassius-dio-roman-history","pleiades:469059303","pleiades:344374"]}]}},"geometry":{"type":"MultiLineString","coordinates":[[[10.89464,43.93567],[10.89248,43.95036],[10.89034,43.96416],[10.88891,43.97011]]]}},{"type":"Feature","properties":{"roadId":"awmc-road-0-2844","major":false,"known":false,"timeperiod":"HRL","provenance":{"dataset":"AWMC geodata","version":"commit:7ecf8bccea2efe1e1e9df2daf6001942de73fb87;path:Cultural-Data/roads/roads.geojson","upstreamFeatureIds":["awmc:roads-objectid-0","awmc:roads-feature-2844"],"changes":[{"kind":"filter","detail":"An AWMC minor road of the Roman period (Barrington \"R\", 30 BC – AD 300) that passes within 50 km of one of our places (ADR-0037's update of 2026-10-08, item 1).","sources":["awmc:roads-minor-near-places-filter","awmc:roads-roman-period-filter"]},{"kind":"date-exclusions","detail":"Left out as later than AD 100, by AWMC OBJECTID: 1320, 1363, 1403 and 1407 (in Dacia, conquered 101–106), 1203 (the Via Traiana Nova, Trajanic), 2169 (the Via Herculia, late third century) and 2698 (to Gheriat el-Garbia, a fort of 201); the evidence is in docs/verification/M4-ancient-geometry.md, \"Roads\". Roads with no Barrington period, such as the Via Nova Traiana and the Strata Diocletiana, are left out by the period rule.","sources":["bib:livius-trajan","bib:cassius-dio-roman-history","pleiades:469059303","pleiades:344374"]}]}},"geometry":{"type":"MultiLineString","coordinates":[[[12.42664,41.90232],[12.42663,41.90232],[12.42043,41.90543],[12.41424,41.90605],[12.41034,41.90643],[12.4071,41.90843],[12.40548,41.91024],[12.40253,41.91176],[12.39816,41.91233],[12.39501,41.91423],[12.38968,41.91471],[12.38616,41.91652],[12.38407,41.91766],[12.37998,41.91842],[12.37798,41.91918],[12.37455,41.92356],[12.37322,41.92461],[12.37151,41.92499],[12.36461,41.92613],[12.35975,41.92851],[12.3569,41.9307],[12.35166,41.93127],[12.35004,41.9346],[12.34757,41.93708],[12.34662,41.93917],[12.34481,41.94012],[12.34262,41.94117],[12.34195,41.94374],[12.33881,41.94678],[12.33672,41.95145],[12.33424,41.95782],[12.33148,41.96287],[12.3291,41.96658],[12.32687,41.96896],[12.32419,41.96888],[12.32191,41.96838],[12.31798,41.96689],[12.31484,41.96503],[12.31334,41.96489],[12.31048,41.96517],[12.30777,41.96467],[12.3052,41.96581],[12.3037,41.96603],[12.30092,41.96553],[12.29767,41.96639],[12.29482,41.96603],[12.29317,41.96667],[12.29167,41.96703],[12.28761,41.96696],[12.28532,41.96724],[12.28154,41.9691],[12.27904,41.96967],[12.2749,41.96988],[12.26969,41.9696],[12.26583,41.97074],[12.26187,41.97324],[12.25944,41.97617],[12.25845,41.97667],[12.25652,41.97681],[12.25009,41.97567],[12.24674,41.97481],[12.24374,41.97481],[12.2421,41.97467],[12.24031,41.97417],[12.2361,41.97424],[12.23296,41.97452],[12.23125,41.97438],[12.22707,41.97324],[12.22329,41.97295],[12.22001,41.97181],[12.21558,41.96946],[12.21201,41.9681],[12.21101,41.9681],[12.20751,41.96938],[12.20537,41.96974],[12.20152,41.96953],[12.1977,41.96996],[12.19099,41.97174],[12.18656,41.97181],[12.18199,41.97374],[12.17814,41.9736],[12.17357,41.97474],[12.16879,41.97617],[12.16572,41.97588],[12.16022,41.97681],[12.15337,41.97609],[12.14662,41.97681],[12.14013,41.97624],[12.13806,41.97631],[12.13563,41.97717],[12.13092,41.97674],[12.12335,41.97759],[12.12014,41.97759],[12.11714,41.97681],[12.11414,41.97638],[12.11136,41.98145],[12.10808,41.98716],[12.10675,41.98987],[12.10533,41.99123]]]}},{"type":"Feature","properties":{"roadId":"awmc-road-0-2845","major":false,"known":false,"timeperiod":"ACHRL","provenance":{"dataset":"AWMC geodata","version":"commit:7ecf8bccea2efe1e1e9df2daf6001942de73fb87;path:Cultural-Data/roads/roads.geojson","upstreamFeatureIds":["awmc:roads-objectid-0","awmc:roads-feature-2845"],"changes":[{"kind":"filter","detail":"An AWMC minor road of the Roman period (Barrington \"R\", 30 BC – AD 300) that passes within 50 km of one of our places (ADR-0037's update of 2026-10-08, item 1).","sources":["awmc:roads-minor-near-places-filter","awmc:roads-roman-period-filter"]},{"kind":"date-exclusions","detail":"Left out as later than AD 100, by AWMC OBJECTID: 1320, 1363, 1403 and 1407 (in Dacia, conquered 101–106), 1203 (the Via Traiana Nova, Trajanic), 2169 (the Via Herculia, late third century) and 2698 (to Gheriat el-Garbia, a fort of 201); the evidence is in docs/verification/M4-ancient-geometry.md, \"Roads\". Roads with no Barrington period, such as the Via Nova Traiana and the Strata Diocletiana, are left out by the period rule.","sources":["bib:livius-trajan","bib:cassius-dio-roman-history","pleiades:469059303","pleiades:344374"]}]}},"geometry":{"type":"MultiLineString","coordinates":[[[12.46372,41.89723],[12.45761,41.90561],[12.45439,41.91003],[12.45182,41.91432],[12.44887,41.91755],[12.44868,41.92041],[12.44649,41.92288],[12.44534,41.92707],[12.44306,41.93088],[12.43992,41.93411],[12.4343,41.93811],[12.42974,41.93887],[12.42555,41.94144],[12.42117,41.94544],[12.41898,41.94772],[12.41736,41.95134],[12.41613,41.95277],[12.4126,41.95619],[12.41137,41.95915],[12.41156,41.964],[12.41089,41.96619],[12.40851,41.9699],[12.40804,41.97666],[12.40683,41.98521],[12.40634,41.98747],[12.40597,41.9892],[12.40302,41.99596],[12.39855,42.00434],[12.39646,42.00881],[12.39608,42.011],[12.39655,42.0149],[12.39893,42.01985],[12.40245,42.02033]]]}},{"type":"Feature","properties":{"roadId":"awmc-road-0-2846","major":false,"known":true,"timeperiod":"RL?","provenance":{"dataset":"AWMC geodata","version":"commit:7ecf8bccea2efe1e1e9df2daf6001942de73fb87;path:Cultural-Data/roads/roads.geojson","upstreamFeatureIds":["awmc:roads-objectid-0","awmc:roads-feature-2846"],"changes":[{"kind":"filter","detail":"An AWMC minor road of the Roman period (Barrington \"R\", 30 BC – AD 300) that passes within 50 km of one of our places (ADR-0037's update of 2026-10-08, item 1).","sources":["awmc:roads-minor-near-places-filter","awmc:roads-roman-period-filter"]},{"kind":"date-exclusions","detail":"Left out as later than AD 100, by AWMC OBJECTID: 1320, 1363, 1403 and 1407 (in Dacia, conquered 101–106), 1203 (the Via Traiana Nova, Trajanic), 2169 (the Via Herculia, late third century) and 2698 (to Gheriat el-Garbia, a fort of 201); the evidence is in docs/verification/M4-ancient-geometry.md, \"Roads\". Roads with no Barrington period, such as the Via Nova Traiana and the Strata Diocletiana, are left out by the period rule.","sources":["bib:livius-trajan","bib:cassius-dio-roman-history","pleiades:469059303","pleiades:344374"]}]}},"geometry":{"type":"MultiLineString","coordinates":[[[13.10487,41.92593],[13.10316,41.92859],[13.10202,41.92916],[13.09735,41.92878],[13.09374,41.92821],[13.09022,41.9285],[13.08393,41.92993],[13.0807,41.93078],[13.07708,41.93107],[13.07327,41.93221],[13.06699,41.9403],[13.06052,41.94906],[13.05548,41.95496],[13.04586,41.96486],[13.04006,41.97095],[13.03644,41.97742],[13.03254,41.98256],[13.02778,41.98827],[13.02721,41.99027],[13.02711,41.99198],[13.02616,41.99322],[13.02283,41.99512],[13.02159,41.99703],[13.02055,41.99941],[13.02083,42.00607],[13.01959,42.00854],[13.0155,42.01187],[13.0056,42.01968],[13.00093,42.0237],[13.00093,42.0237]]]}},{"type":"Feature","properties":{"roadId":"awmc-road-0-2847","major":false,"known":true,"timeperiod":"ACHRL","provenance":{"dataset":"AWMC geodata","version":"commit:7ecf8bccea2efe1e1e9df2daf6001942de73fb87;path:Cultural-Data/roads/roads.geojson","upstreamFeatureIds":["awmc:roads-objectid-0","awmc:roads-feature-2847"],"changes":[{"kind":"filter","detail":"An AWMC minor road of the Roman period (Barrington \"R\", 30 BC – AD 300) that passes within 50 km of one of our places (ADR-0037's update of 2026-10-08, item 1).","sources":["awmc:roads-minor-near-places-filter","awmc:roads-roman-period-filter"]},{"kind":"date-exclusions","detail":"Left out as later than AD 100, by AWMC OBJECTID: 1320, 1363, 1403 and 1407 (in Dacia, conquered 101–106), 1203 (the Via Traiana Nova, Trajanic), 2169 (the Via Herculia, late third century) and 2698 (to Gheriat el-Garbia, a fort of 201); the evidence is in docs/verification/M4-ancient-geometry.md, \"Roads\". Roads with no Barrington period, such as the Via Nova Traiana and the Strata Diocletiana, are left out by the period rule.","sources":["bib:livius-trajan","bib:cassius-dio-roman-history","pleiades:469059303","pleiades:344374"]}]}},"geometry":{"type":"MultiLineString","coordinates":[[[12.66701,41.92498],[12.67122,41.92448],[12.67008,41.9232],[12.66758,41.91991],[12.66416,41.9172],[12.66194,41.9162],[12.65852,41.91542],[12.65502,41.91463],[12.65031,41.91427],[12.64631,41.91413],[12.64296,41.91385],[12.6411,41.9137],[12.6371,41.91449],[12.63453,41.91534],[12.63261,41.9167],[12.63132,41.9172],[12.62754,41.9172],[12.62304,41.91706],[12.61847,41.91656],[12.61526,41.91656],[12.60905,41.91642],[12.60541,41.91606],[12.60298,41.91542],[12.5997,41.91427],[12.59627,41.91263],[12.59327,41.91028],[12.59056,41.90828],[12.58728,41.90714],[12.58563,41.90678],[12.58164,41.90635],[12.57757,41.90642],[12.57521,41.90621],[12.56857,41.90549],[12.56322,41.90428],[12.5558,41.90307],[12.54737,41.90128],[12.54145,41.90035],[12.53669,41.9],[12.51801,41.90191],[12.51199,41.90252]]]}},{"type":"Feature","properties":{"roadId":"awmc-road-0-2849","major":false,"known":false,"timeperiod":"HRL","provenance":{"dataset":"AWMC geodata","version":"commit:7ecf8bccea2efe1e1e9df2daf6001942de73fb87;path:Cultural-Data/roads/roads.geojson","upstreamFeatureIds":["awmc:roads-objectid-0","awmc:roads-feature-2849"],"changes":[{"kind":"filter","detail":"An AWMC minor road of the Roman period (Barrington \"R\", 30 BC – AD 300) that passes within 50 km of one of our places (ADR-0037's update of 2026-10-08, item 1).","sources":["awmc:roads-minor-near-places-filter","awmc:roads-roman-period-filter"]},{"kind":"date-exclusions","detail":"Left out as later than AD 100, by AWMC OBJECTID: 1320, 1363, 1403 and 1407 (in Dacia, conquered 101–106), 1203 (the Via Traiana Nova, Trajanic), 2169 (the Via Herculia, late third century) and 2698 (to Gheriat el-Garbia, a fort of 201); the evidence is in docs/verification/M4-ancient-geometry.md, \"Roads\". Roads with no Barrington period, such as the Via Nova Traiana and the Strata Diocletiana, are left out by the period rule.","sources":["bib:livius-trajan","bib:cassius-dio-roman-history","pleiades:469059303","pleiades:344374"]}]}},"geometry":{"type":"MultiLineString","coordinates":[[[12.26345,41.78703],[12.26692,41.79412],[12.2633,41.80105],[12.25968,41.80557],[12.2526,41.81145],[12.25064,41.81281],[12.23933,41.82095]],[[12.23225,41.82728],[12.21657,41.84447],[12.20873,41.85352],[12.20255,41.8606],[12.19968,41.86512],[12.19395,41.86829],[12.19018,41.87176],[12.1837,41.87884],[12.17209,41.89106],[12.16666,41.89678],[12.16516,41.9007],[12.16154,41.90478],[12.15867,41.90749],[12.15129,41.91503],[12.14722,41.9194],[12.13742,41.92513],[12.12852,41.9295],[12.12264,41.93206],[12.1151,41.93568],[12.11088,41.93779],[12.10395,41.93659],[12.10093,41.93674]]]}},{"type":"Feature","properties":{"roadId":"awmc-road-1062-95","major":true,"known":false,"timeperiod":"R","provenance":{"dataset":"AWMC geodata","version":"commit:7ecf8bccea2efe1e1e9df2daf6001942de73fb87;path:Cultural-Data/roads/roads.geojson","upstreamFeatureIds":["awmc:roads-objectid-1062","awmc:roads-feature-95"],"changes":[{"kind":"filter","detail":"An AWMC major road of the Roman period (Barrington \"R\", 30 BC – AD 300) in 10–40°E, 28–45°N (ADR-0037 item 5).","sources":["awmc:roads-major-filter","awmc:roads-roman-period-filter"]},{"kind":"date-exclusions","detail":"Left out as later than AD 100, by AWMC OBJECTID: 1320, 1363, 1403 and 1407 (in Dacia, conquered 101–106), 1203 (the Via Traiana Nova, Trajanic), 2169 (the Via Herculia, late third century) and 2698 (to Gheriat el-Garbia, a fort of 201); the evidence is in docs/verification/M4-ancient-geometry.md, \"Roads\". Roads with no Barrington period, such as the Via Nova Traiana and the Strata Diocletiana, are left out by the period rule.","sources":["bib:livius-trajan","bib:cassius-dio-roman-history","pleiades:469059303","pleiades:344374"]}]}},"geometry":{"type":"MultiLineString","coordinates":[[[38.73995,39.99824],[38.74861,39.98158],[38.75739,39.96679],[38.76646,39.95639],[38.7828,39.94507],[38.80752,39.93716],[38.82942,39.93564],[38.85713,39.93575],[38.88764,39.94076],[38.90506,39.94505],[38.92979,39.94903],[38.94871,39.95137],[38.96659,39.95061],[38.98514,39.94793],[39.00293,39.94592],[39.01426,39.9448],[39.02492,39.9456],[39.03088,39.94911],[39.03386,39.95651],[39.04317,39.96112],[39.0503,39.9583]]]}},{"type":"Feature","properties":{"roadId":"awmc-road-1078-111","major":true,"known":false,"timeperiod":"R","provenance":{"dataset":"AWMC geodata","version":"commit:7ecf8bccea2efe1e1e9df2daf6001942de73fb87;path:Cultural-Data/roads/roads.geojson","upstreamFeatureIds":["awmc:roads-objectid-1078","awmc:roads-feature-111"],"changes":[{"kind":"filter","detail":"An AWMC major road of the Roman period (Barrington \"R\", 30 BC – AD 300) in 10–40°E, 28–45°N (ADR-0037 item 5).","sources":["awmc:roads-major-filter","awmc:roads-roman-period-filter"]},{"kind":"date-exclusions","detail":"Left out as later than AD 100, by AWMC OBJECTID: 1320, 1363, 1403 and 1407 (in Dacia, conquered 101–106), 1203 (the Via Traiana Nova, Trajanic), 2169 (the Via Herculia, late third century) and 2698 (to Gheriat el-Garbia, a fort of 201); the evidence is in docs/verification/M4-ancient-geometry.md, \"Roads\". Roads with no Barrington period, such as the Via Nova Traiana and the Strata Diocletiana, are left out by the period rule.","sources":["bib:livius-trajan","bib:cassius-dio-roman-history","pleiades:469059303","pleiades:344374"]}]}},"geometry":{"type":"MultiLineString","coordinates":[[[35.53559,36.99039],[35.56656,36.97869],[35.59512,36.967],[35.61892,36.95725],[35.64154,36.95038],[35.66434,36.95884],[35.68123,36.97214],[35.69809,36.98352],[35.7185,36.99007],[35.75086,36.99652],[35.78202,37.00201],[35.80968,37.01327],[35.8434,37.02926],[35.87116,37.04531],[35.89883,37.05463],[35.9301,37.0639],[35.96968,37.06828],[36.00442,37.06981],[36.03679,37.07232],[36.06552,37.07199],[36.0907,37.0736],[36.11112,37.07719],[36.14095,37.07202],[36.15889,37.07083],[36.18045,37.07151],[36.19605,37.07322],[36.21663,37.0835],[36.24325,37.09656],[36.26386,37.10779],[36.29533,37.12174],[36.31602,37.13583],[36.33788,37.14798],[36.36821,37.16288],[36.38889,37.17505],[36.40958,37.1872],[36.42599,37.19252],[36.42651,37.19269],[36.45283,37.18939],[36.48274,37.18602],[36.50547,37.18373],[36.53321,37.18902],[36.56702,37.19707],[36.58629,37.19961],[36.60426,37.19834],[36.62806,37.19119],[36.65785,37.18392],[36.69742,37.18318],[36.71518,37.18413],[36.72386,37.1846],[36.761,37.18292],[36.79218,37.1823],[36.82105,37.1846],[36.8782,37.19017],[36.9131,37.19327],[36.94555,37.19449],[36.97303,37.19101],[36.99681,37.18473],[37.01343,37.17956],[37.03977,37.178],[37.07584,37.18006],[37.11308,37.18111],[37.13487,37.18635],[37.1518,37.18979],[37.17099,37.18933],[37.18984,37.18023],[37.21015,37.17781],[37.23543,37.18007],[37.2581,37.17662],[37.28308,37.17119],[37.31301,37.16946],[37.34177,37.16871],[37.36698,37.16901],[37.42428,37.19053],[37.4707,37.20943],[37.49895,37.22402],[37.5213,37.24068],[37.54842,37.25625],[37.57895,37.2669],[37.62286,37.281],[37.6737,37.30062],[37.69942,37.31043],[37.71923,37.32232],[37.74608,37.33015],[37.78837,37.33366],[37.81523,37.34147],[37.83503,37.35238],[37.85628,37.36805],[37.89019,37.39581],[37.91022,37.41054],[37.94298,37.43832],[37.95426,37.44661],[37.98586,37.45133],[38.02831,37.45569],[38.06207,37.45551],[38.08641,37.45949],[38.10919,37.45678],[38.1363,37.44526],[38.15022,37.43516],[38.16084,37.43094],[38.17188,37.4344]]]}},{"type":"Feature","properties":{"roadId":"awmc-road-1079-112","major":true,"known":false,"timeperiod":"R","provenance":{"dataset":"AWMC geodata","version":"commit:7ecf8bccea2efe1e1e9df2daf6001942de73fb87;path:Cultural-Data/roads/roads.geojson","upstreamFeatureIds":["awmc:roads-objectid-1079","awmc:roads-feature-112"],"changes":[{"kind":"filter","detail":"An AWMC major road of the Roman period (Barrington \"R\", 30 BC – AD 300) in 10–40°E, 28–45°N (ADR-0037 item 5).","sources":["awmc:roads-major-filter","awmc:roads-roman-period-filter"]},{"kind":"date-exclusions","detail":"Left out as later than AD 100, by AWMC OBJECTID: 1320, 1363, 1403 and 1407 (in Dacia, conquered 101–106), 1203 (the Via Traiana Nova, Trajanic), 2169 (the Via Herculia, late third century) and 2698 (to Gheriat el-Garbia, a fort of 201); the evidence is in docs/verification/M4-ancient-geometry.md, \"Roads\". Roads with no Barrington period, such as the Via Nova Traiana and the Strata Diocletiana, are left out by the period rule.","sources":["bib:livius-trajan","bib:cassius-dio-roman-history","pleiades:469059303","pleiades:344374"]}]}},"geometry":{"type":"MultiLineString","coordinates":[[[35.71849,36.98911],[35.75183,36.97925],[35.79233,36.96931],[35.80783,36.96629],[35.8352,36.95837],[35.85426,36.95436],[35.87929,36.95028],[35.89949,36.94336],[35.92325,36.93545],[35.94464,36.92852],[35.9625,36.92545],[35.97439,36.92245],[35.9996,36.92984],[36.00932,36.93932],[36.03075,36.93524],[36.06511,36.92045],[36.10774,36.90172],[36.14071,36.8783],[36.16062,36.85983],[36.18166,36.83846],[36.20017,36.81138],[36.21056,36.79495],[36.21724,36.77282],[36.21542,36.74314],[36.21044,36.73266],[36.20994,36.70872],[36.20855,36.69916],[36.2222,36.66928],[36.22415,36.64914],[36.21783,36.63103],[36.21155,36.61483],[36.20527,36.59864],[36.19904,36.58436],[36.18689,36.57112],[36.17355,36.55693],[36.1626,36.54367],[36.16815,36.52445],[36.18206,36.50896],[36.20077,36.49626],[36.22068,36.48451],[36.23353,36.47571],[36.23441,36.46135],[36.23766,36.44695],[36.24449,36.43441],[36.2417,36.41436],[36.22944,36.39443],[36.21228,36.36597],[36.18897,36.32515],[36.18021,36.30136],[36.17146,36.27757],[36.16756,36.25945],[36.16361,36.23942],[36.16321,36.21935],[36.16888,36.20781]]]}},{"type":"Feature","properties":{"roadId":"awmc-road-1080-113","major":true,"known":false,"timeperiod":"R","provenance":{"dataset":"AWMC geodata","version":"commit:7ecf8bccea2efe1e1e9df2daf6001942de73fb87;path:Cultural-Data/roads/roads.geojson","upstreamFeatureIds":["awmc:roads-objectid-1080","awmc:roads-feature-113"],"changes":[{"kind":"filter","detail":"An AWMC major road of the Roman period (Barrington \"R\", 30 BC – AD 300) in 10–40°E, 28–45°N (ADR-0037 item 5).","sources":["awmc:roads-major-filter","awmc:roads-roman-period-filter"]},{"kind":"date-exclusions","detail":"Left out as later than AD 100, by AWMC OBJECTID: 1320, 1363, 1403 and 1407 (in Dacia, conquered 101–106), 1203 (the Via Traiana Nova, Trajanic), 2169 (the Via Herculia, late third century) and 2698 (to Gheriat el-Garbia, a fort of 201); the evidence is in docs/verification/M4-ancient-geometry.md, \"Roads\". Roads with no Barrington period, such as the Via Nova Traiana and the Strata Diocletiana, are left out by the period rule.","sources":["bib:livius-trajan","bib:cassius-dio-roman-history","pleiades:469059303","pleiades:344374"]}]}},"geometry":{"type":"MultiLineString","coordinates":[[[35.79331,36.7795],[35.82231,36.80895],[35.83928,36.82796],[35.85866,36.84886],[35.86964,36.86505],[35.88058,36.87836],[35.89036,36.8936],[35.90255,36.90978],[35.92325,36.93545]]]}},{"type":"Feature","properties":{"roadId":"awmc-road-1081-114","major":true,"known":true,"timeperiod":"R","provenance":{"dataset":"AWMC geodata","version":"commit:7ecf8bccea2efe1e1e9df2daf6001942de73fb87;path:Cultural-Data/roads/roads.geojson","upstreamFeatureIds":["awmc:roads-objectid-1081","awmc:roads-feature-114"],"changes":[{"kind":"filter","detail":"An AWMC major road of the Roman period (Barrington \"R\", 30 BC – AD 300) in 10–40°E, 28–45°N (ADR-0037 item 5).","sources":["awmc:roads-major-filter","awmc:roads-roman-period-filter"]},{"kind":"date-exclusions","detail":"Left out as later than AD 100, by AWMC OBJECTID: 1320, 1363, 1403 and 1407 (in Dacia, conquered 101–106), 1203 (the Via Traiana Nova, Trajanic), 2169 (the Via Herculia, late third century) and 2698 (to Gheriat el-Garbia, a fort of 201); the evidence is in docs/verification/M4-ancient-geometry.md, \"Roads\". Roads with no Barrington period, such as the Via Nova Traiana and the Strata Diocletiana, are left out by the period rule.","sources":["bib:livius-trajan","bib:cassius-dio-roman-history","pleiades:469059303","pleiades:344374"]}]}},"geometry":{"type":"MultiLineString","coordinates":[[[35.53337,36.75077],[35.56317,36.75442],[35.58938,36.75617],[35.61921,36.76171],[35.64309,36.76729],[35.67056,36.77476],[35.69083,36.77652],[35.72416,36.77434],[35.748,36.77606],[35.77303,36.77776],[35.7921,36.77855]]]}},{"type":"Feature","properties":{"roadId":"awmc-road-1082-115","major":false,"known":false,"timeperiod":"R","provenance":{"dataset":"AWMC geodata","version":"commit:7ecf8bccea2efe1e1e9df2daf6001942de73fb87;path:Cultural-Data/roads/roads.geojson","upstreamFeatureIds":["awmc:roads-objectid-1082","awmc:roads-feature-115"],"changes":[{"kind":"filter","detail":"An AWMC minor road of the Roman period (Barrington \"R\", 30 BC – AD 300) that passes within 50 km of one of our places (ADR-0037's update of 2026-10-08, item 1).","sources":["awmc:roads-minor-near-places-filter","awmc:roads-roman-period-filter"]},{"kind":"date-exclusions","detail":"Left out as later than AD 100, by AWMC OBJECTID: 1320, 1363, 1403 and 1407 (in Dacia, conquered 101–106), 1203 (the Via Traiana Nova, Trajanic), 2169 (the Via Herculia, late third century) and 2698 (to Gheriat el-Garbia, a fort of 201); the evidence is in docs/verification/M4-ancient-geometry.md, \"Roads\". Roads with no Barrington period, such as the Via Nova Traiana and the Strata Diocletiana, are left out by the period rule.","sources":["bib:livius-trajan","bib:cassius-dio-roman-history","pleiades:469059303","pleiades:344374"]}]}},"geometry":{"type":"MultiLineString","coordinates":[[[36.19421,36.58059],[36.16425,36.56663],[36.13323,36.55841],[36.10937,36.55201],[36.09386,36.54742],[36.06401,36.53725],[36.05088,36.53262],[36.04251,36.52889],[36.03152,36.51083],[35.999,36.48153],[35.97858,36.46548],[35.95235,36.45524],[35.93091,36.44781],[35.91533,36.43649],[35.90803,36.42413],[35.90198,36.41558],[35.96597,36.41969]]]}},{"type":"Feature","properties":{"roadId":"awmc-road-1083-116","major":true,"known":true,"timeperiod":"R","provenance":{"dataset":"AWMC geodata","version":"commit:7ecf8bccea2efe1e1e9df2daf6001942de73fb87;path:Cultural-Data/roads/roads.geojson","upstreamFeatureIds":["awmc:roads-objectid-1083","awmc:roads-feature-116"],"changes":[{"kind":"filter","detail":"An AWMC major road of the Roman period (Barrington \"R\", 30 BC – AD 300) in 10–40°E, 28–45°N (ADR-0037 item 5).","sources":["awmc:roads-major-filter","awmc:roads-roman-period-filter"]},{"kind":"date-exclusions","detail":"Left out as later than AD 100, by AWMC OBJECTID: 1320, 1363, 1403 and 1407 (in Dacia, conquered 101–106), 1203 (the Via Traiana Nova, Trajanic), 2169 (the Via Herculia, late third century) and 2698 (to Gheriat el-Garbia, a fort of 201); the evidence is in docs/verification/M4-ancient-geometry.md, \"Roads\". Roads with no Barrington period, such as the Via Nova Traiana and the Strata Diocletiana, are left out by the period rule.","sources":["bib:livius-trajan","bib:cassius-dio-roman-history","pleiades:469059303","pleiades:344374"]}]}},"geometry":{"type":"MultiLineString","coordinates":[[[35.93988,36.12451],[35.95736,36.11286],[35.97246,36.10027],[35.98281,36.08582],[35.98968,36.07428],[35.99656,36.0637],[35.99749,36.04936],[36.00307,36.0321],[36.01462,36.01955],[36.02145,36.00705],[36.02375,36.00416]]]}},{"type":"Feature","properties":{"roadId":"awmc-road-1084-117","major":true,"known":true,"timeperiod":"R","provenance":{"dataset":"AWMC geodata","version":"commit:7ecf8bccea2efe1e1e9df2daf6001942de73fb87;path:Cultural-Data/roads/roads.geojson","upstreamFeatureIds":["awmc:roads-objectid-1084","awmc:roads-feature-117"],"changes":[{"kind":"filter","detail":"An AWMC major road of the Roman period (Barrington \"R\", 30 BC – AD 300) in 10–40°E, 28–45°N (ADR-0037 item 5).","sources":["awmc:roads-major-filter","awmc:roads-roman-period-filter"]},{"kind":"date-exclusions","detail":"Left out as later than AD 100, by AWMC OBJECTID: 1320, 1363, 1403 and 1407 (in Dacia, conquered 101–106), 1203 (the Via Traiana Nova, Trajanic), 2169 (the Via Herculia, late third century) and 2698 (to Gheriat el-Garbia, a fort of 201); the evidence is in docs/verification/M4-ancient-geometry.md, \"Roads\". Roads with no Barrington period, such as the Via Nova Traiana and the Strata Diocletiana, are left out by the period rule.","sources":["bib:livius-trajan","bib:cassius-dio-roman-history","pleiades:469059303","pleiades:344374"]}]}},"geometry":{"type":"MultiLineString","coordinates":[[[35.97131,36.10219],[36.00893,36.09891],[36.03718,36.09858],[36.05605,36.10027],[36.07973,36.10763],[36.09049,36.11609],[36.10712,36.12353],[36.12256,36.13003],[36.14409,36.14695],[36.15627,36.16687],[36.16368,36.18398],[36.16627,36.19541],[36.17733,36.21725],[36.18582,36.22861],[36.19779,36.23706],[36.21451,36.24639],[36.23113,36.25094],[36.24173,36.24984],[36.25722,36.25631],[36.2785,36.25792],[36.29384,36.2577],[36.31861,36.25638],[36.3374,36.25227]]]}},{"type":"Feature","properties":{"roadId":"awmc-road-1085-118","major":true,"known":true,"timeperiod":"R","provenance":{"dataset":"AWMC geodata","version":"commit:7ecf8bccea2efe1e1e9df2daf6001942de73fb87;path:Cultural-Data/roads/roads.geojson","upstreamFeatureIds":["awmc:roads-objectid-1085","awmc:roads-feature-118"],"changes":[{"kind":"filter","detail":"An AWMC major road of the Roman period (Barrington \"R\", 30 BC – AD 300) in 10–40°E, 28–45°N (ADR-0037 item 5).","sources":["awmc:roads-major-filter","awmc:roads-roman-period-filter"]},{"kind":"date-exclusions","detail":"Left out as later than AD 100, by AWMC OBJECTID: 1320, 1363, 1403 and 1407 (in Dacia, conquered 101–106), 1203 (the Via Traiana Nova, Trajanic), 2169 (the Via Herculia, late third century) and 2698 (to Gheriat el-Garbia, a fort of 201); the evidence is in docs/verification/M4-ancient-geometry.md, \"Roads\". Roads with no Barrington period, such as the Via Nova Traiana and the Strata Diocletiana, are left out by the period rule.","sources":["bib:livius-trajan","bib:cassius-dio-roman-history","pleiades:469059303","pleiades:344374"]}]}},"geometry":{"type":"MultiLineString","coordinates":[[[36.15804,36.16783],[36.166,36.15339],[36.16682,36.13522],[36.17103,36.11032],[36.16818,36.08551],[36.16801,36.07692]]]}},{"type":"Feature","properties":{"roadId":"awmc-road-1086-119","major":true,"known":true,"timeperiod":"R","provenance":{"dataset":"AWMC geodata","version":"commit:7ecf8bccea2efe1e1e9df2daf6001942de73fb87;path:Cultural-Data/roads/roads.geojson","upstreamFeatureIds":["awmc:roads-objectid-1086","awmc:roads-feature-119"],"changes":[{"kind":"filter","detail":"An AWMC major road of the Roman period (Barrington \"R\", 30 BC – AD 300) in 10–40°E, 28–45°N (ADR-0037 item 5).","sources":["awmc:roads-major-filter","awmc:roads-roman-period-filter"]},{"kind":"date-exclusions","detail":"Left out as later than AD 100, by AWMC OBJECTID: 1320, 1363, 1403 and 1407 (in Dacia, conquered 101–106), 1203 (the Via Traiana Nova, Trajanic), 2169 (the Via Herculia, late third century) and 2698 (to Gheriat el-Garbia, a fort of 201); the evidence is in docs/verification/M4-ancient-geometry.md, \"Roads\". Roads with no Barrington period, such as the Via Nova Traiana and the Strata Diocletiana, are left out by the period rule.","sources":["bib:livius-trajan","bib:cassius-dio-roman-history","pleiades:469059303","pleiades:344374"]}]}},"geometry":{"type":"MultiLineString","coordinates":[[[36.47693,36.23862],[36.51368,36.24469],[36.54441,36.24607],[36.56575,36.24952],[36.58809,36.24626],[36.60804,36.24207],[36.62681,36.23791],[36.64574,36.23947],[36.67532,36.24178],[36.70006,36.24036],[36.73048,36.23116],[36.75025,36.22121],[36.76762,36.21035],[36.78035,36.20245],[36.78837,36.19464],[36.79043,36.18504],[36.79029,36.18026],[36.79482,36.17443],[36.81347,36.16736],[36.8297,36.15842],[36.83894,36.1525]]]}},{"type":"Feature","properties":{"roadId":"awmc-road-1087-120","major":true,"known":false,"timeperiod":"R","provenance":{"dataset":"AWMC geodata","version":"commit:7ecf8bccea2efe1e1e9df2daf6001942de73fb87;path:Cultural-Data/roads/roads.geojson","upstreamFeatureIds":["awmc:roads-objectid-1087","awmc:roads-feature-120"],"changes":[{"kind":"filter","detail":"An AWMC major road of the Roman period (Barrington \"R\", 30 BC – AD 300) in 10–40°E, 28–45°N (ADR-0037 item 5).","sources":["awmc:roads-major-filter","awmc:roads-roman-period-filter"]},{"kind":"date-exclusions","detail":"Left out as later than AD 100, by AWMC OBJECTID: 1320, 1363, 1403 and 1407 (in Dacia, conquered 101–106), 1203 (the Via Traiana Nova, Trajanic), 2169 (the Via Herculia, late third century) and 2698 (to Gheriat el-Garbia, a fort of 201); the evidence is in docs/verification/M4-ancient-geometry.md, \"Roads\". Roads with no Barrington period, such as the Via Nova Traiana and the Strata Diocletiana, are left out by the period rule.","sources":["bib:livius-trajan","bib:cassius-dio-roman-history","pleiades:469059303","pleiades:344374"]}]}},"geometry":{"type":"MultiLineString","coordinates":[[[36.34033,36.25226],[36.34837,36.24258],[36.35508,36.22622],[36.35924,36.20225],[36.35992,36.18121],[36.36295,36.15918],[36.36832,36.13712],[36.37494,36.1179],[36.3827,36.09771],[36.39141,36.06796],[36.39921,36.04968],[36.40585,36.03238],[36.40906,36.01895],[36.40514,36.00278]]]}},{"type":"Feature","properties":{"roadId":"awmc-road-1088-121","major":true,"known":false,"timeperiod":"R","provenance":{"dataset":"AWMC geodata","version":"commit:7ecf8bccea2efe1e1e9df2daf6001942de73fb87;path:Cultural-Data/roads/roads.geojson","upstreamFeatureIds":["awmc:roads-objectid-1088","awmc:roads-feature-121"],"changes":[{"kind":"filter","detail":"An AWMC major road of the Roman period (Barrington \"R\", 30 BC – AD 300) in 10–40°E, 28–45°N (ADR-0037 item 5).","sources":["awmc:roads-major-filter","awmc:roads-roman-period-filter"]},{"kind":"date-exclusions","detail":"Left out as later than AD 100, by AWMC OBJECTID: 1320, 1363, 1403 and 1407 (in Dacia, conquered 101–106), 1203 (the Via Traiana Nova, Trajanic), 2169 (the Via Herculia, late third century) and 2698 (to Gheriat el-Garbia, a fort of 201); the evidence is in docs/verification/M4-ancient-geometry.md, \"Roads\". Roads with no Barrington period, such as the Via Nova Traiana and the Strata Diocletiana, are left out by the period rule.","sources":["bib:livius-trajan","bib:cassius-dio-roman-history","pleiades:469059303","pleiades:344374"]}]}},"geometry":{"type":"MultiLineString","coordinates":[[[36.83776,36.15252],[36.85971,36.13868],[36.87927,36.12393],[36.88829,36.11131],[36.90318,36.09857],[36.9204,36.08482],[36.93057,36.07217],[36.94176,36.05473],[36.95403,36.03439],[36.97,36.0197],[36.98371,36.00793]]]}},{"type":"Feature","properties":{"roadId":"awmc-road-1089-122","major":true,"known":false,"timeperiod":"R","provenance":{"dataset":"AWMC geodata","version":"commit:7ecf8bccea2efe1e1e9df2daf6001942de73fb87;path:Cultural-Data/roads/roads.geojson","upstreamFeatureIds":["awmc:roads-objectid-1089","awmc:roads-feature-122"],"changes":[{"kind":"filter","detail":"An AWMC major road of the Roman period (Barrington \"R\", 30 BC – AD 300) in 10–40°E, 28–45°N (ADR-0037 item 5).","sources":["awmc:roads-major-filter","awmc:roads-roman-period-filter"]},{"kind":"date-exclusions","detail":"Left out as later than AD 100, by AWMC OBJECTID: 1320, 1363, 1403 and 1407 (in Dacia, conquered 101–106), 1203 (the Via Traiana Nova, Trajanic), 2169 (the Via Herculia, late third century) and 2698 (to Gheriat el-Garbia, a fort of 201); the evidence is in docs/verification/M4-ancient-geometry.md, \"Roads\". Roads with no Barrington period, such as the Via Nova Traiana and the Strata Diocletiana, are left out by the period rule.","sources":["bib:livius-trajan","bib:cassius-dio-roman-history","pleiades:469059303","pleiades:344374"]}]}},"geometry":{"type":"MultiLineString","coordinates":[[[36.3427,36.25222],[36.35935,36.25771],[36.37242,36.26133],[36.39001,36.25628],[36.40751,36.24739],[36.42858,36.24036],[36.44965,36.23333],[36.4674,36.23495],[36.47934,36.24049]]]}},{"type":"Feature","properties":{"roadId":"awmc-road-1090-123","major":true,"known":false,"timeperiod":"R","provenance":{"dataset":"AWMC geodata","version":"commit:7ecf8bccea2efe1e1e9df2daf6001942de73fb87;path:Cultural-Data/roads/roads.geojson","upstreamFeatureIds":["awmc:roads-objectid-1090","awmc:roads-feature-123"],"changes":[{"kind":"filter","detail":"An AWMC major road of the Roman period (Barrington \"R\", 30 BC – AD 300) in 10–40°E, 28–45°N (ADR-0037 item 5).","sources":["awmc:roads-major-filter","awmc:roads-roman-period-filter"]},{"kind":"date-exclusions","detail":"Left out as later than AD 100, by AWMC OBJECTID: 1320, 1363, 1403 and 1407 (in Dacia, conquered 101–106), 1203 (the Via Traiana Nova, Trajanic), 2169 (the Via Herculia, late third century) and 2698 (to Gheriat el-Garbia, a fort of 201); the evidence is in docs/verification/M4-ancient-geometry.md, \"Roads\". Roads with no Barrington period, such as the Via Nova Traiana and the Strata Diocletiana, are left out by the period rule.","sources":["bib:livius-trajan","bib:cassius-dio-roman-history","pleiades:469059303","pleiades:344374"]}]}},"geometry":{"type":"MultiLineString","coordinates":[[[36.58227,36.24923],[36.59464,36.27005],[36.60585,36.29089],[36.6159,36.3127],[36.62581,36.32878],[36.63674,36.3391],[36.64302,36.35238],[36.65762,36.36646],[36.68047,36.37943],[36.6986,36.39248],[36.72023,36.40354],[36.74187,36.41461],[36.76464,36.42373],[36.78742,36.43284],[36.80328,36.44783],[36.81912,36.46187],[36.83257,36.47499],[36.85186,36.48512],[36.86894,36.50008],[36.87654,36.51524],[36.88427,36.53423],[36.88021,36.55538],[36.87481,36.57177],[36.86706,36.58917],[36.86874,36.60446],[36.88907,36.64522],[36.89792,36.66132],[36.90815,36.68314],[36.91611,36.70788],[36.9215,36.72693],[36.92317,36.74126],[36.92384,36.76138],[36.91721,36.77685],[36.90577,36.79147],[36.89214,36.81189],[36.88302,36.82455],[36.86677,36.83831],[36.8491,36.84539],[36.83868,36.85519],[36.82581,36.86313],[36.80941,36.87305],[36.78568,36.87736],[36.75505,36.89043],[36.73753,36.90324],[36.72352,36.91406],[36.71676,36.92761],[36.70513,36.93838],[36.68753,36.94927],[36.67156,36.97546],[36.66383,36.99767],[36.64901,37.02288],[36.63653,37.036],[36.63507,37.03753],[36.61639,37.05418],[36.59652,37.07181],[36.57064,37.08857],[36.55213,37.11289],[36.52389,37.13257],[36.50625,37.14534],[36.48967,37.1533],[36.46589,37.16136],[36.44575,37.17129],[36.43158,37.18016],[36.42599,37.19252],[36.42589,37.19273]]]}},{"type":"Feature","properties":{"roadId":"awmc-road-1091-124","major":true,"known":false,"timeperiod":"R","provenance":{"dataset":"AWMC geodata","version":"commit:7ecf8bccea2efe1e1e9df2daf6001942de73fb87;path:Cultural-Data/roads/roads.geojson","upstreamFeatureIds":["awmc:roads-objectid-1091","awmc:roads-feature-124"],"changes":[{"kind":"filter","detail":"An AWMC major road of the Roman period (Barrington \"R\", 30 BC – AD 300) in 10–40°E, 28–45°N (ADR-0037 item 5).","sources":["awmc:roads-major-filter","awmc:roads-roman-period-filter"]},{"kind":"date-exclusions","detail":"Left out as later than AD 100, by AWMC OBJECTID: 1320, 1363, 1403 and 1407 (in Dacia, conquered 101–106), 1203 (the Via Traiana Nova, Trajanic), 2169 (the Via Herculia, late third century) and 2698 (to Gheriat el-Garbia, a fort of 201); the evidence is in docs/verification/M4-ancient-geometry.md, \"Roads\". Roads with no Barrington period, such as the Via Nova Traiana and the Strata Diocletiana, are left out by the period rule.","sources":["bib:livius-trajan","bib:cassius-dio-roman-history","pleiades:469059303","pleiades:344374"]}]}},"geometry":{"type":"MultiLineString","coordinates":[[[36.16802,36.07787],[36.16758,36.0559],[36.16009,36.03403],[36.1551,36.01977],[36.1501,36.00455]]]}},{"type":"Feature","properties":{"roadId":"awmc-road-1093-126","major":false,"known":false,"timeperiod":"R","provenance":{"dataset":"AWMC geodata","version":"commit:7ecf8bccea2efe1e1e9df2daf6001942de73fb87;path:Cultural-Data/roads/roads.geojson","upstreamFeatureIds":["awmc:roads-objectid-1093","awmc:roads-feature-126"],"changes":[{"kind":"filter","detail":"An AWMC minor road of the Roman period (Barrington \"R\", 30 BC – AD 300) that passes within 50 km of one of our places (ADR-0037's update of 2026-10-08, item 1).","sources":["awmc:roads-minor-near-places-filter","awmc:roads-roman-period-filter"]},{"kind":"date-exclusions","detail":"Left out as later than AD 100, by AWMC OBJECTID: 1320, 1363, 1403 and 1407 (in Dacia, conquered 101–106), 1203 (the Via Traiana Nova, Trajanic), 2169 (the Via Herculia, late third century) and 2698 (to Gheriat el-Garbia, a fort of 201); the evidence is in docs/verification/M4-ancient-geometry.md, \"Roads\". Roads with no Barrington period, such as the Via Nova Traiana and the Strata Diocletiana, are left out by the period rule.","sources":["bib:livius-trajan","bib:cassius-dio-roman-history","pleiades:469059303","pleiades:344374"]}]}},"geometry":{"type":"MultiLineString","coordinates":[[[36.24456,36.43728],[36.26846,36.44747],[36.2901,36.46151],[36.31773,36.47834],[36.34669,36.50087],[36.35998,36.5112],[36.37568,36.5234],[36.38448,36.54433],[36.39206,36.56336],[36.39615,36.58532],[36.39766,36.5987],[36.4076,36.61674],[36.41871,36.6338],[36.43115,36.65659],[36.45084,36.6831],[36.4645,36.70586],[36.47814,36.72768],[36.48575,36.74575],[36.50222,36.78381],[36.51247,36.81143],[36.52626,36.83708],[36.53882,36.86083],[36.55372,36.88262],[36.55909,36.90458],[36.56931,36.92934],[36.58191,36.95309],[36.60429,36.98434],[36.618,37.00424],[36.6293,37.02322],[36.63677,37.03364],[36.63653,37.036],[36.6349,37.0519],[36.63438,37.0759],[36.64097,37.09689],[36.65591,37.11677],[36.6782,37.14131],[36.69797,37.16109],[36.71418,37.1819],[36.71518,37.18413],[36.71932,37.19333],[36.72917,37.20178],[36.74014,37.20733],[36.7563,37.22526],[36.76291,37.24529],[36.76807,37.25671]]]}},{"type":"Feature","properties":{"roadId":"awmc-road-1183-69","major":true,"known":true,"timeperiod":"HRL","provenance":{"dataset":"AWMC geodata","version":"commit:7ecf8bccea2efe1e1e9df2daf6001942de73fb87;path:Cultural-Data/roads/roads.geojson","upstreamFeatureIds":["awmc:roads-objectid-1183","awmc:roads-feature-69"],"changes":[{"kind":"filter","detail":"An AWMC major road of the Roman period (Barrington \"R\", 30 BC – AD 300) in 10–40°E, 28–45°N (ADR-0037 item 5).","sources":["awmc:roads-major-filter","awmc:roads-roman-period-filter"]},{"kind":"date-exclusions","detail":"Left out as later than AD 100, by AWMC OBJECTID: 1320, 1363, 1403 and 1407 (in Dacia, conquered 101–106), 1203 (the Via Traiana Nova, Trajanic), 2169 (the Via Herculia, late third century) and 2698 (to Gheriat el-Garbia, a fort of 201); the evidence is in docs/verification/M4-ancient-geometry.md, \"Roads\". Roads with no Barrington period, such as the Via Nova Traiana and the Strata Diocletiana, are left out by the period rule.","sources":["bib:livius-trajan","bib:cassius-dio-roman-history","pleiades:469059303","pleiades:344374"]}]}},"geometry":{"type":"MultiLineString","coordinates":[[[11.18017,42.56068],[11.19586,42.54554],[11.20943,42.53661],[11.22406,42.52519],[11.24048,42.50413],[11.24869,42.482],[11.25154,42.46701],[11.26194,42.44764],[11.28399,42.43241],[11.2866,42.42593],[11.29139,42.41405],[11.37197,42.41129],[11.59441,42.35808],[11.71059,42.25055],[11.71281,42.24661],[11.73593,42.20557],[11.73966,42.19672],[11.74843,42.17595],[11.78019,42.11634],[11.80161,42.09314],[11.80989,42.07965],[11.84213,42.04319],[11.92269,42.04009],[12.03787,41.99349],[12.07314,41.97732],[12.10954,41.95237],[12.11944,41.94761],[12.12258,41.94695],[12.12267,41.94495],[12.12819,41.93971],[12.14076,41.93876],[12.14704,41.93933],[12.15332,41.93838],[12.17835,41.93457],[12.18891,41.92749],[12.20253,41.91915],[12.20929,41.91801],[12.21519,41.91725],[12.22994,41.92267],[12.235,41.9224],[12.25089,41.91507],[12.25927,41.91403],[12.26378,41.90907],[12.27031,41.90717],[12.28042,41.90712],[12.28663,41.90668],[12.29037,41.90679],[12.29432,41.90815],[12.29924,41.90765],[12.30343,41.90384],[12.31447,41.90127],[12.31666,41.89471],[12.33493,41.88576],[12.33931,41.88595],[12.35302,41.88395],[12.36427,41.88927],[12.37167,41.88938],[12.37453,41.88747],[12.38621,41.88754],[12.39347,41.88804],[12.40901,41.89264],[12.4184,41.89861],[12.42392,41.90223],[12.42663,41.90232],[12.43201,41.90251],[12.43845,41.90237],[12.44251,41.9042],[12.44477,41.90598],[12.45761,41.90561],[12.4577,41.90561],[12.46505,41.90273]],[[11.73967,42.19672],[11.73966,42.19672],[11.73236,42.20058],[11.70809,42.21735],[11.70952,42.23092],[11.71281,42.24661],[11.71281,42.24662]],[[11.2866,42.42593],[11.2866,42.42593],[11.30398,42.41362]]]}},{"type":"Feature","properties":{"roadId":"awmc-road-1184-70","major":true,"known":true,"timeperiod":"R","provenance":{"dataset":"AWMC geodata","version":"commit:7ecf8bccea2efe1e1e9df2daf6001942de73fb87;path:Cultural-Data/roads/roads.geojson","upstreamFeatureIds":["awmc:roads-objectid-1184","awmc:roads-feature-70"],"changes":[{"kind":"filter","detail":"An AWMC major road of the Roman period (Barrington \"R\", 30 BC – AD 300) in 10–40°E, 28–45°N (ADR-0037 item 5).","sources":["awmc:roads-major-filter","awmc:roads-roman-period-filter"]},{"kind":"date-exclusions","detail":"Left out as later than AD 100, by AWMC OBJECTID: 1320, 1363, 1403 and 1407 (in Dacia, conquered 101–106), 1203 (the Via Traiana Nova, Trajanic), 2169 (the Via Herculia, late third century) and 2698 (to Gheriat el-Garbia, a fort of 201); the evidence is in docs/verification/M4-ancient-geometry.md, \"Roads\". Roads with no Barrington period, such as the Via Nova Traiana and the Strata Diocletiana, are left out by the period rule.","sources":["bib:livius-trajan","bib:cassius-dio-roman-history","pleiades:469059303","pleiades:344374"]}]}},"geometry":{"type":"MultiLineString","coordinates":[[[12.40901,41.89264],[12.42333,41.89083],[12.42986,41.89314],[12.44405,41.89159],[12.44907,41.89188],[12.45228,41.89096],[12.46005,41.89215]]]}},{"type":"Feature","properties":{"roadId":"awmc-road-1185-71","major":true,"known":true,"timeperiod":"ACHRL","provenance":{"dataset":"AWMC geodata","version":"commit:7ecf8bccea2efe1e1e9df2daf6001942de73fb87;path:Cultural-Data/roads/roads.geojson","upstreamFeatureIds":["awmc:roads-objectid-1185","awmc:roads-feature-71"],"changes":[{"kind":"filter","detail":"An AWMC major road of the Roman period (Barrington \"R\", 30 BC – AD 300) in 10–40°E, 28–45°N (ADR-0037 item 5).","sources":["awmc:roads-major-filter","awmc:roads-roman-period-filter"]},{"kind":"date-exclusions","detail":"Left out as later than AD 100, by AWMC OBJECTID: 1320, 1363, 1403 and 1407 (in Dacia, conquered 101–106), 1203 (the Via Traiana Nova, Trajanic), 2169 (the Via Herculia, late third century) and 2698 (to Gheriat el-Garbia, a fort of 201); the evidence is in docs/verification/M4-ancient-geometry.md, \"Roads\". Roads with no Barrington period, such as the Via Nova Traiana and the Strata Diocletiana, are left out by the period rule.","sources":["bib:livius-trajan","bib:cassius-dio-roman-history","pleiades:469059303","pleiades:344374"]}]}},"geometry":{"type":"MultiLineString","coordinates":[[[12.46405,41.86659],[12.4627,41.86145],[12.46141,41.86023],[12.45998,41.85981],[12.45766,41.85701],[12.45695,41.85504],[12.45279,41.84636],[12.45054,41.84189],[12.44383,41.83725],[12.43105,41.83853],[12.42435,41.83922],[12.41864,41.83779],[12.41376,41.83398],[12.41114,41.83065],[12.40163,41.82696],[12.39699,41.82518],[12.3889,41.8278],[12.38335,41.82742],[12.37337,41.82649],[12.3579,41.82244],[12.34918,41.81975],[12.34208,41.81756],[12.32747,41.81154],[12.28189,41.79339],[12.27416,41.78398],[12.27343,41.78296]]]}},{"type":"Feature","properties":{"roadId":"awmc-road-1186-72","major":true,"known":true,"timeperiod":"R","provenance":{"dataset":"AWMC geodata","version":"commit:7ecf8bccea2efe1e1e9df2daf6001942de73fb87;path:Cultural-Data/roads/roads.geojson","upstreamFeatureIds":["awmc:roads-objectid-1186","awmc:roads-feature-72"],"changes":[{"kind":"filter","detail":"An AWMC major road of the Roman period (Barrington \"R\", 30 BC – AD 300) in 10–40°E, 28–45°N (ADR-0037 item 5).","sources":["awmc:roads-major-filter","awmc:roads-roman-period-filter"]},{"kind":"date-exclusions","detail":"Left out as later than AD 100, by AWMC OBJECTID: 1320, 1363, 1403 and 1407 (in Dacia, conquered 101–106), 1203 (the Via Traiana Nova, Trajanic), 2169 (the Via Herculia, late third century) and 2698 (to Gheriat el-Garbia, a fort of 201); the evidence is in docs/verification/M4-ancient-geometry.md, \"Roads\". Roads with no Barrington period, such as the Via Nova Traiana and the Strata Diocletiana, are left out by the period rule.","sources":["bib:livius-trajan","bib:cassius-dio-roman-history","pleiades:469059303","pleiades:344374"]}]}},"geometry":{"type":"MultiLineString","coordinates":[[[12.29369,41.75848],[12.3828,41.79325],[12.41068,41.79446],[12.41868,41.79979],[12.42207,41.80924],[12.4497,41.82975],[12.4631,41.83987],[12.46605,41.8421],[12.47228,41.84641],[12.4749,41.84931],[12.47869,41.86195],[12.48054,41.87587],[12.48149,41.87718],[12.48347,41.87993],[12.48903,41.88437]]]}},{"type":"Feature","properties":{"roadId":"awmc-road-1187-73","major":true,"known":true,"timeperiod":"ACHRL","provenance":{"dataset":"AWMC geodata","version":"commit:7ecf8bccea2efe1e1e9df2daf6001942de73fb87;path:Cultural-Data/roads/roads.geojson","upstreamFeatureIds":["awmc:roads-objectid-1187","awmc:roads-feature-73"],"changes":[{"kind":"filter","detail":"An AWMC major road of the Roman period (Barrington \"R\", 30 BC – AD 300) in 10–40°E, 28–45°N (ADR-0037 item 5).","sources":["awmc:roads-major-filter","awmc:roads-roman-period-filter"]},{"kind":"date-exclusions","detail":"Left out as later than AD 100, by AWMC OBJECTID: 1320, 1363, 1403 and 1407 (in Dacia, conquered 101–106), 1203 (the Via Traiana Nova, Trajanic), 2169 (the Via Herculia, late third century) and 2698 (to Gheriat el-Garbia, a fort of 201); the evidence is in docs/verification/M4-ancient-geometry.md, \"Roads\". Roads with no Barrington period, such as the Via Nova Traiana and the Strata Diocletiana, are left out by the period rule.","sources":["bib:livius-trajan","bib:cassius-dio-roman-history","pleiades:469059303","pleiades:344374"]}]}},"geometry":{"type":"MultiLineString","coordinates":[[[12.46519,41.8452],[12.4631,41.83987],[12.46057,41.83343],[12.45801,41.82438],[12.45484,41.81006],[12.44753,41.79272],[12.4418,41.78247],[12.43019,41.77237],[12.43336,41.76845],[12.43316,41.7657],[12.43019,41.75986],[12.432,41.75398],[12.43246,41.75126],[12.42582,41.7392],[12.42793,41.72986],[12.42718,41.72729],[12.41908,41.71592],[12.42533,41.70706],[12.45428,41.67793],[12.46485,41.66886],[12.47263,41.66793],[12.4757,41.66622]]]}},{"type":"Feature","properties":{"roadId":"awmc-road-1190-74","major":true,"known":true,"timeperiod":"R","provenance":{"dataset":"AWMC geodata","version":"commit:7ecf8bccea2efe1e1e9df2daf6001942de73fb87;path:Cultural-Data/roads/roads.geojson","upstreamFeatureIds":["awmc:roads-objectid-1190","awmc:roads-feature-74"],"changes":[{"kind":"filter","detail":"An AWMC major road of the Roman period (Barrington \"R\", 30 BC – AD 300) in 10–40°E, 28–45°N (ADR-0037 item 5).","sources":["awmc:roads-major-filter","awmc:roads-roman-period-filter"]},{"kind":"date-exclusions","detail":"Left out as later than AD 100, by AWMC OBJECTID: 1320, 1363, 1403 and 1407 (in Dacia, conquered 101–106), 1203 (the Via Traiana Nova, Trajanic), 2169 (the Via Herculia, late third century) and 2698 (to Gheriat el-Garbia, a fort of 201); the evidence is in docs/verification/M4-ancient-geometry.md, \"Roads\". Roads with no Barrington period, such as the Via Nova Traiana and the Strata Diocletiana, are left out by the period rule.","sources":["bib:livius-trajan","bib:cassius-dio-roman-history","pleiades:469059303","pleiades:344374"]}]}},"geometry":{"type":"MultiLineString","coordinates":[[[12.48243,41.8955],[12.4742,41.9151],[12.46686,41.93553],[12.46639,41.93742],[12.46567,41.93807],[12.46599,41.9403],[12.46601,41.94047],[12.46263,41.94889],[12.45465,41.95556],[12.45436,41.95842],[12.4298,41.97484],[12.42011,41.98056],[12.4131,41.98412],[12.41132,41.98604],[12.40634,41.98747],[12.40561,41.98768],[12.39643,41.99347],[12.39044,41.99739],[12.37994,42.0091],[12.37933,42.01023],[12.37381,42.01627],[12.37137,42.04383],[12.35121,42.08374],[12.34927,42.13349],[12.34022,42.15252],[12.27581,42.22245],[12.17542,42.25215],[12.1165,42.28749],[12.07768,42.32402],[12.06152,42.34014],[12.05791,42.36263],[12.05766,42.38505],[12.06751,42.40808],[12.06294,42.43475],[12.06036,42.48379],[12.05985,42.49958],[12.03803,42.51582]]]}},{"type":"Feature","properties":{"roadId":"awmc-road-1191-75","major":true,"known":true,"timeperiod":"ACHRL","provenance":{"dataset":"AWMC geodata","version":"commit:7ecf8bccea2efe1e1e9df2daf6001942de73fb87;path:Cultural-Data/roads/roads.geojson","upstreamFeatureIds":["awmc:roads-objectid-1191","awmc:roads-feature-75"],"changes":[{"kind":"filter","detail":"An AWMC major road of the Roman period (Barrington \"R\", 30 BC – AD 300) in 10–40°E, 28–45°N (ADR-0037 item 5).","sources":["awmc:roads-major-filter","awmc:roads-roman-period-filter"]},{"kind":"date-exclusions","detail":"Left out as later than AD 100, by AWMC OBJECTID: 1320, 1363, 1403 and 1407 (in Dacia, conquered 101–106), 1203 (the Via Traiana Nova, Trajanic), 2169 (the Via Herculia, late third century) and 2698 (to Gheriat el-Garbia, a fort of 201); the evidence is in docs/verification/M4-ancient-geometry.md, \"Roads\". Roads with no Barrington period, such as the Via Nova Traiana and the Strata Diocletiana, are left out by the period rule.","sources":["bib:livius-trajan","bib:cassius-dio-roman-history","pleiades:469059303","pleiades:344374"]}]}},"geometry":{"type":"MultiLineString","coordinates":[[[12.55078,42.04338],[12.54526,42.037],[12.52908,42.02244],[12.51899,42.01977],[12.51775,42.00559],[12.51271,41.99883],[12.50786,41.99284],[12.50776,41.98932],[12.50529,41.98446],[12.50253,41.97666],[12.50481,41.97095],[12.50524,41.95955],[12.50624,41.94563],[12.507,41.94249],[12.50914,41.93417],[12.50952,41.93084],[12.50001,41.92132],[12.49411,41.91466],[12.48973,41.9098]],[[12.51856,42.01484],[12.52596,42.02161]]]}},{"type":"Feature","properties":{"roadId":"awmc-road-1192-76","major":true,"known":true,"timeperiod":"ACHRL","provenance":{"dataset":"AWMC geodata","version":"commit:7ecf8bccea2efe1e1e9df2daf6001942de73fb87;path:Cultural-Data/roads/roads.geojson","upstreamFeatureIds":["awmc:roads-objectid-1192","awmc:roads-feature-76"],"changes":[{"kind":"filter","detail":"An AWMC major road of the Roman period (Barrington \"R\", 30 BC – AD 300) in 10–40°E, 28–45°N (ADR-0037 item 5).","sources":["awmc:roads-major-filter","awmc:roads-roman-period-filter"]},{"kind":"date-exclusions","detail":"Left out as later than AD 100, by AWMC OBJECTID: 1320, 1363, 1403 and 1407 (in Dacia, conquered 101–106), 1203 (the Via Traiana Nova, Trajanic), 2169 (the Via Herculia, late third century) and 2698 (to Gheriat el-Garbia, a fort of 201); the evidence is in docs/verification/M4-ancient-geometry.md, \"Roads\". Roads with no Barrington period, such as the Via Nova Traiana and the Strata Diocletiana, are left out by the period rule.","sources":["bib:livius-trajan","bib:cassius-dio-roman-history","pleiades:469059303","pleiades:344374"]}]}},"geometry":{"type":"MultiLineString","coordinates":[[[12.49942,41.89778],[12.50535,41.89769],[12.51801,41.90191],[12.51856,41.90209],[12.52177,41.90525],[12.52469,41.90786],[12.54182,41.90858],[12.5558,41.91298],[12.56068,41.91488],[12.56639,41.92077],[12.5682,41.92345],[12.5696,41.9241],[12.57305,41.92494],[12.57602,41.92815],[12.57823,41.93124],[12.59238,41.93332],[12.59589,41.93267],[12.60839,41.93439],[12.61422,41.93642],[12.61994,41.93763],[12.63139,41.94016],[12.64404,41.94165],[12.65787,41.94254],[12.68196,41.94953],[12.69668,41.95235],[12.70456,41.95399],[12.7114,41.95458],[12.71557,41.9525],[12.72345,41.95191],[12.73781,41.95334],[12.74513,41.9541],[12.75656,41.95734],[12.76132,41.95715],[12.76779,41.9601],[12.77055,41.9621],[12.77759,41.96229],[12.79291,41.96952]]]}},{"type":"Feature","properties":{"roadId":"awmc-road-1193-77","major":true,"known":true,"timeperiod":"ACHRL","provenance":{"dataset":"AWMC geodata","version":"commit:7ecf8bccea2efe1e1e9df2daf6001942de73fb87;path:Cultural-Data/roads/roads.geojson","upstreamFeatureIds":["awmc:roads-objectid-1193","awmc:roads-feature-77"],"changes":[{"kind":"filter","detail":"An AWMC major road of the Roman period (Barrington \"R\", 30 BC – AD 300) in 10–40°E, 28–45°N (ADR-0037 item 5).","sources":["awmc:roads-major-filter","awmc:roads-roman-period-filter"]},{"kind":"date-exclusions","detail":"Left out as later than AD 100, by AWMC OBJECTID: 1320, 1363, 1403 and 1407 (in Dacia, conquered 101–106), 1203 (the Via Traiana Nova, Trajanic), 2169 (the Via Herculia, late third century) and 2698 (to Gheriat el-Garbia, a fort of 201); the evidence is in docs/verification/M4-ancient-geometry.md, \"Roads\". Roads with no Barrington period, such as the Via Nova Traiana and the Strata Diocletiana, are left out by the period rule.","sources":["bib:livius-trajan","bib:cassius-dio-roman-history","pleiades:469059303","pleiades:344374"]}]}},"geometry":{"type":"MultiLineString","coordinates":[[[12.7997,41.96774],[12.80388,41.96755],[12.80712,41.96117],[12.81216,41.95889],[12.81559,41.95851],[12.8174,41.95975],[12.82197,41.96736],[12.8272,41.97155],[12.82911,41.97536],[12.83196,41.97754],[12.83577,41.98211],[12.83805,41.98316],[12.8411,41.98402],[12.84297,41.98623],[12.84472,41.98916],[12.84652,41.99058],[12.849,41.99049],[12.85081,41.98887],[12.85338,41.98773],[12.85633,41.98801],[12.8589,41.98973],[12.86194,41.99068],[12.86356,41.99173],[12.86413,41.99287],[12.8668,41.99382],[12.87079,41.99753],[12.87413,41.99953],[12.87631,42.00496],[12.87917,42.01038],[12.88193,42.01419],[12.88783,42.01895],[12.89278,42.02095],[12.89821,42.02038],[12.90491,42.02217],[12.91296,42.02152],[12.91715,42.0219],[12.9221,42.02447],[12.92695,42.02866],[12.93161,42.0317],[12.93694,42.03399],[12.94541,42.03941],[12.94894,42.04093],[12.95284,42.04217],[12.95665,42.04198],[12.96217,42.03884],[12.96864,42.03741],[12.98101,42.03218],[12.99245,42.02655],[12.99948,42.02361],[13.00093,42.0237],[13.00566,42.02399],[13.01825,42.02983],[13.02565,42.03513],[13.02974,42.03941],[13.03213,42.04349]]]}},{"type":"Feature","properties":{"roadId":"awmc-road-1194-78","major":true,"known":true,"timeperiod":"ACHRL","provenance":{"dataset":"AWMC geodata","version":"commit:7ecf8bccea2efe1e1e9df2daf6001942de73fb87;path:Cultural-Data/roads/roads.geojson","upstreamFeatureIds":["awmc:roads-objectid-1194","awmc:roads-feature-78"],"changes":[{"kind":"filter","detail":"An AWMC major road of the Roman period (Barrington \"R\", 30 BC – AD 300) in 10–40°E, 28–45°N (ADR-0037 item 5).","sources":["awmc:roads-major-filter","awmc:roads-roman-period-filter"]},{"kind":"date-exclusions","detail":"Left out as later than AD 100, by AWMC OBJECTID: 1320, 1363, 1403 and 1407 (in Dacia, conquered 101–106), 1203 (the Via Traiana Nova, Trajanic), 2169 (the Via Herculia, late third century) and 2698 (to Gheriat el-Garbia, a fort of 201); the evidence is in docs/verification/M4-ancient-geometry.md, \"Roads\". Roads with no Barrington period, such as the Via Nova Traiana and the Strata Diocletiana, are left out by the period rule.","sources":["bib:livius-trajan","bib:cassius-dio-roman-history","pleiades:469059303","pleiades:344374"]}]}},"geometry":{"type":"MultiLineString","coordinates":[[[12.64225,42.02047],[12.64183,42.01877],[12.64002,42.01725],[12.64021,42.01487],[12.63812,42.01325],[12.6385,42.01049],[12.63612,42.00916],[12.6345,42.00592],[12.6326,42.0005],[12.63031,41.99926],[12.62773,41.99867],[12.62403,41.99888],[12.62146,41.9984],[12.61994,41.99774],[12.61927,41.99622],[12.6187,41.99184],[12.61832,41.98832],[12.61495,41.9784],[12.61413,41.97451],[12.61137,41.97042],[12.60309,41.96861],[12.59583,41.96361],[12.58872,41.95995],[12.57701,41.95557],[12.57397,41.95396],[12.5693,41.94806],[12.56312,41.94558],[12.55141,41.94044],[12.54437,41.93768],[12.5398,41.93749],[12.53542,41.93502],[12.52943,41.93351],[12.52714,41.93035],[12.52191,41.92502],[12.51658,41.9196],[12.50779,41.91406],[12.50174,41.90956],[12.49573,41.90558],[12.48669,41.89903],[12.48687,41.89481]]]}},{"type":"Feature","properties":{"roadId":"awmc-road-1195-79","major":false,"known":true,"timeperiod":"R","provenance":{"dataset":"AWMC geodata","version":"commit:7ecf8bccea2efe1e1e9df2daf6001942de73fb87;path:Cultural-Data/roads/roads.geojson","upstreamFeatureIds":["awmc:roads-objectid-1195","awmc:roads-feature-79"],"changes":[{"kind":"filter","detail":"An AWMC minor road of the Roman period (Barrington \"R\", 30 BC – AD 300) that passes within 50 km of one of our places (ADR-0037's update of 2026-10-08, item 1).","sources":["awmc:roads-minor-near-places-filter","awmc:roads-roman-period-filter"]},{"kind":"date-exclusions","detail":"Left out as later than AD 100, by AWMC OBJECTID: 1320, 1363, 1403 and 1407 (in Dacia, conquered 101–106), 1203 (the Via Traiana Nova, Trajanic), 2169 (the Via Herculia, late third century) and 2698 (to Gheriat el-Garbia, a fort of 201); the evidence is in docs/verification/M4-ancient-geometry.md, \"Roads\". Roads with no Barrington period, such as the Via Nova Traiana and the Strata Diocletiana, are left out by the period rule.","sources":["bib:livius-trajan","bib:cassius-dio-roman-history","pleiades:469059303","pleiades:344374"]}]}},"geometry":{"type":"MultiLineString","coordinates":[[[12.63132,41.45292],[12.63437,41.45559],[12.64512,41.47224],[12.65902,41.49585],[12.66197,41.50175],[12.6654,41.51117],[12.67149,41.51612],[12.67377,41.51907],[12.67558,41.5225],[12.67758,41.52802],[12.68586,41.53687],[12.69481,41.54762],[12.70023,41.55286],[12.70271,41.55543],[12.7028,41.56057],[12.70223,41.56371],[12.7008,41.57009],[12.69861,41.58075],[12.69738,41.58455],[12.69652,41.59293],[12.695,41.59521],[12.69385,41.59921],[12.69347,41.60416],[12.69471,41.60673],[12.69471,41.60873],[12.69328,41.61244],[12.69224,41.61987],[12.69186,41.62891],[12.69119,41.63452],[12.68986,41.65365],[12.69081,41.65994],[12.69119,41.66793],[12.69186,41.6725]]]}},{"type":"Feature","properties":{"roadId":"awmc-road-1196-80","major":false,"known":false,"timeperiod":"R","provenance":{"dataset":"AWMC geodata","version":"commit:7ecf8bccea2efe1e1e9df2daf6001942de73fb87;path:Cultural-Data/roads/roads.geojson","upstreamFeatureIds":["awmc:roads-objectid-1196","awmc:roads-feature-80"],"changes":[{"kind":"filter","detail":"An AWMC minor road of the Roman period (Barrington \"R\", 30 BC – AD 300) that passes within 50 km of one of our places (ADR-0037's update of 2026-10-08, item 1).","sources":["awmc:roads-minor-near-places-filter","awmc:roads-roman-period-filter"]},{"kind":"date-exclusions","detail":"Left out as later than AD 100, by AWMC OBJECTID: 1320, 1363, 1403 and 1407 (in Dacia, conquered 101–106), 1203 (the Via Traiana Nova, Trajanic), 2169 (the Via Herculia, late third century) and 2698 (to Gheriat el-Garbia, a fort of 201); the evidence is in docs/verification/M4-ancient-geometry.md, \"Roads\". Roads with no Barrington period, such as the Via Nova Traiana and the Strata Diocletiana, are left out by the period rule.","sources":["bib:livius-trajan","bib:cassius-dio-roman-history","pleiades:469059303","pleiades:344374"]}]}},"geometry":{"type":"MultiLineString","coordinates":[[[12.65618,41.45799],[12.66948,41.48971],[12.67939,41.49718],[12.68262,41.50213],[12.69538,41.51507],[12.69842,41.52193],[12.70061,41.52431],[12.70613,41.52887],[12.71042,41.53411],[12.71375,41.53677],[12.72615,41.5414],[12.72745,41.54572],[12.72783,41.55657],[12.72859,41.56095],[12.73132,41.5653]]]}},{"type":"Feature","properties":{"roadId":"awmc-road-1197-81","major":false,"known":true,"timeperiod":"R","provenance":{"dataset":"AWMC geodata","version":"commit:7ecf8bccea2efe1e1e9df2daf6001942de73fb87;path:Cultural-Data/roads/roads.geojson","upstreamFeatureIds":["awmc:roads-objectid-1197","awmc:roads-feature-81"],"changes":[{"kind":"filter","detail":"An AWMC minor road of the Roman period (Barrington \"R\", 30 BC – AD 300) that passes within 50 km of one of our places (ADR-0037's update of 2026-10-08, item 1).","sources":["awmc:roads-minor-near-places-filter","awmc:roads-roman-period-filter"]},{"kind":"date-exclusions","detail":"Left out as later than AD 100, by AWMC OBJECTID: 1320, 1363, 1403 and 1407 (in Dacia, conquered 101–106), 1203 (the Via Traiana Nova, Trajanic), 2169 (the Via Herculia, late third century) and 2698 (to Gheriat el-Garbia, a fort of 201); the evidence is in docs/verification/M4-ancient-geometry.md, \"Roads\". Roads with no Barrington period, such as the Via Nova Traiana and the Strata Diocletiana, are left out by the period rule.","sources":["bib:livius-trajan","bib:cassius-dio-roman-history","pleiades:469059303","pleiades:344374"]}]}},"geometry":{"type":"MultiLineString","coordinates":[[[12.77372,41.68445],[12.77372,41.67997],[12.77306,41.67531],[12.76547,41.65444],[12.76504,41.65123],[12.76447,41.64517],[12.76211,41.62931],[12.75997,41.61975],[12.75911,41.6134],[12.75811,41.61047],[12.75412,41.60504],[12.75091,41.59805],[12.74826,41.59148],[12.74669,41.58713],[12.74191,41.57792],[12.73927,41.57413],[12.73306,41.56692],[12.73132,41.5653]]]}},{"type":"Feature","properties":{"roadId":"awmc-road-1198-82","major":false,"known":false,"timeperiod":"R","provenance":{"dataset":"AWMC geodata","version":"commit:7ecf8bccea2efe1e1e9df2daf6001942de73fb87;path:Cultural-Data/roads/roads.geojson","upstreamFeatureIds":["awmc:roads-objectid-1198","awmc:roads-feature-82"],"changes":[{"kind":"filter","detail":"An AWMC minor road of the Roman period (Barrington \"R\", 30 BC – AD 300) that passes within 50 km of one of our places (ADR-0037's update of 2026-10-08, item 1).","sources":["awmc:roads-minor-near-places-filter","awmc:roads-roman-period-filter"]},{"kind":"date-exclusions","detail":"Left out as later than AD 100, by AWMC OBJECTID: 1320, 1363, 1403 and 1407 (in Dacia, conquered 101–106), 1203 (the Via Traiana Nova, Trajanic), 2169 (the Via Herculia, late third century) and 2698 (to Gheriat el-Garbia, a fort of 201); the evidence is in docs/verification/M4-ancient-geometry.md, \"Roads\". Roads with no Barrington period, such as the Via Nova Traiana and the Strata Diocletiana, are left out by the period rule.","sources":["bib:livius-trajan","bib:cassius-dio-roman-history","pleiades:469059303","pleiades:344374"]}]}},"geometry":{"type":"MultiLineString","coordinates":[[[12.78154,41.68401],[12.78909,41.68181],[12.79599,41.67866],[12.80116,41.67571],[12.80723,41.67121],[12.8083,41.66992],[12.8093,41.66478],[12.81158,41.65922],[12.81386,41.65629],[12.81729,41.65329],[12.81843,41.65172],[12.81922,41.64972],[12.82279,41.6458],[12.82414,41.64537],[12.82778,41.64187],[12.83214,41.63523],[12.83414,41.63002],[12.83556,41.62717],[12.84492,41.61853],[12.84966,41.61003],[12.85184,41.60654],[12.85798,41.60182],[12.87968,41.5889],[12.89453,41.58184],[12.90352,41.57755],[12.90823,41.57598],[12.91751,41.5742],[12.92387,41.57191],[12.93258,41.56635],[12.94164,41.56121],[12.94971,41.55699],[12.95392,41.55464],[12.95999,41.55364],[12.96877,41.55407],[12.97612,41.55478],[12.97826,41.55507],[12.97912,41.55578]]]}},{"type":"Feature","properties":{"roadId":"awmc-road-1199-83","major":false,"known":false,"timeperiod":"R","provenance":{"dataset":"AWMC geodata","version":"commit:7ecf8bccea2efe1e1e9df2daf6001942de73fb87;path:Cultural-Data/roads/roads.geojson","upstreamFeatureIds":["awmc:roads-objectid-1199","awmc:roads-feature-83"],"changes":[{"kind":"filter","detail":"An AWMC minor road of the Roman period (Barrington \"R\", 30 BC – AD 300) that passes within 50 km of one of our places (ADR-0037's update of 2026-10-08, item 1).","sources":["awmc:roads-minor-near-places-filter","awmc:roads-roman-period-filter"]},{"kind":"date-exclusions","detail":"Left out as later than AD 100, by AWMC OBJECTID: 1320, 1363, 1403 and 1407 (in Dacia, conquered 101–106), 1203 (the Via Traiana Nova, Trajanic), 2169 (the Via Herculia, late third century) and 2698 (to Gheriat el-Garbia, a fort of 201); the evidence is in docs/verification/M4-ancient-geometry.md, \"Roads\". Roads with no Barrington period, such as the Via Nova Traiana and the Strata Diocletiana, are left out by the period rule.","sources":["bib:livius-trajan","bib:cassius-dio-roman-history","pleiades:469059303","pleiades:344374"]}]}},"geometry":{"type":"MultiLineString","coordinates":[[[12.73051,41.5399],[12.73379,41.54262],[12.73744,41.54647],[12.74086,41.5489],[12.74586,41.55083],[12.75114,41.55154],[12.75807,41.55347],[12.76342,41.55561],[12.7692,41.56032],[12.77712,41.56874],[12.78069,41.57267],[12.78548,41.57645],[12.79,41.57941],[12.7974,41.58309],[12.80789,41.58766],[12.81653,41.59294],[12.82181,41.59644],[12.8251,41.5978]]]}},{"type":"Feature","properties":{"roadId":"awmc-road-1200-84","major":true,"known":true,"timeperiod":"ACHRL","provenance":{"dataset":"AWMC geodata","version":"commit:7ecf8bccea2efe1e1e9df2daf6001942de73fb87;path:Cultural-Data/roads/roads.geojson","upstreamFeatureIds":["awmc:roads-objectid-1200","awmc:roads-feature-84"],"changes":[{"kind":"filter","detail":"An AWMC major road of the Roman period (Barrington \"R\", 30 BC – AD 300) in 10–40°E, 28–45°N (ADR-0037 item 5).","sources":["awmc:roads-major-filter","awmc:roads-roman-period-filter"]},{"kind":"date-exclusions","detail":"Left out as later than AD 100, by AWMC OBJECTID: 1320, 1363, 1403 and 1407 (in Dacia, conquered 101–106), 1203 (the Via Traiana Nova, Trajanic), 2169 (the Via Herculia, late third century) and 2698 (to Gheriat el-Garbia, a fort of 201); the evidence is in docs/verification/M4-ancient-geometry.md, \"Roads\". Roads with no Barrington period, such as the Via Nova Traiana and the Strata Diocletiana, are left out by the period rule.","sources":["bib:livius-trajan","bib:cassius-dio-roman-history","pleiades:469059303","pleiades:344374"]}]}},"geometry":{"type":"MultiLineString","coordinates":[[[12.5417,41.60903],[12.53271,41.61785],[12.5339,41.6213],[12.53665,41.62825],[12.53711,41.63177],[12.53628,41.63569],[12.54151,41.64712],[12.54449,41.65497],[12.54366,41.65913],[12.54092,41.66306],[12.54044,41.6652],[12.54089,41.66905],[12.53628,41.67353],[12.53735,41.67745],[12.53687,41.6796],[12.53687,41.68186],[12.53902,41.68614],[12.54306,41.69404],[12.54473,41.69934],[12.54496,41.70256],[12.54068,41.71041],[12.53765,41.72207],[12.53503,41.72599],[12.53151,41.72904],[12.52908,41.73278],[12.52883,41.7364],[12.52813,41.73777],[12.52694,41.73908],[12.5242,41.74158],[12.52266,41.74753],[12.52029,41.75087],[12.51778,41.75562],[12.51873,41.76169],[12.52206,41.76811],[12.52492,41.77216],[12.52539,41.77311],[12.52289,41.77489],[12.52,41.77799],[12.51778,41.78096],[12.51766,41.78477],[12.51706,41.78703],[12.51433,41.78953],[12.51409,41.79072],[12.51502,41.7928],[12.51432,41.79366],[12.51254,41.79583],[12.5129,41.79726],[12.51385,41.80035],[12.51219,41.81487],[12.51088,41.81844],[12.51123,41.82189],[12.51401,41.8252],[12.5154,41.82784],[12.51552,41.83474],[12.50588,41.84223],[12.4991,41.84592],[12.49859,41.84919],[12.49743,41.8508],[12.49315,41.85544],[12.4918,41.86109],[12.49463,41.86716],[12.48883,41.87563],[12.48149,41.87718],[12.48137,41.87721]]]}},{"type":"Feature","properties":{"roadId":"awmc-road-1201-85","major":true,"known":true,"timeperiod":"ACHRL","provenance":{"dataset":"AWMC geodata","version":"commit:7ecf8bccea2efe1e1e9df2daf6001942de73fb87;path:Cultural-Data/roads/roads.geojson","upstreamFeatureIds":["awmc:roads-objectid-1201","awmc:roads-feature-85"],"changes":[{"kind":"filter","detail":"An AWMC major road of the Roman period (Barrington \"R\", 30 BC – AD 300) in 10–40°E, 28–45°N (ADR-0037 item 5).","sources":["awmc:roads-major-filter","awmc:roads-roman-period-filter"]},{"kind":"date-exclusions","detail":"Left out as later than AD 100, by AWMC OBJECTID: 1320, 1363, 1403 and 1407 (in Dacia, conquered 101–106), 1203 (the Via Traiana Nova, Trajanic), 2169 (the Via Herculia, late third century) and 2698 (to Gheriat el-Garbia, a fort of 201); the evidence is in docs/verification/M4-ancient-geometry.md, \"Roads\". Roads with no Barrington period, such as the Via Nova Traiana and the Strata Diocletiana, are left out by the period rule.","sources":["bib:livius-trajan","bib:cassius-dio-roman-history","pleiades:469059303","pleiades:344374"]}]}},"geometry":{"type":"MultiLineString","coordinates":[[[12.34918,41.81975],[12.34918,41.81975],[12.35148,41.8219],[12.35583,41.8274],[12.35826,41.82875],[12.36454,41.82804],[12.36975,41.83247],[12.37532,41.83525],[12.37825,41.83654],[12.38011,41.84018],[12.38603,41.84232],[12.38946,41.84246],[12.39353,41.84125],[12.40002,41.84325],[12.40873,41.84325],[12.41851,41.8476],[12.42315,41.85096],[12.43,41.85131],[12.44092,41.85317],[12.44799,41.85788],[12.45213,41.86131],[12.4552,41.86373],[12.46084,41.86623],[12.46405,41.86659],[12.46498,41.86966],[12.46555,41.87137],[12.46755,41.87244],[12.46762,41.87658],[12.46976,41.88079],[12.4792,41.88784]]]}},{"type":"Feature","properties":{"roadId":"awmc-road-1202-2851","major":false,"known":true,"timeperiod":"R","provenance":{"dataset":"AWMC geodata","version":"commit:7ecf8bccea2efe1e1e9df2daf6001942de73fb87;path:Cultural-Data/roads/roads.geojson","upstreamFeatureIds":["awmc:roads-objectid-1202","awmc:roads-feature-2851"],"changes":[{"kind":"filter","detail":"An AWMC minor road of the Roman period (Barrington \"R\", 30 BC – AD 300) that passes within 50 km of one of our places (ADR-0037's update of 2026-10-08, item 1).","sources":["awmc:roads-minor-near-places-filter","awmc:roads-roman-period-filter"]},{"kind":"date-exclusions","detail":"Left out as later than AD 100, by AWMC OBJECTID: 1320, 1363, 1403 and 1407 (in Dacia, conquered 101–106), 1203 (the Via Traiana Nova, Trajanic), 2169 (the Via Herculia, late third century) and 2698 (to Gheriat el-Garbia, a fort of 201); the evidence is in docs/verification/M4-ancient-geometry.md, \"Roads\". Roads with no Barrington period, such as the Via Nova Traiana and the Strata Diocletiana, are left out by the period rule.","sources":["bib:livius-trajan","bib:cassius-dio-roman-history","pleiades:469059303","pleiades:344374"]}]}},"geometry":{"type":"MultiLineString","coordinates":[[[12.61811,41.76423],[12.61814,41.76683],[12.61866,41.77021],[12.61909,41.77278],[12.61932,41.77549],[12.62037,41.77906],[12.62061,41.78082],[12.6227,41.78639],[12.6238,41.78896],[12.62427,41.79077],[12.62551,41.794],[12.6258,41.79534],[12.62708,41.7986],[12.62794,41.80098],[12.62913,41.80336],[12.6296,41.80493],[12.63051,41.80664],[12.63084,41.80817],[12.63222,41.81183],[12.63322,41.81716],[12.63372,41.81904],[12.63458,41.82071],[12.63534,41.82209],[12.63658,41.82338],[12.63777,41.82457],[12.63896,41.82547],[12.63972,41.82628],[12.64081,41.82718],[12.64186,41.8279],[12.64343,41.82928],[12.64462,41.83032],[12.647,41.83208],[12.64733,41.83251],[12.65047,41.83475],[12.6539,41.83715],[12.65575,41.8391],[12.65737,41.84101],[12.65871,41.84296],[12.65975,41.84453],[12.66051,41.84596],[12.6618,41.84753],[12.66308,41.84886],[12.66415,41.85012],[12.66658,41.85214],[12.66839,41.85355],[12.66972,41.8544],[12.67034,41.85455],[12.67105,41.85536],[12.67291,41.85631],[12.67462,41.85721],[12.67605,41.85831],[12.678,41.85969],[12.67967,41.86116],[12.68119,41.86249],[12.68181,41.86311],[12.68257,41.86425],[12.68357,41.86535],[12.68466,41.86673],[12.68514,41.86787],[12.68619,41.86944],[12.68714,41.87111],[12.68762,41.8723],[12.68823,41.87334],[12.68876,41.8743],[12.6898,41.87639],[12.69059,41.87769],[12.69178,41.87897],[12.69315,41.88006],[12.69454,41.88112],[12.69599,41.8819],[12.69764,41.88278],[12.6993,41.88369],[12.70083,41.88459],[12.70244,41.88549],[12.7072,41.88878]]]}},{"type":"Feature","properties":{"roadId":"awmc-road-1202-86","major":true,"known":false,"timeperiod":"R","provenance":{"dataset":"AWMC geodata","version":"commit:7ecf8bccea2efe1e1e9df2daf6001942de73fb87;path:Cultural-Data/roads/roads.geojson","upstreamFeatureIds":["awmc:roads-objectid-1202","awmc:roads-feature-86"],"changes":[{"kind":"filter","detail":"An AWMC major road of the Roman period (Barrington \"R\", 30 BC – AD 300) in 10–40°E, 28–45°N (ADR-0037 item 5).","sources":["awmc:roads-major-filter","awmc:roads-roman-period-filter"]},{"kind":"date-exclusions","detail":"Left out as later than AD 100, by AWMC OBJECTID: 1320, 1363, 1403 and 1407 (in Dacia, conquered 101–106), 1203 (the Via Traiana Nova, Trajanic), 2169 (the Via Herculia, late third century) and 2698 (to Gheriat el-Garbia, a fort of 201); the evidence is in docs/verification/M4-ancient-geometry.md, \"Roads\". Roads with no Barrington period, such as the Via Nova Traiana and the Strata Diocletiana, are left out by the period rule.","sources":["bib:livius-trajan","bib:cassius-dio-roman-history","pleiades:469059303","pleiades:344374"]}]}},"geometry":{"type":"MultiLineString","coordinates":[[[12.61959,41.45359],[12.62946,41.52909],[12.63838,41.59572],[12.65421,41.64248],[12.64552,41.70625],[12.62994,41.71517],[12.62542,41.71862],[12.62042,41.72124],[12.61292,41.73087],[12.61185,41.7411],[12.61542,41.74955],[12.6197,41.75383]]]}},{"type":"Feature","properties":{"roadId":"awmc-road-1204-88","major":true,"known":false,"timeperiod":"R","provenance":{"dataset":"AWMC geodata","version":"commit:7ecf8bccea2efe1e1e9df2daf6001942de73fb87;path:Cultural-Data/roads/roads.geojson","upstreamFeatureIds":["awmc:roads-objectid-1204","awmc:roads-feature-88"],"changes":[{"kind":"filter","detail":"An AWMC major road of the Roman period (Barrington \"R\", 30 BC – AD 300) in 10–40°E, 28–45°N (ADR-0037 item 5).","sources":["awmc:roads-major-filter","awmc:roads-roman-period-filter"]},{"kind":"date-exclusions","detail":"Left out as later than AD 100, by AWMC OBJECTID: 1320, 1363, 1403 and 1407 (in Dacia, conquered 101–106), 1203 (the Via Traiana Nova, Trajanic), 2169 (the Via Herculia, late third century) and 2698 (to Gheriat el-Garbia, a fort of 201); the evidence is in docs/verification/M4-ancient-geometry.md, \"Roads\". Roads with no Barrington period, such as the Via Nova Traiana and the Strata Diocletiana, are left out by the period rule.","sources":["bib:livius-trajan","bib:cassius-dio-roman-history","pleiades:469059303","pleiades:344374"]}]}},"geometry":{"type":"MultiLineString","coordinates":[[[12.51463,42.5223],[12.53236,42.52566],[12.54783,42.53398],[12.55526,42.54201],[12.57876,42.55391],[12.60256,42.55868],[12.62308,42.55659],[12.63557,42.55837],[12.64717,42.56521],[12.66948,42.57622],[12.7013,42.5899],[12.71112,42.59972],[12.72212,42.60448],[12.72897,42.61191],[12.72986,42.61756],[12.72778,42.63243],[12.72956,42.64522],[12.73402,42.66128],[12.72688,42.67288],[12.72064,42.69311],[12.71558,42.70233],[12.71408,42.71066],[12.74091,42.74982],[12.75514,42.77877],[12.76275,42.80077],[12.76718,42.82061],[12.75365,42.84748],[12.74027,42.86741],[12.71142,42.92897],[12.70197,42.9597]]]}},{"type":"Feature","properties":{"roadId":"awmc-road-1205-89","major":true,"known":false,"timeperiod":"R","provenance":{"dataset":"AWMC geodata","version":"commit:7ecf8bccea2efe1e1e9df2daf6001942de73fb87;path:Cultural-Data/roads/roads.geojson","upstreamFeatureIds":["awmc:roads-objectid-1205","awmc:roads-feature-89"],"changes":[{"kind":"filter","detail":"An AWMC major road of the Roman period (Barrington \"R\", 30 BC – AD 300) in 10–40°E, 28–45°N (ADR-0037 item 5).","sources":["awmc:roads-major-filter","awmc:roads-roman-period-filter"]},{"kind":"date-exclusions","detail":"Left out as later than AD 100, by AWMC OBJECTID: 1320, 1363, 1403 and 1407 (in Dacia, conquered 101–106), 1203 (the Via Traiana Nova, Trajanic), 2169 (the Via Herculia, late third century) and 2698 (to Gheriat el-Garbia, a fort of 201); the evidence is in docs/verification/M4-ancient-geometry.md, \"Roads\". Roads with no Barrington period, such as the Via Nova Traiana and the Strata Diocletiana, are left out by the period rule.","sources":["bib:livius-trajan","bib:cassius-dio-roman-history","pleiades:469059303","pleiades:344374"]}]}},"geometry":{"type":"MultiLineString","coordinates":[[[13.75741,42.21868],[13.67381,42.27092],[13.64839,42.29183],[13.44849,42.33323],[13.33636,42.36708],[13.30063,42.36913],[13.28304,42.35643],[13.26357,42.34961],[13.24437,42.34693],[13.23751,42.34467],[13.22953,42.34244],[13.20854,42.3473],[13.19562,42.35603],[13.17701,42.36329]]]}},{"type":"Feature","properties":{"roadId":"awmc-road-1206-90","major":true,"known":false,"timeperiod":"R","provenance":{"dataset":"AWMC geodata","version":"commit:7ecf8bccea2efe1e1e9df2daf6001942de73fb87;path:Cultural-Data/roads/roads.geojson","upstreamFeatureIds":["awmc:roads-objectid-1206","awmc:roads-feature-90"],"changes":[{"kind":"filter","detail":"An AWMC major road of the Roman period (Barrington \"R\", 30 BC – AD 300) in 10–40°E, 28–45°N (ADR-0037 item 5).","sources":["awmc:roads-major-filter","awmc:roads-roman-period-filter"]},{"kind":"date-exclusions","detail":"Left out as later than AD 100, by AWMC OBJECTID: 1320, 1363, 1403 and 1407 (in Dacia, conquered 101–106), 1203 (the Via Traiana Nova, Trajanic), 2169 (the Via Herculia, late third century) and 2698 (to Gheriat el-Garbia, a fort of 201); the evidence is in docs/verification/M4-ancient-geometry.md, \"Roads\". Roads with no Barrington period, such as the Via Nova Traiana and the Strata Diocletiana, are left out by the period rule.","sources":["bib:livius-trajan","bib:cassius-dio-roman-history","pleiades:469059303","pleiades:344374"]}]}},"geometry":{"type":"MultiLineString","coordinates":[[[13.2823,42.36],[13.29379,42.37666],[13.30015,42.39962],[13.31906,42.42889],[13.3344,42.45304],[13.35297,42.47814],[13.36047,42.48706],[13.36814,42.49253],[13.38367,42.49848],[13.40812,42.51347],[13.42703,42.52311],[13.45023,42.5381],[13.46594,42.54417],[13.48235,42.55381],[13.49949,42.55167],[13.51268,42.55262],[13.51712,42.56106],[13.52447,42.56773],[13.53339,42.5663],[13.54482,42.56202],[13.55374,42.56273],[13.55942,42.56806],[13.56623,42.57058],[13.57424,42.58196],[13.58443,42.58414],[13.59229,42.58379],[13.59764,42.57843],[13.61013,42.57736],[13.63512,42.57701],[13.64689,42.58165],[13.65885,42.58022],[13.6792,42.58664],[13.68848,42.59342],[13.70579,42.59699],[13.71096,42.60663],[13.71988,42.61198],[13.7366,42.6088],[13.75681,42.60802],[13.77887,42.61068],[13.80349,42.61924],[13.82562,42.61781],[13.89917,42.59441],[13.93537,42.58141],[13.96286,42.58462]]]}},{"type":"Feature","properties":{"roadId":"awmc-road-1207-91","major":false,"known":false,"timeperiod":"R","provenance":{"dataset":"AWMC geodata","version":"commit:7ecf8bccea2efe1e1e9df2daf6001942de73fb87;path:Cultural-Data/roads/roads.geojson","upstreamFeatureIds":["awmc:roads-objectid-1207","awmc:roads-feature-91"],"changes":[{"kind":"filter","detail":"An AWMC minor road of the Roman period (Barrington \"R\", 30 BC – AD 300) that passes within 50 km of one of our places (ADR-0037's update of 2026-10-08, item 1).","sources":["awmc:roads-minor-near-places-filter","awmc:roads-roman-period-filter"]},{"kind":"date-exclusions","detail":"Left out as later than AD 100, by AWMC OBJECTID: 1320, 1363, 1403 and 1407 (in Dacia, conquered 101–106), 1203 (the Via Traiana Nova, Trajanic), 2169 (the Via Herculia, late third century) and 2698 (to Gheriat el-Garbia, a fort of 201); the evidence is in docs/verification/M4-ancient-geometry.md, \"Roads\". Roads with no Barrington period, such as the Via Nova Traiana and the Strata Diocletiana, are left out by the period rule.","sources":["bib:livius-trajan","bib:cassius-dio-roman-history","pleiades:469059303","pleiades:344374"]}]}},"geometry":{"type":"MultiLineString","coordinates":[[[13.77795,41.2423],[13.79926,41.2489],[13.85588,41.24248],[13.91526,41.2442],[13.92221,41.23397],[13.95539,41.23757],[13.97125,41.24436],[14.00286,41.24138],[14.00931,41.25437],[14.04682,41.25692]]]}},{"type":"Feature","properties":{"roadId":"awmc-road-1208-92","major":false,"known":false,"timeperiod":"R","provenance":{"dataset":"AWMC geodata","version":"commit:7ecf8bccea2efe1e1e9df2daf6001942de73fb87;path:Cultural-Data/roads/roads.geojson","upstreamFeatureIds":["awmc:roads-objectid-1208","awmc:roads-feature-92"],"changes":[{"kind":"filter","detail":"An AWMC minor road of the Roman period (Barrington \"R\", 30 BC – AD 300) that passes within 50 km of one of our places (ADR-0037's update of 2026-10-08, item 1).","sources":["awmc:roads-minor-near-places-filter","awmc:roads-roman-period-filter"]},{"kind":"date-exclusions","detail":"Left out as later than AD 100, by AWMC OBJECTID: 1320, 1363, 1403 and 1407 (in Dacia, conquered 101–106), 1203 (the Via Traiana Nova, Trajanic), 2169 (the Via Herculia, late third century) and 2698 (to Gheriat el-Garbia, a fort of 201); the evidence is in docs/verification/M4-ancient-geometry.md, \"Roads\". Roads with no Barrington period, such as the Via Nova Traiana and the Strata Diocletiana, are left out by the period rule.","sources":["bib:livius-trajan","bib:cassius-dio-roman-history","pleiades:469059303","pleiades:344374"]}]}},"geometry":{"type":"MultiLineString","coordinates":[[[12.17168,42.13275],[12.11069,42.19716],[12.01808,42.28627],[12.00502,42.29567],[11.94942,42.33416],[11.92109,42.38619],[11.84566,42.43913],[11.72426,42.49782]]]}},{"type":"Feature","properties":{"roadId":"awmc-road-1210-93","major":false,"known":true,"timeperiod":"R","provenance":{"dataset":"AWMC geodata","version":"commit:7ecf8bccea2efe1e1e9df2daf6001942de73fb87;path:Cultural-Data/roads/roads.geojson","upstreamFeatureIds":["awmc:roads-objectid-1210","awmc:roads-feature-93"],"changes":[{"kind":"filter","detail":"An AWMC minor road of the Roman period (Barrington \"R\", 30 BC – AD 300) that passes within 50 km of one of our places (ADR-0037's update of 2026-10-08, item 1).","sources":["awmc:roads-minor-near-places-filter","awmc:roads-roman-period-filter"]},{"kind":"date-exclusions","detail":"Left out as later than AD 100, by AWMC OBJECTID: 1320, 1363, 1403 and 1407 (in Dacia, conquered 101–106), 1203 (the Via Traiana Nova, Trajanic), 2169 (the Via Herculia, late third century) and 2698 (to Gheriat el-Garbia, a fort of 201); the evidence is in docs/verification/M4-ancient-geometry.md, \"Roads\". Roads with no Barrington period, such as the Via Nova Traiana and the Strata Diocletiana, are left out by the period rule.","sources":["bib:livius-trajan","bib:cassius-dio-roman-history","pleiades:469059303","pleiades:344374"]}]}},"geometry":{"type":"MultiLineString","coordinates":[[[12.34927,42.13349],[12.35022,42.14205],[12.34464,42.17478],[12.33293,42.21325],[12.33451,42.22533],[12.34187,42.23877],[12.36021,42.30909],[12.35831,42.32432],[12.35164,42.34431],[12.35164,42.36525],[12.34999,42.39803],[12.35346,42.45111],[12.36342,42.4733],[12.37166,42.48136],[12.38315,42.48778],[12.38951,42.48956],[12.39032,42.49757],[12.38781,42.50742]]]}},{"type":"Feature","properties":{"roadId":"awmc-road-1211-94","major":true,"known":false,"timeperiod":"R","provenance":{"dataset":"AWMC geodata","version":"commit:7ecf8bccea2efe1e1e9df2daf6001942de73fb87;path:Cultural-Data/roads/roads.geojson","upstreamFeatureIds":["awmc:roads-objectid-1211","awmc:roads-feature-94"],"changes":[{"kind":"filter","detail":"An AWMC major road of the Roman period (Barrington \"R\", 30 BC – AD 300) in 10–40°E, 28–45°N (ADR-0037 item 5).","sources":["awmc:roads-major-filter","awmc:roads-roman-period-filter"]},{"kind":"date-exclusions","detail":"Left out as later than AD 100, by AWMC OBJECTID: 1320, 1363, 1403 and 1407 (in Dacia, conquered 101–106), 1203 (the Via Traiana Nova, Trajanic), 2169 (the Via Herculia, late third century) and 2698 (to Gheriat el-Garbia, a fort of 201); the evidence is in docs/verification/M4-ancient-geometry.md, \"Roads\". Roads with no Barrington period, such as the Via Nova Traiana and the Strata Diocletiana, are left out by the period rule.","sources":["bib:livius-trajan","bib:cassius-dio-roman-history","pleiades:469059303","pleiades:344374"]}]}},"geometry":{"type":"MultiLineString","coordinates":[[[12.60745,42.08545],[12.62404,42.10574],[12.64143,42.11937],[12.64826,42.13505],[12.65986,42.14189],[12.68544,42.15111],[12.73184,42.16241],[12.75504,42.16628],[12.76753,42.16806],[12.77646,42.17163],[12.78925,42.17342],[12.79519,42.17639],[12.79737,42.18137],[12.81453,42.19691],[12.8178,42.21535],[12.82583,42.23023],[12.83773,42.24272],[12.84784,42.25967],[12.84929,42.27615],[12.84724,42.29001],[12.84992,42.31232],[12.85557,42.32749],[12.85528,42.34206],[12.85795,42.36764],[12.85736,42.38281],[12.86027,42.40588]]]}},{"type":"Feature","properties":{"roadId":"awmc-road-1226-231","major":true,"known":true,"timeperiod":"RL","provenance":{"dataset":"AWMC geodata","version":"commit:7ecf8bccea2efe1e1e9df2daf6001942de73fb87;path:Cultural-Data/roads/roads.geojson","upstreamFeatureIds":["awmc:roads-objectid-1226","awmc:roads-feature-231"],"changes":[{"kind":"filter","detail":"An AWMC major road of the Roman period (Barrington \"R\", 30 BC – AD 300) in 10–40°E, 28–45°N (ADR-0037 item 5).","sources":["awmc:roads-major-filter","awmc:roads-roman-period-filter"]},{"kind":"date-exclusions","detail":"Left out as later than AD 100, by AWMC OBJECTID: 1320, 1363, 1403 and 1407 (in Dacia, conquered 101–106), 1203 (the Via Traiana Nova, Trajanic), 2169 (the Via Herculia, late third century) and 2698 (to Gheriat el-Garbia, a fort of 201); the evidence is in docs/verification/M4-ancient-geometry.md, \"Roads\". Roads with no Barrington period, such as the Via Nova Traiana and the Strata Diocletiana, are left out by the period rule.","sources":["bib:livius-trajan","bib:cassius-dio-roman-history","pleiades:469059303","pleiades:344374"]}]}},"geometry":{"type":"MultiLineString","coordinates":[[[20.77158,38.95042],[20.77158,38.94745],[20.77158,38.94298],[20.77188,38.93882],[20.77396,38.93347],[20.77634,38.9293],[20.78051,38.92484],[20.78437,38.92157],[20.78718,38.92055],[20.79092,38.91919],[20.80043,38.91651],[20.81144,38.91562],[20.82155,38.91592],[20.83226,38.91502],[20.84088,38.91532],[20.84832,38.91532],[20.85605,38.91502],[20.86974,38.91621],[20.88252,38.91651],[20.89145,38.9177],[20.8971,38.91919],[20.90483,38.91919],[20.90929,38.91978],[20.91316,38.92365],[20.91673,38.92781],[20.92446,38.93138],[20.92922,38.9293],[20.93339,38.92484],[20.93823,38.91919],[20.95162,38.91384],[20.97184,38.90729],[20.98731,38.90164],[21.00248,38.89599],[21.01229,38.89064],[21.0178,38.88766]]]}},{"type":"Feature","properties":{"roadId":"awmc-road-1228-561","major":false,"known":false,"timeperiod":"RL","provenance":{"dataset":"AWMC geodata","version":"commit:7ecf8bccea2efe1e1e9df2daf6001942de73fb87;path:Cultural-Data/roads/roads.geojson","upstreamFeatureIds":["awmc:roads-objectid-1228","awmc:roads-feature-561"],"changes":[{"kind":"filter","detail":"An AWMC minor road of the Roman period (Barrington \"R\", 30 BC – AD 300) that passes within 50 km of one of our places (ADR-0037's update of 2026-10-08, item 1).","sources":["awmc:roads-minor-near-places-filter","awmc:roads-roman-period-filter"]},{"kind":"date-exclusions","detail":"Left out as later than AD 100, by AWMC OBJECTID: 1320, 1363, 1403 and 1407 (in Dacia, conquered 101–106), 1203 (the Via Traiana Nova, Trajanic), 2169 (the Via Herculia, late third century) and 2698 (to Gheriat el-Garbia, a fort of 201); the evidence is in docs/verification/M4-ancient-geometry.md, \"Roads\". Roads with no Barrington period, such as the Via Nova Traiana and the Strata Diocletiana, are left out by the period rule.","sources":["bib:livius-trajan","bib:cassius-dio-roman-history","pleiades:469059303","pleiades:344374"]}]}},"geometry":{"type":"MultiLineString","coordinates":[[[20.78718,38.92055],[20.78718,38.92055],[20.79017,38.91175],[20.79166,38.90461],[20.79196,38.89777],[20.78987,38.88409]]]}},{"type":"Feature","properties":{"roadId":"awmc-road-1231-564","major":false,"known":false,"timeperiod":"RL","provenance":{"dataset":"AWMC geodata","version":"commit:7ecf8bccea2efe1e1e9df2daf6001942de73fb87;path:Cultural-Data/roads/roads.geojson","upstreamFeatureIds":["awmc:roads-objectid-1231","awmc:roads-feature-564"],"changes":[{"kind":"filter","detail":"An AWMC minor road of the Roman period (Barrington \"R\", 30 BC – AD 300) that passes within 50 km of one of our places (ADR-0037's update of 2026-10-08, item 1).","sources":["awmc:roads-minor-near-places-filter","awmc:roads-roman-period-filter"]},{"kind":"date-exclusions","detail":"Left out as later than AD 100, by AWMC OBJECTID: 1320, 1363, 1403 and 1407 (in Dacia, conquered 101–106), 1203 (the Via Traiana Nova, Trajanic), 2169 (the Via Herculia, late third century) and 2698 (to Gheriat el-Garbia, a fort of 201); the evidence is in docs/verification/M4-ancient-geometry.md, \"Roads\". Roads with no Barrington period, such as the Via Nova Traiana and the Strata Diocletiana, are left out by the period rule.","sources":["bib:livius-trajan","bib:cassius-dio-roman-history","pleiades:469059303","pleiades:344374"]}]}},"geometry":{"type":"MultiLineString","coordinates":[[[20.73536,39.01371],[20.72762,39.02234],[20.71989,39.03453],[20.71364,39.04822],[20.7065,39.05982],[20.70026,39.06666],[20.68687,39.07796],[20.67557,39.08599],[20.66903,39.09283],[20.65683,39.10027],[20.64285,39.10949],[20.6256,39.12198],[20.60389,39.13834],[20.58054,39.1596],[20.56091,39.18251],[20.53474,39.20511],[20.51183,39.21939],[20.50157,39.22772],[20.49414,39.23872],[20.49146,39.25448],[20.48878,39.26965],[20.48432,39.28378],[20.47718,39.29657],[20.46618,39.30877],[20.45577,39.32007],[20.45012,39.33107],[20.4403,39.35041],[20.43837,39.35517],[20.43183,39.36082],[20.42082,39.36974],[20.39524,39.3864],[20.37829,39.39859],[20.37442,39.40261],[20.3652,39.40588],[20.34527,39.41302],[20.33412,39.41748],[20.32282,39.42402],[20.31568,39.42997],[20.30824,39.43919],[20.3014,39.44752],[20.29337,39.45555],[20.28623,39.46299],[20.28177,39.47191],[20.27552,39.48886],[20.27017,39.50552],[20.25991,39.52708],[20.25009,39.54701],[20.2266,39.58627],[20.20964,39.61126],[20.18971,39.6288],[20.17901,39.63535],[20.16101,39.64754],[20.14138,39.65765],[20.12056,39.67952],[20.06033,39.72175],[20.02761,39.74644],[20.04487,39.75417],[20.05587,39.76547],[20.06479,39.78005],[20.06628,39.78748],[20.06658,39.80905],[20.06658,39.81708],[20.07044,39.83344],[20.07431,39.84593],[20.0758,39.85723],[20.0755,39.87181],[20.07253,39.88549],[20.06866,39.89679],[20.05974,39.90661],[20.04724,39.91642],[20.03624,39.92995]]]}},{"type":"Feature","properties":{"roadId":"awmc-road-1233-565","major":false,"known":false,"timeperiod":"RL","provenance":{"dataset":"AWMC geodata","version":"commit:7ecf8bccea2efe1e1e9df2daf6001942de73fb87;path:Cultural-Data/roads/roads.geojson","upstreamFeatureIds":["awmc:roads-objectid-1233","awmc:roads-feature-565"],"changes":[{"kind":"filter","detail":"An AWMC minor road of the Roman period (Barrington \"R\", 30 BC – AD 300) that passes within 50 km of one of our places (ADR-0037's update of 2026-10-08, item 1).","sources":["awmc:roads-minor-near-places-filter","awmc:roads-roman-period-filter"]},{"kind":"date-exclusions","detail":"Left out as later than AD 100, by AWMC OBJECTID: 1320, 1363, 1403 and 1407 (in Dacia, conquered 101–106), 1203 (the Via Traiana Nova, Trajanic), 2169 (the Via Herculia, late third century) and 2698 (to Gheriat el-Garbia, a fort of 201); the evidence is in docs/verification/M4-ancient-geometry.md, \"Roads\". Roads with no Barrington period, such as the Via Nova Traiana and the Strata Diocletiana, are left out by the period rule.","sources":["bib:livius-trajan","bib:cassius-dio-roman-history","pleiades:469059303","pleiades:344374"]}]}},"geometry":{"type":"MultiLineString","coordinates":[[[20.73364,39.01563],[20.74174,39.0225],[20.7534,39.02988],[20.75745,39.03892],[20.75768,39.0501],[20.75626,39.05843],[20.75435,39.07532],[20.75102,39.0946],[20.74912,39.11006],[20.74817,39.12053],[20.74936,39.136],[20.75388,39.14694],[20.75768,39.15896],[20.77291,39.17229],[20.78362,39.17728],[20.79433,39.18609],[20.79528,39.19608],[20.79766,39.21298]],[[20.21869,40.03565],[20.22428,40.02291],[20.22796,40.01447],[20.23832,40.00269],[20.25366,39.98985],[20.26116,39.98271],[20.27222,39.97664],[20.2815,39.96986],[20.29435,39.96308],[20.3072,39.95558],[20.31755,39.95023],[20.32719,39.94701],[20.34075,39.94095],[20.35182,39.93666],[20.36395,39.93024],[20.37502,39.9206],[20.38894,39.90811],[20.40507,39.89312],[20.42434,39.87599]]]}},{"type":"Feature","properties":{"roadId":"awmc-road-1235-566","major":false,"known":false,"timeperiod":"RL","provenance":{"dataset":"AWMC geodata","version":"commit:7ecf8bccea2efe1e1e9df2daf6001942de73fb87;path:Cultural-Data/roads/roads.geojson","upstreamFeatureIds":["awmc:roads-objectid-1235","awmc:roads-feature-566"],"changes":[{"kind":"filter","detail":"An AWMC minor road of the Roman period (Barrington \"R\", 30 BC – AD 300) that passes within 50 km of one of our places (ADR-0037's update of 2026-10-08, item 1).","sources":["awmc:roads-minor-near-places-filter","awmc:roads-roman-period-filter"]},{"kind":"date-exclusions","detail":"Left out as later than AD 100, by AWMC OBJECTID: 1320, 1363, 1403 and 1407 (in Dacia, conquered 101–106), 1203 (the Via Traiana Nova, Trajanic), 2169 (the Via Herculia, late third century) and 2698 (to Gheriat el-Garbia, a fort of 201); the evidence is in docs/verification/M4-ancient-geometry.md, \"Roads\". Roads with no Barrington period, such as the Via Nova Traiana and the Strata Diocletiana, are left out by the period rule.","sources":["bib:livius-trajan","bib:cassius-dio-roman-history","pleiades:469059303","pleiades:344374"]}]}},"geometry":{"type":"MultiLineString","coordinates":[[[20.77627,39.17385],[20.78526,39.17324],[20.7943,39.17324],[20.80739,39.17348],[20.81715,39.17371],[20.82881,39.17205],[20.83975,39.16848],[20.85498,39.16372],[20.87306,39.16443],[20.8966,39.16348],[20.91444,39.1592],[20.9311,39.15849],[20.94419,39.15349],[20.96013,39.15277],[20.9775,39.15396],[20.9907,39.15849],[20.9908,39.15137],[20.99294,39.14233],[20.99937,39.13281]]]}},{"type":"Feature","properties":{"roadId":"awmc-road-1238-568","major":true,"known":true,"timeperiod":"RL","provenance":{"dataset":"AWMC geodata","version":"commit:7ecf8bccea2efe1e1e9df2daf6001942de73fb87;path:Cultural-Data/roads/roads.geojson","upstreamFeatureIds":["awmc:roads-objectid-1238","awmc:roads-feature-568"],"changes":[{"kind":"filter","detail":"An AWMC major road of the Roman period (Barrington \"R\", 30 BC – AD 300) in 10–40°E, 28–45°N (ADR-0037 item 5).","sources":["awmc:roads-major-filter","awmc:roads-roman-period-filter"]},{"kind":"date-exclusions","detail":"Left out as later than AD 100, by AWMC OBJECTID: 1320, 1363, 1403 and 1407 (in Dacia, conquered 101–106), 1203 (the Via Traiana Nova, Trajanic), 2169 (the Via Herculia, late third century) and 2698 (to Gheriat el-Garbia, a fort of 201); the evidence is in docs/verification/M4-ancient-geometry.md, \"Roads\". Roads with no Barrington period, such as the Via Nova Traiana and the Strata Diocletiana, are left out by the period rule.","sources":["bib:livius-trajan","bib:cassius-dio-roman-history","pleiades:469059303","pleiades:344374"]}]}},"geometry":{"type":"MultiLineString","coordinates":[[[19.48139,40.74921],[19.5109,40.7454],[19.53564,40.73969],[19.57809,40.73398],[19.58476,40.76158],[19.57714,40.7987],[19.57619,40.82725],[19.56572,40.86057],[19.55811,40.89578],[19.54383,40.94337],[19.54193,40.97097],[19.54193,41.01856],[19.55525,41.07186],[19.58095,41.10517],[19.62378,41.16894],[19.59656,41.18691],[19.57693,41.1994],[19.55908,41.21725],[19.53945,41.24223],[19.53231,41.26722],[19.52696,41.2922],[19.5109,41.31005],[19.49841,41.32432],[19.47342,41.32432],[19.44487,41.32789]]]}},{"type":"Feature","properties":{"roadId":"awmc-road-1239-569","major":true,"known":true,"timeperiod":"RL","provenance":{"dataset":"AWMC geodata","version":"commit:7ecf8bccea2efe1e1e9df2daf6001942de73fb87;path:Cultural-Data/roads/roads.geojson","upstreamFeatureIds":["awmc:roads-objectid-1239","awmc:roads-feature-569"],"changes":[{"kind":"filter","detail":"An AWMC major road of the Roman period (Barrington \"R\", 30 BC – AD 300) in 10–40°E, 28–45°N (ADR-0037 item 5).","sources":["awmc:roads-major-filter","awmc:roads-roman-period-filter"]},{"kind":"date-exclusions","detail":"Left out as later than AD 100, by AWMC OBJECTID: 1320, 1363, 1403 and 1407 (in Dacia, conquered 101–106), 1203 (the Via Traiana Nova, Trajanic), 2169 (the Via Herculia, late third century) and 2698 (to Gheriat el-Garbia, a fort of 201); the evidence is in docs/verification/M4-ancient-geometry.md, \"Roads\". Roads with no Barrington period, such as the Via Nova Traiana and the Strata Diocletiana, are left out by the period rule.","sources":["bib:livius-trajan","bib:cassius-dio-roman-history","pleiades:469059303","pleiades:344374"]}]}},"geometry":{"type":"MultiLineString","coordinates":[[[19.83451,40.9034],[19.8602,40.91291],[19.88971,40.91958],[19.9116,40.92434],[19.93444,40.92909],[19.95729,40.94623],[19.9768,40.96717],[19.99393,40.99191],[20.0063,41.01571],[20.02343,41.04521],[20.04342,41.05949],[20.06817,41.07472],[20.08149,41.08804],[20.0853,41.10042],[20.0853,41.10803],[20.07864,41.11564]]]}},{"type":"Feature","properties":{"roadId":"awmc-road-1240-570","major":true,"known":true,"timeperiod":"RL","provenance":{"dataset":"AWMC geodata","version":"commit:7ecf8bccea2efe1e1e9df2daf6001942de73fb87;path:Cultural-Data/roads/roads.geojson","upstreamFeatureIds":["awmc:roads-objectid-1240","awmc:roads-feature-570"],"changes":[{"kind":"filter","detail":"An AWMC major road of the Roman period (Barrington \"R\", 30 BC – AD 300) in 10–40°E, 28–45°N (ADR-0037 item 5).","sources":["awmc:roads-major-filter","awmc:roads-roman-period-filter"]},{"kind":"date-exclusions","detail":"Left out as later than AD 100, by AWMC OBJECTID: 1320, 1363, 1403 and 1407 (in Dacia, conquered 101–106), 1203 (the Via Traiana Nova, Trajanic), 2169 (the Via Herculia, late third century) and 2698 (to Gheriat el-Garbia, a fort of 201); the evidence is in docs/verification/M4-ancient-geometry.md, \"Roads\". Roads with no Barrington period, such as the Via Nova Traiana and the Strata Diocletiana, are left out by the period rule.","sources":["bib:livius-trajan","bib:cassius-dio-roman-history","pleiades:469059303","pleiades:344374"]}]}},"geometry":{"type":"MultiLineString","coordinates":[[[19.57809,40.73398],[19.5918,40.73112],[19.61084,40.72446],[19.647,40.72351],[19.67651,40.73207],[19.70221,40.7454],[19.726,40.75872],[19.75456,40.77205],[19.77264,40.78442],[19.78025,40.81298],[19.79643,40.85485],[19.82213,40.89578],[19.83451,40.9034],[19.8207,40.92434],[19.81499,40.9329],[19.80643,40.95003],[19.80548,40.95574],[19.79977,40.96717],[19.80072,40.97668],[19.80262,40.98335],[19.80833,40.99572],[19.81404,41.00524],[19.82166,41.01475],[19.82642,41.02808],[19.82642,41.03855],[19.82261,41.04426],[19.8207,41.05473]]]}},{"type":"Feature","properties":{"roadId":"awmc-road-1244-2553","major":true,"known":true,"timeperiod":"RL","provenance":{"dataset":"AWMC geodata","version":"commit:7ecf8bccea2efe1e1e9df2daf6001942de73fb87;path:Cultural-Data/roads/roads.geojson","upstreamFeatureIds":["awmc:roads-objectid-1244","awmc:roads-feature-2553"],"changes":[{"kind":"filter","detail":"An AWMC major road of the Roman period (Barrington \"R\", 30 BC – AD 300) in 10–40°E, 28–45°N (ADR-0037 item 5).","sources":["awmc:roads-major-filter","awmc:roads-roman-period-filter"]},{"kind":"date-exclusions","detail":"Left out as later than AD 100, by AWMC OBJECTID: 1320, 1363, 1403 and 1407 (in Dacia, conquered 101–106), 1203 (the Via Traiana Nova, Trajanic), 2169 (the Via Herculia, late third century) and 2698 (to Gheriat el-Garbia, a fort of 201); the evidence is in docs/verification/M4-ancient-geometry.md, \"Roads\". Roads with no Barrington period, such as the Via Nova Traiana and the Strata Diocletiana, are left out by the period rule.","sources":["bib:livius-trajan","bib:cassius-dio-roman-history","pleiades:469059303","pleiades:344374"]}]}},"geometry":{"type":"MultiLineString","coordinates":[[[18.99308,42.75784],[19.00914,42.74952],[19.01509,42.72037],[19.01154,42.70052],[19.01689,42.6803],[19.02224,42.66126],[19.03176,42.6339],[19.03771,42.6107],[19.05318,42.59166],[19.07638,42.57144],[19.10076,42.55657],[19.12872,42.54824],[19.14954,42.5411],[19.16739,42.53932],[19.18405,42.53575],[19.20011,42.53277],[19.21914,42.51612]]]}},{"type":"Feature","properties":{"roadId":"awmc-road-1245-2535","major":true,"known":false,"timeperiod":"RL","provenance":{"dataset":"AWMC geodata","version":"commit:7ecf8bccea2efe1e1e9df2daf6001942de73fb87;path:Cultural-Data/roads/roads.geojson","upstreamFeatureIds":["awmc:roads-objectid-1245","awmc:roads-feature-2535"],"changes":[{"kind":"filter","detail":"An AWMC major road of the Roman period (Barrington \"R\", 30 BC – AD 300) in 10–40°E, 28–45°N (ADR-0037 item 5).","sources":["awmc:roads-major-filter","awmc:roads-roman-period-filter"]},{"kind":"date-exclusions","detail":"Left out as later than AD 100, by AWMC OBJECTID: 1320, 1363, 1403 and 1407 (in Dacia, conquered 101–106), 1203 (the Via Traiana Nova, Trajanic), 2169 (the Via Herculia, late third century) and 2698 (to Gheriat el-Garbia, a fort of 201); the evidence is in docs/verification/M4-ancient-geometry.md, \"Roads\". Roads with no Barrington period, such as the Via Nova Traiana and the Strata Diocletiana, are left out by the period rule.","sources":["bib:livius-trajan","bib:cassius-dio-roman-history","pleiades:469059303","pleiades:344374"]}]}},"geometry":{"type":"MultiLineString","coordinates":[[[18.69644,42.52404],[18.70692,42.5344],[18.71264,42.5444],[18.70978,42.56296],[18.70478,42.58651],[18.70336,42.61364],[18.69193,42.63291],[18.68194,42.65469],[18.67694,42.67681],[18.68979,42.68966],[18.70028,42.70014],[18.7104,42.71323],[18.7098,42.72215],[18.69671,42.74059]]]}},{"type":"Feature","properties":{"roadId":"awmc-road-1247-575","major":true,"known":true,"timeperiod":"RL","provenance":{"dataset":"AWMC geodata","version":"commit:7ecf8bccea2efe1e1e9df2daf6001942de73fb87;path:Cultural-Data/roads/roads.geojson","upstreamFeatureIds":["awmc:roads-objectid-1247","awmc:roads-feature-575"],"changes":[{"kind":"filter","detail":"An AWMC major road of the Roman period (Barrington \"R\", 30 BC – AD 300) in 10–40°E, 28–45°N (ADR-0037 item 5).","sources":["awmc:roads-major-filter","awmc:roads-roman-period-filter"]},{"kind":"date-exclusions","detail":"Left out as later than AD 100, by AWMC OBJECTID: 1320, 1363, 1403 and 1407 (in Dacia, conquered 101–106), 1203 (the Via Traiana Nova, Trajanic), 2169 (the Via Herculia, late third century) and 2698 (to Gheriat el-Garbia, a fort of 201); the evidence is in docs/verification/M4-ancient-geometry.md, \"Roads\". Roads with no Barrington period, such as the Via Nova Traiana and the Strata Diocletiana, are left out by the period rule.","sources":["bib:livius-trajan","bib:cassius-dio-roman-history","pleiades:469059303","pleiades:344374"]}]}},"geometry":{"type":"MultiLineString","coordinates":[[[19.21914,42.51612],[19.23401,42.50957],[19.25008,42.50065],[19.26733,42.49232],[19.28273,42.48039],[19.28149,42.45544],[19.291,42.43462],[19.30409,42.42391],[19.32015,42.40726],[19.32967,42.39595],[19.33859,42.37692],[19.3493,42.35729],[19.35584,42.34123],[19.36358,42.32457],[19.37607,42.32516],[19.39213,42.32159],[19.40462,42.33111],[19.41473,42.33766],[19.42633,42.34251],[19.44299,42.34251],[19.45965,42.33776],[19.46322,42.31991],[19.45846,42.28422],[19.44775,42.25923],[19.45846,42.23901],[19.47095,42.21527],[19.47916,42.19207],[19.49629,42.13604],[19.51021,42.08071],[19.51164,42.06579],[19.52627,42.06348],[19.54411,42.06491],[19.55768,42.05635],[19.56553,42.04778],[19.57481,42.03493],[19.58123,42.02494],[19.58909,42.01851],[19.60765,42.0128],[19.62549,42.01137],[19.63192,42.01066],[19.63406,41.98853],[19.62906,41.96997],[19.63192,41.94927],[19.64905,41.92286],[19.66047,41.91072],[19.67046,41.89502],[19.67046,41.8736],[19.66761,41.85005],[19.65833,41.82578],[19.65833,41.80436],[19.66261,41.78794],[19.67546,41.77902],[19.68902,41.77117],[19.70616,41.74333],[19.72186,41.71549],[19.73043,41.69978],[19.73043,41.66481],[19.72614,41.63697],[19.724,41.60413],[19.71829,41.57772],[19.72043,41.5613],[19.72757,41.54131],[19.734,41.52561],[19.74113,41.50348],[19.73756,41.47207],[19.719,41.43852],[19.70259,41.40997],[19.66975,41.38784],[19.63477,41.37642],[19.60765,41.36785],[19.59051,41.36714],[19.57695,41.35928],[19.5591,41.34858],[19.53483,41.33715],[19.50485,41.32787],[19.49841,41.32432]]]}},{"type":"Feature","properties":{"roadId":"awmc-road-1250-577","major":true,"known":true,"timeperiod":"RL","provenance":{"dataset":"AWMC geodata","version":"commit:7ecf8bccea2efe1e1e9df2daf6001942de73fb87;path:Cultural-Data/roads/roads.geojson","upstreamFeatureIds":["awmc:roads-objectid-1250","awmc:roads-feature-577"],"changes":[{"kind":"filter","detail":"An AWMC major road of the Roman period (Barrington \"R\", 30 BC – AD 300) in 10–40°E, 28–45°N (ADR-0037 item 5).","sources":["awmc:roads-major-filter","awmc:roads-roman-period-filter"]},{"kind":"date-exclusions","detail":"Left out as later than AD 100, by AWMC OBJECTID: 1320, 1363, 1403 and 1407 (in Dacia, conquered 101–106), 1203 (the Via Traiana Nova, Trajanic), 2169 (the Via Herculia, late third century) and 2698 (to Gheriat el-Garbia, a fort of 201); the evidence is in docs/verification/M4-ancient-geometry.md, \"Roads\". Roads with no Barrington period, such as the Via Nova Traiana and the Strata Diocletiana, are left out by the period rule.","sources":["bib:livius-trajan","bib:cassius-dio-roman-history","pleiades:469059303","pleiades:344374"]}]}},"geometry":{"type":"MultiLineString","coordinates":[[[21.19094,42.60315],[21.18309,42.58816],[21.15882,42.55817],[21.15275,42.5409],[21.14811,42.45967],[21.14811,42.42826],[21.15025,42.39613],[21.17666,42.35188],[21.20236,42.31547],[21.23234,42.2912],[21.26018,42.26907],[21.26661,42.25194],[21.27232,42.24302],[21.26803,42.22731],[21.27374,42.20946],[21.27517,42.19305],[21.29873,42.15093],[21.3437,42.1031],[21.40902,42.04885],[21.44043,42.01816],[21.49254,42.0203],[21.53394,42.01744]]]}},{"type":"Feature","properties":{"roadId":"awmc-road-1251-578","major":true,"known":false,"timeperiod":"RL","provenance":{"dataset":"AWMC geodata","version":"commit:7ecf8bccea2efe1e1e9df2daf6001942de73fb87;path:Cultural-Data/roads/roads.geojson","upstreamFeatureIds":["awmc:roads-objectid-1251","awmc:roads-feature-578"],"changes":[{"kind":"filter","detail":"An AWMC major road of the Roman period (Barrington \"R\", 30 BC – AD 300) in 10–40°E, 28–45°N (ADR-0037 item 5).","sources":["awmc:roads-major-filter","awmc:roads-roman-period-filter"]},{"kind":"date-exclusions","detail":"Left out as later than AD 100, by AWMC OBJECTID: 1320, 1363, 1403 and 1407 (in Dacia, conquered 101–106), 1203 (the Via Traiana Nova, Trajanic), 2169 (the Via Herculia, late third century) and 2698 (to Gheriat el-Garbia, a fort of 201); the evidence is in docs/verification/M4-ancient-geometry.md, \"Roads\". Roads with no Barrington period, such as the Via Nova Traiana and the Strata Diocletiana, are left out by the period rule.","sources":["bib:livius-trajan","bib:cassius-dio-roman-history","pleiades:469059303","pleiades:344374"]}]}},"geometry":{"type":"MultiLineString","coordinates":[[[21.53394,42.01744],[21.55892,42.02244],[21.58947,42.05242],[21.63587,42.11167],[21.65332,42.17175],[21.66072,42.21589],[21.66785,42.25943],[21.67285,42.30298],[21.67499,42.34224],[21.69712,42.36508],[21.75137,42.41005],[21.76886,42.42926],[21.78742,42.45138],[21.82026,42.47994],[21.85024,42.51277],[21.88522,42.53205],[21.92305,42.55346],[21.97653,42.59325],[21.99872,42.61485],[22.01014,42.64769],[22.02013,42.67553],[22.03941,42.69766]]]}},{"type":"Feature","properties":{"roadId":"awmc-road-1252-579","major":true,"known":true,"timeperiod":"RL","provenance":{"dataset":"AWMC geodata","version":"commit:7ecf8bccea2efe1e1e9df2daf6001942de73fb87;path:Cultural-Data/roads/roads.geojson","upstreamFeatureIds":["awmc:roads-objectid-1252","awmc:roads-feature-579"],"changes":[{"kind":"filter","detail":"An AWMC major road of the Roman period (Barrington \"R\", 30 BC – AD 300) in 10–40°E, 28–45°N (ADR-0037 item 5).","sources":["awmc:roads-major-filter","awmc:roads-roman-period-filter"]},{"kind":"date-exclusions","detail":"Left out as later than AD 100, by AWMC OBJECTID: 1320, 1363, 1403 and 1407 (in Dacia, conquered 101–106), 1203 (the Via Traiana Nova, Trajanic), 2169 (the Via Herculia, late third century) and 2698 (to Gheriat el-Garbia, a fort of 201); the evidence is in docs/verification/M4-ancient-geometry.md, \"Roads\". Roads with no Barrington period, such as the Via Nova Traiana and the Strata Diocletiana, are left out by the period rule.","sources":["bib:livius-trajan","bib:cassius-dio-roman-history","pleiades:469059303","pleiades:344374"]}]}},"geometry":{"type":"MultiLineString","coordinates":[[[21.83,43.21506],[21.85112,43.19249],[21.88919,43.15382],[21.92072,43.12527],[21.94392,43.08898],[21.96771,43.06459],[21.98556,43.03901],[21.99805,43.01343],[22.01471,42.98785],[22.02006,42.97477],[22.02482,42.95573],[22.03168,42.93446],[22.03874,42.92135],[22.04052,42.91123],[22.04945,42.89815],[22.06075,42.88684],[22.07622,42.87673],[22.09406,42.86543],[22.1125,42.85413],[22.1244,42.84163],[22.12975,42.83152],[22.13154,42.822],[22.12321,42.81011],[22.11369,42.79821],[22.11012,42.79167],[22.10536,42.77917],[22.1012,42.76847],[22.09585,42.75776],[22.0893,42.74765],[22.08097,42.73813],[22.07384,42.7304],[22.05868,42.72407],[22.03941,42.69766]]]}},{"type":"Feature","properties":{"roadId":"awmc-road-1255-581","major":false,"known":false,"timeperiod":"RL","provenance":{"dataset":"AWMC geodata","version":"commit:7ecf8bccea2efe1e1e9df2daf6001942de73fb87;path:Cultural-Data/roads/roads.geojson","upstreamFeatureIds":["awmc:roads-objectid-1255","awmc:roads-feature-581"],"changes":[{"kind":"filter","detail":"An AWMC minor road of the Roman period (Barrington \"R\", 30 BC – AD 300) that passes within 50 km of one of our places (ADR-0037's update of 2026-10-08, item 1).","sources":["awmc:roads-minor-near-places-filter","awmc:roads-roman-period-filter"]},{"kind":"date-exclusions","detail":"Left out as later than AD 100, by AWMC OBJECTID: 1320, 1363, 1403 and 1407 (in Dacia, conquered 101–106), 1203 (the Via Traiana Nova, Trajanic), 2169 (the Via Herculia, late third century) and 2698 (to Gheriat el-Garbia, a fort of 201); the evidence is in docs/verification/M4-ancient-geometry.md, \"Roads\". Roads with no Barrington period, such as the Via Nova Traiana and the Strata Diocletiana, are left out by the period rule.","sources":["bib:livius-trajan","bib:cassius-dio-roman-history","pleiades:469059303","pleiades:344374"]}]}},"geometry":{"type":"MultiLineString","coordinates":[[[21.76926,40.30719],[21.78413,40.30005],[21.80436,40.29588],[21.81328,40.29172],[21.8222,40.28696],[21.83708,40.27982],[21.85373,40.27506],[21.86979,40.27506],[21.89478,40.27031],[21.90905,40.26317],[21.92274,40.25722],[21.93701,40.25305],[21.9501,40.24889],[21.95962,40.24175],[21.9727,40.23342],[21.97746,40.22034],[21.98163,40.20963],[21.98639,40.19892],[21.99828,40.19178],[22.01554,40.18762],[22.0423,40.17691],[22.05967,40.17096],[22.06503,40.16085],[22.06027,40.13943],[22.05967,40.1198],[22.06205,40.10285],[22.06979,40.0975],[22.08287,40.08738],[22.09418,40.08025],[22.10191,40.07132],[22.10726,40.0618],[22.10905,40.04574]]]}},{"type":"Feature","properties":{"roadId":"awmc-road-1256-582","major":true,"known":false,"timeperiod":"RL","provenance":{"dataset":"AWMC geodata","version":"commit:7ecf8bccea2efe1e1e9df2daf6001942de73fb87;path:Cultural-Data/roads/roads.geojson","upstreamFeatureIds":["awmc:roads-objectid-1256","awmc:roads-feature-582"],"changes":[{"kind":"filter","detail":"An AWMC major road of the Roman period (Barrington \"R\", 30 BC – AD 300) in 10–40°E, 28–45°N (ADR-0037 item 5).","sources":["awmc:roads-major-filter","awmc:roads-roman-period-filter"]},{"kind":"date-exclusions","detail":"Left out as later than AD 100, by AWMC OBJECTID: 1320, 1363, 1403 and 1407 (in Dacia, conquered 101–106), 1203 (the Via Traiana Nova, Trajanic), 2169 (the Via Herculia, late third century) and 2698 (to Gheriat el-Garbia, a fort of 201); the evidence is in docs/verification/M4-ancient-geometry.md, \"Roads\". Roads with no Barrington period, such as the Via Nova Traiana and the Strata Diocletiana, are left out by the period rule.","sources":["bib:livius-trajan","bib:cassius-dio-roman-history","pleiades:469059303","pleiades:344374"]}]}},"geometry":{"type":"MultiLineString","coordinates":[[[22.56302,40.04728],[22.56302,40.07345],[22.56302,40.09368],[22.54636,40.11391],[22.52614,40.13413],[22.50353,40.15555],[22.49164,40.17696],[22.49283,40.2067],[22.49996,40.23526],[22.50829,40.25429],[22.52376,40.28047],[22.54398,40.30902],[22.55945,40.32925],[22.5773,40.35899],[22.588,40.37565],[22.60109,40.39944],[22.6118,40.42442],[22.59276,40.4625],[22.56183,40.49938],[22.56064,40.52436],[22.57968,40.54697],[22.60466,40.56362],[22.6463,40.58385],[22.67723,40.59813],[22.72006,40.6124],[22.76051,40.62906],[22.80929,40.6469],[22.84974,40.66237],[22.87925,40.66594],[22.9078,40.66118],[22.92327,40.6588],[22.93279,40.65642]]]}},{"type":"Feature","properties":{"roadId":"awmc-road-1257-583","major":true,"known":true,"timeperiod":"R","provenance":{"dataset":"AWMC geodata","version":"commit:7ecf8bccea2efe1e1e9df2daf6001942de73fb87;path:Cultural-Data/roads/roads.geojson","upstreamFeatureIds":["awmc:roads-objectid-1257","awmc:roads-feature-583"],"changes":[{"kind":"filter","detail":"An AWMC major road of the Roman period (Barrington \"R\", 30 BC – AD 300) in 10–40°E, 28–45°N (ADR-0037 item 5).","sources":["awmc:roads-major-filter","awmc:roads-roman-period-filter"]},{"kind":"date-exclusions","detail":"Left out as later than AD 100, by AWMC OBJECTID: 1320, 1363, 1403 and 1407 (in Dacia, conquered 101–106), 1203 (the Via Traiana Nova, Trajanic), 2169 (the Via Herculia, late third century) and 2698 (to Gheriat el-Garbia, a fort of 201); the evidence is in docs/verification/M4-ancient-geometry.md, \"Roads\". Roads with no Barrington period, such as the Via Nova Traiana and the Strata Diocletiana, are left out by the period rule.","sources":["bib:livius-trajan","bib:cassius-dio-roman-history","pleiades:469059303","pleiades:344374"]}]}},"geometry":{"type":"MultiLineString","coordinates":[[[22.9611,40.64643],[22.9611,40.67022],[22.97062,40.69045],[22.98252,40.71067],[22.99442,40.73328],[23.00869,40.73923],[23.02892,40.73328],[23.04438,40.72138],[23.06342,40.71186],[23.07413,40.6964],[23.10268,40.67617],[23.12648,40.67022],[23.15027,40.66427],[23.18953,40.64881],[23.20738,40.64524],[23.23117,40.64048],[23.24902,40.64286],[23.27519,40.64881],[23.29185,40.65833],[23.30969,40.66308],[23.32992,40.66784],[23.35847,40.66903],[23.37989,40.66784],[23.41903,40.66546],[23.45353,40.66189],[23.48566,40.65714],[23.50945,40.64524],[23.54514,40.63929],[23.57845,40.64286],[23.5963,40.65476],[23.6201,40.66427],[23.6427,40.6726],[23.67482,40.67974],[23.6891,40.68688],[23.69624,40.71067],[23.70932,40.74756],[23.73074,40.76659],[23.76286,40.77373],[23.77952,40.78206],[23.78904,40.79277],[23.81283,40.79752],[23.83544,40.80585],[23.84495,40.82727],[23.85709,40.84273]]]}},{"type":"Feature","properties":{"roadId":"awmc-road-1258-584","major":true,"known":true,"timeperiod":"R","provenance":{"dataset":"AWMC geodata","version":"commit:7ecf8bccea2efe1e1e9df2daf6001942de73fb87;path:Cultural-Data/roads/roads.geojson","upstreamFeatureIds":["awmc:roads-objectid-1258","awmc:roads-feature-584"],"changes":[{"kind":"filter","detail":"An AWMC major road of the Roman period (Barrington \"R\", 30 BC – AD 300) in 10–40°E, 28–45°N (ADR-0037 item 5).","sources":["awmc:roads-major-filter","awmc:roads-roman-period-filter"]},{"kind":"date-exclusions","detail":"Left out as later than AD 100, by AWMC OBJECTID: 1320, 1363, 1403 and 1407 (in Dacia, conquered 101–106), 1203 (the Via Traiana Nova, Trajanic), 2169 (the Via Herculia, late third century) and 2698 (to Gheriat el-Garbia, a fort of 201); the evidence is in docs/verification/M4-ancient-geometry.md, \"Roads\". Roads with no Barrington period, such as the Via Nova Traiana and the Strata Diocletiana, are left out by the period rule.","sources":["bib:livius-trajan","bib:cassius-dio-roman-history","pleiades:469059303","pleiades:344374"]}]}},"geometry":{"type":"MultiLineString","coordinates":[[[23.84638,40.94648],[23.86899,40.96313],[23.90706,40.98217]]]}},{"type":"Feature","properties":{"roadId":"awmc-road-1259-585","major":true,"known":false,"timeperiod":"RL","provenance":{"dataset":"AWMC geodata","version":"commit:7ecf8bccea2efe1e1e9df2daf6001942de73fb87;path:Cultural-Data/roads/roads.geojson","upstreamFeatureIds":["awmc:roads-objectid-1259","awmc:roads-feature-585"],"changes":[{"kind":"filter","detail":"An AWMC major road of the Roman period (Barrington \"R\", 30 BC – AD 300) in 10–40°E, 28–45°N (ADR-0037 item 5).","sources":["awmc:roads-major-filter","awmc:roads-roman-period-filter"]},{"kind":"date-exclusions","detail":"Left out as later than AD 100, by AWMC OBJECTID: 1320, 1363, 1403 and 1407 (in Dacia, conquered 101–106), 1203 (the Via Traiana Nova, Trajanic), 2169 (the Via Herculia, late third century) and 2698 (to Gheriat el-Garbia, a fort of 201); the evidence is in docs/verification/M4-ancient-geometry.md, \"Roads\". Roads with no Barrington period, such as the Via Nova Traiana and the Strata Diocletiana, are left out by the period rule.","sources":["bib:livius-trajan","bib:cassius-dio-roman-history","pleiades:469059303","pleiades:344374"]}]}},"geometry":{"type":"MultiLineString","coordinates":[[[23.85709,40.84273],[23.85971,40.86677],[23.85257,40.90008],[23.84638,40.94648],[23.83234,40.95124],[23.78356,40.96551],[23.73479,40.98812],[23.68601,41.00715],[23.63604,41.025],[23.59321,41.04642],[23.57179,41.07497],[23.55633,41.09995],[23.52777,41.1059],[23.49922,41.10947],[23.47899,41.11661],[23.44092,41.13446],[23.41832,41.15468],[23.38976,41.18323],[23.38381,41.20822],[23.38381,41.23082],[23.38619,41.25581],[23.36121,41.27127],[23.34812,41.28555],[23.34336,41.29983],[23.34931,41.31411],[23.35883,41.33433],[23.35526,41.37121],[23.35883,41.38311],[23.36002,41.4238],[23.34336,41.46782],[23.31838,41.50351],[23.29161,41.54634],[23.27733,41.56895],[23.25235,41.60107],[23.20833,41.66531],[23.18335,41.71409],[23.16669,41.75692],[23.16431,41.7938],[23.16788,41.81903],[23.16312,41.86067],[23.15598,41.86424],[23.14289,41.869],[23.13695,41.88208],[23.13338,41.89517],[23.12386,41.91302],[23.12148,41.93205],[23.11077,41.94633],[23.10482,41.96774],[23.0953,41.98678],[23.08698,41.99392],[23.07627,42.01414],[23.07508,42.02604],[23.07984,42.05221]]]}},{"type":"Feature","properties":{"roadId":"awmc-road-1262-587","major":false,"known":false,"timeperiod":"R","provenance":{"dataset":"AWMC geodata","version":"commit:7ecf8bccea2efe1e1e9df2daf6001942de73fb87;path:Cultural-Data/roads/roads.geojson","upstreamFeatureIds":["awmc:roads-objectid-1262","awmc:roads-feature-587"],"changes":[{"kind":"filter","detail":"An AWMC minor road of the Roman period (Barrington \"R\", 30 BC – AD 300) that passes within 50 km of one of our places (ADR-0037's update of 2026-10-08, item 1).","sources":["awmc:roads-minor-near-places-filter","awmc:roads-roman-period-filter"]},{"kind":"date-exclusions","detail":"Left out as later than AD 100, by AWMC OBJECTID: 1320, 1363, 1403 and 1407 (in Dacia, conquered 101–106), 1203 (the Via Traiana Nova, Trajanic), 2169 (the Via Herculia, late third century) and 2698 (to Gheriat el-Garbia, a fort of 201); the evidence is in docs/verification/M4-ancient-geometry.md, \"Roads\". Roads with no Barrington period, such as the Via Nova Traiana and the Strata Diocletiana, are left out by the period rule.","sources":["bib:livius-trajan","bib:cassius-dio-roman-history","pleiades:469059303","pleiades:344374"]}]}},"geometry":{"type":"MultiLineString","coordinates":[[[23.79974,41.60725],[23.80199,41.60222],[23.80484,41.59479],[23.80713,41.5847],[23.80903,41.57461],[23.81189,41.56643],[23.81417,41.55672],[23.81608,41.5472],[23.82141,41.52573],[23.82369,41.51393],[23.82521,41.50384],[23.82788,41.49356],[23.82921,41.48595],[23.83035,41.47947],[23.83035,41.47224],[23.82826,41.46101],[23.82597,41.45054],[23.82388,41.43997],[23.83054,41.42874],[23.84063,41.4217],[23.85167,41.4139],[23.86092,41.39714],[23.86435,41.38458],[23.87082,41.36844],[23.87082,41.36082],[23.87101,41.34693],[23.86968,41.33893],[23.87101,41.32941],[23.87787,41.32447],[23.88586,41.31914],[23.89747,41.314],[23.91917,41.30562],[23.93604,41.29813],[23.95626,41.29188],[23.96578,41.28861],[23.97114,41.28355],[23.97114,41.25916],[23.97173,41.25262],[23.97411,41.24489],[23.97441,41.23388],[23.97054,41.22317],[23.96876,41.21247],[23.96905,41.20295],[23.97351,41.19462],[23.98622,41.18174],[24.01188,41.1619],[24.0446,41.13722],[24.06096,41.12591],[24.07048,41.11461],[24.0855,41.0929],[24.10662,41.06821],[24.11405,41.05899],[24.12026,41.04585],[24.12026,41.04585]]]}},{"type":"Feature","properties":{"roadId":"awmc-road-1264-2658","major":true,"known":false,"timeperiod":"RL","provenance":{"dataset":"AWMC geodata","version":"commit:7ecf8bccea2efe1e1e9df2daf6001942de73fb87;path:Cultural-Data/roads/roads.geojson","upstreamFeatureIds":["awmc:roads-objectid-1264","awmc:roads-feature-2658"],"changes":[{"kind":"filter","detail":"An AWMC major road of the Roman period (Barrington \"R\", 30 BC – AD 300) in 10–40°E, 28–45°N (ADR-0037 item 5).","sources":["awmc:roads-major-filter","awmc:roads-roman-period-filter"]},{"kind":"date-exclusions","detail":"Left out as later than AD 100, by AWMC OBJECTID: 1320, 1363, 1403 and 1407 (in Dacia, conquered 101–106), 1203 (the Via Traiana Nova, Trajanic), 2169 (the Via Herculia, late third century) and 2698 (to Gheriat el-Garbia, a fort of 201); the evidence is in docs/verification/M4-ancient-geometry.md, \"Roads\". Roads with no Barrington period, such as the Via Nova Traiana and the Strata Diocletiana, are left out by the period rule.","sources":["bib:livius-trajan","bib:cassius-dio-roman-history","pleiades:469059303","pleiades:344374"]}]}},"geometry":{"type":"MultiLineString","coordinates":[[[22.36027,42.21647],[22.34444,42.18678],[22.31684,42.1687],[22.2921,42.143],[22.2664,42.10493],[22.26259,42.07828],[22.26259,42.05353],[22.25783,42.02878],[22.24355,42.00689],[22.22678,41.99375],[22.20834,41.96692],[22.19692,41.93836],[22.19977,41.92123],[22.20643,41.906],[22.2131,41.89744],[22.22642,41.88316],[22.23594,41.86984],[22.23689,41.85841],[22.22928,41.84414],[22.21881,41.83272],[22.20739,41.8251],[22.19406,41.81368],[22.18454,41.79655],[22.19025,41.75867],[22.19216,41.74249],[22.18169,41.72345],[22.16368,41.71538],[22.14267,41.70822],[22.11602,41.71013],[22.09032,41.71869],[22.06462,41.72821],[22.04653,41.73963],[22.03069,41.74139],[22.01322,41.72726],[22.01703,41.71013],[21.99324,41.68443],[21.97705,41.65397],[21.96849,41.63493],[21.96278,41.61495],[21.9723,41.58544],[21.97705,41.56831],[21.97039,41.55594],[21.95421,41.52929],[21.93518,41.51215],[21.9209,41.48836],[21.90948,41.46932],[21.89615,41.45314],[21.87617,41.44934],[21.85237,41.44553],[21.83143,41.44458],[21.8124,41.43887],[21.7905,41.43125],[21.76823,41.4027],[21.74063,41.37986],[21.71303,41.37415],[21.68543,41.37319],[21.65307,41.3751],[21.63022,41.377],[21.59215,41.37034],[21.54704,41.34369],[21.52705,41.32275],[21.50135,41.30847],[21.4728,41.29229],[21.4471,41.26707],[21.43473,41.23376],[21.4214,41.19473],[21.40522,41.16237],[21.38143,41.13382],[21.38238,41.10336],[21.37572,41.07671],[21.36392,41.05482],[21.34583,41.02341]]]}},{"type":"Feature","properties":{"roadId":"awmc-road-1265-589","major":true,"known":true,"timeperiod":"R","provenance":{"dataset":"AWMC geodata","version":"commit:7ecf8bccea2efe1e1e9df2daf6001942de73fb87;path:Cultural-Data/roads/roads.geojson","upstreamFeatureIds":["awmc:roads-objectid-1265","awmc:roads-feature-589"],"changes":[{"kind":"filter","detail":"An AWMC major road of the Roman period (Barrington \"R\", 30 BC – AD 300) in 10–40°E, 28–45°N (ADR-0037 item 5).","sources":["awmc:roads-major-filter","awmc:roads-roman-period-filter"]},{"kind":"date-exclusions","detail":"Left out as later than AD 100, by AWMC OBJECTID: 1320, 1363, 1403 and 1407 (in Dacia, conquered 101–106), 1203 (the Via Traiana Nova, Trajanic), 2169 (the Via Herculia, late third century) and 2698 (to Gheriat el-Garbia, a fort of 201); the evidence is in docs/verification/M4-ancient-geometry.md, \"Roads\". Roads with no Barrington period, such as the Via Nova Traiana and the Strata Diocletiana, are left out by the period rule.","sources":["bib:livius-trajan","bib:cassius-dio-roman-history","pleiades:469059303","pleiades:344374"]}]}},"geometry":{"type":"MultiLineString","coordinates":[[[19.65795,41.07733],[19.66977,41.08095],[19.68791,41.07976],[19.70665,41.07767],[19.73045,41.07291],[19.7477,41.06816],[19.76554,41.0625],[19.78488,41.05775],[19.79921,41.05596],[19.81319,41.05447],[19.8207,41.05473],[19.8358,41.05685],[19.85245,41.06012],[19.87357,41.06964],[19.88874,41.075],[19.90213,41.08124],[19.91587,41.08243],[19.92598,41.08243],[19.93698,41.07886],[19.9465,41.0747],[19.95602,41.06935],[19.96792,41.06607],[19.97625,41.06488],[19.98279,41.06488],[19.99082,41.06578],[20.00034,41.07083],[20.01253,41.07827],[20.02027,41.08541],[20.03787,41.09582],[20.05691,41.10444],[20.07864,41.11564],[20.09855,41.12437],[20.11907,41.13775],[20.14305,41.14965],[20.16684,41.16066],[20.18974,41.17196],[20.2058,41.17969],[20.23287,41.18653],[20.24328,41.18743],[20.25399,41.18594],[20.26023,41.17969],[20.26618,41.17464],[20.27183,41.17166],[20.28195,41.17136],[20.29176,41.17374],[20.30128,41.17464],[20.3108,41.17612],[20.31794,41.17523],[20.32971,41.17226],[20.33477,41.1678],[20.34637,41.16155],[20.35827,41.15322],[20.3666,41.14757],[20.3773,41.13775],[20.39485,41.12437],[20.40288,41.11783],[20.41567,41.11307],[20.42376,41.10861],[20.44072,41.10117],[20.46213,41.09463],[20.47998,41.09314],[20.49425,41.09314],[20.51418,41.09046],[20.53203,41.09165],[20.5538,41.08987],[20.56927,41.09046],[20.58682,41.09046],[20.59782,41.09284],[20.61091,41.09522],[20.61477,41.10117],[20.61715,41.11456],[20.61775,41.12645],[20.62013,41.13716],[20.62965,41.15114],[20.64035,41.1669],[20.6469,41.17345],[20.65927,41.18326],[20.66968,41.18743],[20.68604,41.18802],[20.69615,41.18891],[20.70626,41.18891],[20.71965,41.18534],[20.73244,41.18088],[20.74553,41.17464],[20.75617,41.1675],[20.77789,41.15233],[20.79097,41.13924],[20.79781,41.13329],[20.80525,41.12615],[20.81269,41.12972],[20.82012,41.13894],[20.83708,41.15739],[20.85552,41.17731],[20.87396,41.19278],[20.89311,41.20765],[20.91304,41.21509],[20.92523,41.21419],[20.93892,41.20795],[20.94546,41.20289],[20.97407,41.17553],[20.983,41.16452],[20.99816,41.14341],[21.00857,41.13329],[21.0169,41.1205],[21.02226,41.1089],[21.03088,41.09849],[21.03981,41.08927],[21.05051,41.08273],[21.06063,41.07916],[21.07288,41.07857],[21.09073,41.07857],[21.10827,41.08124],[21.11958,41.08243],[21.13623,41.08332],[21.14873,41.08451],[21.17311,41.0863],[21.1937,41.08927],[21.20887,41.09017],[21.21957,41.08868],[21.2276,41.08481],[21.23563,41.08422],[21.24456,41.08422],[21.2627,41.08095],[21.28114,41.07738],[21.29334,41.07083],[21.31005,41.0631],[21.32165,41.05715],[21.33325,41.04823],[21.33742,41.03633],[21.34099,41.02741],[21.34583,41.02341],[21.35526,41.02176],[21.36686,41.02057],[21.37816,41.01551],[21.39095,41.01105],[21.40166,41.00361],[21.40821,40.99871],[21.43265,40.96807],[21.44455,40.95141],[21.45437,40.93268],[21.46061,40.91965],[21.46775,40.90478],[21.47281,40.8908],[21.47757,40.87474],[21.4856,40.85838],[21.49601,40.85243],[21.51088,40.83904],[21.52248,40.8319],[21.54604,40.81822],[21.56269,40.80752],[21.58173,40.79681],[21.61534,40.77718],[21.62188,40.77301],[21.6314,40.76528],[21.65745,40.74416],[21.6637,40.73554],[21.67114,40.72608],[21.67827,40.70734],[21.68363,40.6889],[21.69404,40.66957],[21.70207,40.67284],[21.72081,40.68117],[21.73717,40.69039],[21.75858,40.69782],[21.78446,40.70942],[21.81004,40.71953],[21.82045,40.73054],[21.82782,40.73857],[21.8305,40.75077],[21.83615,40.7582],[21.84537,40.76266],[21.85281,40.76296],[21.85935,40.76772],[21.86381,40.77605],[21.8647,40.78408],[21.87702,40.79038],[21.8904,40.79544],[21.90052,40.79484],[21.91271,40.79574],[21.92491,40.8002],[21.93621,40.80466],[21.95721,40.80793],[21.9694,40.8121],[21.98814,40.81864],[22.00539,40.8231],[22.01907,40.82489],[22.03186,40.82608],[22.039,40.82697],[22.05268,40.82637],[22.0622,40.81983],[22.06666,40.8121],[22.06577,40.80436],[22.07202,40.7996],[22.08778,40.79722],[22.09432,40.79752],[22.11038,40.79722],[22.1199,40.79395],[22.13465,40.78176],[22.14744,40.78087],[22.16886,40.777],[22.1876,40.77551],[22.20247,40.77402],[22.21199,40.77819],[22.22347,40.77908],[22.23745,40.78503],[22.26332,40.79484],[22.27344,40.79663],[22.30871,40.79514],[22.35333,40.79038],[22.38486,40.78622],[22.41609,40.78354],[22.4463,40.78235],[22.47218,40.78146],[22.49211,40.77759],[22.50549,40.77343],[22.51561,40.77313],[22.53339,40.7701],[22.55576,40.76153],[22.57789,40.75535],[22.59764,40.75178],[22.60231,40.75069],[22.60882,40.74916],[22.6261,40.7463],[22.6418,40.74392],[22.6556,40.74297],[22.66726,40.74154],[22.68225,40.73869],[22.68987,40.73702],[22.71509,40.73298],[22.74126,40.72893],[22.75506,40.72536],[22.80689,40.71704],[22.83401,40.71204],[22.84472,40.7118],[22.85828,40.7068],[22.88175,40.69729],[22.90578,40.68277],[22.91744,40.67349],[22.92767,40.66369],[22.93279,40.65642],[22.95541,40.64061],[22.9611,40.64643]]]}},{"type":"Feature","properties":{"roadId":"awmc-road-1266-590","major":true,"known":false,"timeperiod":"RL","provenance":{"dataset":"AWMC geodata","version":"commit:7ecf8bccea2efe1e1e9df2daf6001942de73fb87;path:Cultural-Data/roads/roads.geojson","upstreamFeatureIds":["awmc:roads-objectid-1266","awmc:roads-feature-590"],"changes":[{"kind":"filter","detail":"An AWMC major road of the Roman period (Barrington \"R\", 30 BC – AD 300) in 10–40°E, 28–45°N (ADR-0037 item 5).","sources":["awmc:roads-major-filter","awmc:roads-roman-period-filter"]},{"kind":"date-exclusions","detail":"Left out as later than AD 100, by AWMC OBJECTID: 1320, 1363, 1403 and 1407 (in Dacia, conquered 101–106), 1203 (the Via Traiana Nova, Trajanic), 2169 (the Via Herculia, late third century) and 2698 (to Gheriat el-Garbia, a fort of 201); the evidence is in docs/verification/M4-ancient-geometry.md, \"Roads\". Roads with no Barrington period, such as the Via Nova Traiana and the Strata Diocletiana, are left out by the period rule.","sources":["bib:livius-trajan","bib:cassius-dio-roman-history","pleiades:469059303","pleiades:344374"]}]}},"geometry":{"type":"MultiLineString","coordinates":[[[21.53394,42.01744],[21.56507,41.99366],[21.59172,41.98033],[21.61742,41.96511],[21.64407,41.95368],[21.6612,41.93465],[21.67548,41.90514],[21.69546,41.85851],[21.70498,41.82424],[21.71355,41.80235],[21.74876,41.78046],[21.76399,41.77285],[21.77732,41.73763],[21.78342,41.72421]]]}},{"type":"Feature","properties":{"roadId":"awmc-road-1270-593","major":true,"known":false,"timeperiod":"RL","provenance":{"dataset":"AWMC geodata","version":"commit:7ecf8bccea2efe1e1e9df2daf6001942de73fb87;path:Cultural-Data/roads/roads.geojson","upstreamFeatureIds":["awmc:roads-objectid-1270","awmc:roads-feature-593"],"changes":[{"kind":"filter","detail":"An AWMC major road of the Roman period (Barrington \"R\", 30 BC – AD 300) in 10–40°E, 28–45°N (ADR-0037 item 5).","sources":["awmc:roads-major-filter","awmc:roads-roman-period-filter"]},{"kind":"date-exclusions","detail":"Left out as later than AD 100, by AWMC OBJECTID: 1320, 1363, 1403 and 1407 (in Dacia, conquered 101–106), 1203 (the Via Traiana Nova, Trajanic), 2169 (the Via Herculia, late third century) and 2698 (to Gheriat el-Garbia, a fort of 201); the evidence is in docs/verification/M4-ancient-geometry.md, \"Roads\". Roads with no Barrington period, such as the Via Nova Traiana and the Strata Diocletiana, are left out by the period rule.","sources":["bib:livius-trajan","bib:cassius-dio-roman-history","pleiades:469059303","pleiades:344374"]}]}},"geometry":{"type":"MultiLineString","coordinates":[[[19.48139,40.74921],[19.49875,40.71679],[19.51184,40.69656],[19.5267,40.67497],[19.53207,40.62875],[19.54515,40.61328],[19.5749,40.60138],[19.62724,40.58473],[19.67483,40.56807],[19.70577,40.55736],[19.72837,40.54785],[19.74979,40.53238],[19.76287,40.50026],[19.76763,40.47051],[19.77953,40.45267],[19.80451,40.43839],[19.83545,40.4253],[19.86043,40.4146],[19.88304,40.40627],[19.9104,40.40032],[19.92825,40.38604],[19.94371,40.37058],[19.96751,40.35511],[19.98059,40.34559],[20.00677,40.33964],[20.02342,40.32656],[20.04603,40.29206],[20.06863,40.26945],[20.08648,40.25041],[20.09481,40.22781],[20.09362,40.20283],[20.11265,40.18141],[20.12693,40.16118],[20.14716,40.11455],[20.18047,40.0967],[20.20338,40.07462],[20.21378,40.04673],[20.21973,40.03246]]]}},{"type":"Feature","properties":{"roadId":"awmc-road-1271-2654","major":false,"known":false,"timeperiod":"R","provenance":{"dataset":"AWMC geodata","version":"commit:7ecf8bccea2efe1e1e9df2daf6001942de73fb87;path:Cultural-Data/roads/roads.geojson","upstreamFeatureIds":["awmc:roads-objectid-1271","awmc:roads-feature-2654"],"changes":[{"kind":"filter","detail":"An AWMC minor road of the Roman period (Barrington \"R\", 30 BC – AD 300) that passes within 50 km of one of our places (ADR-0037's update of 2026-10-08, item 1).","sources":["awmc:roads-minor-near-places-filter","awmc:roads-roman-period-filter"]},{"kind":"date-exclusions","detail":"Left out as later than AD 100, by AWMC OBJECTID: 1320, 1363, 1403 and 1407 (in Dacia, conquered 101–106), 1203 (the Via Traiana Nova, Trajanic), 2169 (the Via Herculia, late third century) and 2698 (to Gheriat el-Garbia, a fort of 201); the evidence is in docs/verification/M4-ancient-geometry.md, \"Roads\". Roads with no Barrington period, such as the Via Nova Traiana and the Strata Diocletiana, are left out by the period rule.","sources":["bib:livius-trajan","bib:cassius-dio-roman-history","pleiades:469059303","pleiades:344374"]}]}},"geometry":{"type":"MultiLineString","coordinates":[[[22.2015,40.53156],[22.20932,40.5348],[22.22597,40.54575],[22.24977,40.55812],[22.27927,40.57525],[22.32258,40.60428],[22.36398,40.62284],[22.40443,40.63902],[22.45269,40.65577],[22.46259,40.6593],[22.49409,40.67052],[22.51551,40.68147],[22.55434,40.69432],[22.58575,40.71288],[22.59907,40.72858],[22.60231,40.75069],[22.60231,40.75069]]]}},{"type":"Feature","properties":{"roadId":"awmc-road-1272-2656","major":false,"known":false,"timeperiod":"R","provenance":{"dataset":"AWMC geodata","version":"commit:7ecf8bccea2efe1e1e9df2daf6001942de73fb87;path:Cultural-Data/roads/roads.geojson","upstreamFeatureIds":["awmc:roads-objectid-1272","awmc:roads-feature-2656"],"changes":[{"kind":"filter","detail":"An AWMC minor road of the Roman period (Barrington \"R\", 30 BC – AD 300) that passes within 50 km of one of our places (ADR-0037's update of 2026-10-08, item 1).","sources":["awmc:roads-minor-near-places-filter","awmc:roads-roman-period-filter"]},{"kind":"date-exclusions","detail":"Left out as later than AD 100, by AWMC OBJECTID: 1320, 1363, 1403 and 1407 (in Dacia, conquered 101–106), 1203 (the Via Traiana Nova, Trajanic), 2169 (the Via Herculia, late third century) and 2698 (to Gheriat el-Garbia, a fort of 201); the evidence is in docs/verification/M4-ancient-geometry.md, \"Roads\". Roads with no Barrington period, such as the Via Nova Traiana and the Strata Diocletiana, are left out by the period rule.","sources":["bib:livius-trajan","bib:cassius-dio-roman-history","pleiades:469059303","pleiades:344374"]}]}},"geometry":{"type":"MultiLineString","coordinates":[[[22.49104,40.56773],[22.48724,40.58058],[22.48533,40.60247],[22.482,40.61913],[22.47867,40.63626],[22.47106,40.64958],[22.46259,40.6593],[22.46259,40.6593]]]}},{"type":"Feature","properties":{"roadId":"awmc-road-1273-594","major":false,"known":false,"timeperiod":"RL","provenance":{"dataset":"AWMC geodata","version":"commit:7ecf8bccea2efe1e1e9df2daf6001942de73fb87;path:Cultural-Data/roads/roads.geojson","upstreamFeatureIds":["awmc:roads-objectid-1273","awmc:roads-feature-594"],"changes":[{"kind":"filter","detail":"An AWMC minor road of the Roman period (Barrington \"R\", 30 BC – AD 300) that passes within 50 km of one of our places (ADR-0037's update of 2026-10-08, item 1).","sources":["awmc:roads-minor-near-places-filter","awmc:roads-roman-period-filter"]},{"kind":"date-exclusions","detail":"Left out as later than AD 100, by AWMC OBJECTID: 1320, 1363, 1403 and 1407 (in Dacia, conquered 101–106), 1203 (the Via Traiana Nova, Trajanic), 2169 (the Via Herculia, late third century) and 2698 (to Gheriat el-Garbia, a fort of 201); the evidence is in docs/verification/M4-ancient-geometry.md, \"Roads\". Roads with no Barrington period, such as the Via Nova Traiana and the Strata Diocletiana, are left out by the period rule.","sources":["bib:livius-trajan","bib:cassius-dio-roman-history","pleiades:469059303","pleiades:344374"]}]}},"geometry":{"type":"MultiLineString","coordinates":[[[22.56338,40.52823],[22.55815,40.53394],[22.55148,40.54346],[22.54006,40.54774],[22.52436,40.54917],[22.51579,40.55298],[22.50342,40.55679],[22.49485,40.56154],[22.49104,40.56773],[22.47331,40.55972],[22.4626,40.55496],[22.45189,40.5508],[22.44476,40.54723],[22.43464,40.54366],[22.41918,40.54009],[22.40906,40.53652],[22.39836,40.53533],[22.38646,40.53295],[22.37337,40.52998],[22.35731,40.52462],[22.33946,40.51867],[22.324,40.51035],[22.30258,40.5038],[22.28831,40.49845],[22.27462,40.49548],[22.25618,40.50023],[22.23953,40.50797],[22.22287,40.51749],[22.21097,40.52284],[22.2015,40.53156]]]}},{"type":"Feature","properties":{"roadId":"awmc-road-1274-595","major":false,"known":false,"timeperiod":"RL","provenance":{"dataset":"AWMC geodata","version":"commit:7ecf8bccea2efe1e1e9df2daf6001942de73fb87;path:Cultural-Data/roads/roads.geojson","upstreamFeatureIds":["awmc:roads-objectid-1274","awmc:roads-feature-595"],"changes":[{"kind":"filter","detail":"An AWMC minor road of the Roman period (Barrington \"R\", 30 BC – AD 300) that passes within 50 km of one of our places (ADR-0037's update of 2026-10-08, item 1).","sources":["awmc:roads-minor-near-places-filter","awmc:roads-roman-period-filter"]},{"kind":"date-exclusions","detail":"Left out as later than AD 100, by AWMC OBJECTID: 1320, 1363, 1403 and 1407 (in Dacia, conquered 101–106), 1203 (the Via Traiana Nova, Trajanic), 2169 (the Via Herculia, late third century) and 2698 (to Gheriat el-Garbia, a fort of 201); the evidence is in docs/verification/M4-ancient-geometry.md, \"Roads\". Roads with no Barrington period, such as the Via Nova Traiana and the Strata Diocletiana, are left out by the period rule.","sources":["bib:livius-trajan","bib:cassius-dio-roman-history","pleiades:469059303","pleiades:344374"]}]}},"geometry":{"type":"MultiLineString","coordinates":[[[22.65087,41.45929],[22.64257,41.44711],[22.64316,41.43462],[22.6509,41.42688],[22.64554,41.41558],[22.63127,41.41201],[22.61996,41.41082],[22.61223,41.40309],[22.61045,41.39357],[22.60985,41.38346],[22.60985,41.37573],[22.60926,41.36264],[22.6045,41.35312],[22.59914,41.34301],[22.60093,41.33587],[22.60212,41.32992],[22.60807,41.32873],[22.61342,41.32338],[22.61758,41.31921],[22.62175,41.31445],[22.62056,41.30613],[22.61877,41.30018],[22.61461,41.29363],[22.61223,41.28412],[22.61223,41.27698],[22.61402,41.26924],[22.62175,41.26686],[22.6271,41.26092],[22.63721,41.25735],[22.64733,41.2508],[22.65744,41.24783],[22.66815,41.24545],[22.67588,41.24188],[22.68302,41.2395],[22.68778,41.23415],[22.69492,41.2276],[22.70265,41.22106],[22.7086,41.21095],[22.71752,41.19608],[22.72466,41.18596],[22.73239,41.17704],[22.7318,41.16336],[22.72763,41.14611],[22.72288,41.13124],[22.72109,41.11815],[22.7199,41.08037],[22.7205,41.06193],[22.72407,41.03695],[22.7318,41.0191],[22.73299,40.99947],[22.73715,40.98639],[22.74608,40.96021],[22.74251,40.94415],[22.73596,40.92214],[22.73537,40.90429],[22.73953,40.88883],[22.74845,40.8805],[22.76333,40.87277],[22.77522,40.86979],[22.79307,40.85789],[22.79723,40.846],[22.79783,40.83053],[22.80378,40.81572],[22.81389,40.80561],[22.82757,40.79847],[22.83352,40.78717],[22.84066,40.77467],[22.8472,40.75921],[22.84899,40.73958],[22.85196,40.73184],[22.86714,40.70321]],[[22.6501,41.46135],[22.64659,41.47072],[22.64088,41.48464],[22.63231,41.49963],[22.62553,41.51176],[22.61732,41.5189],[22.61054,41.52818],[22.59698,41.54174],[22.57485,41.55245],[22.55522,41.56173],[22.53273,41.57315],[22.52381,41.57779],[22.48026,41.60902],[22.451,41.6258],[22.42387,41.63079],[22.39532,41.63294],[22.35855,41.63436],[22.33214,41.63187],[22.30359,41.63258],[22.28075,41.63758],[22.25826,41.64543],[22.22614,41.66078],[22.21971,41.66863],[22.18723,41.6954],[22.16368,41.71538]]]}},{"type":"Feature","properties":{"roadId":"awmc-road-1275-596","major":true,"known":false,"timeperiod":"R","provenance":{"dataset":"AWMC geodata","version":"commit:7ecf8bccea2efe1e1e9df2daf6001942de73fb87;path:Cultural-Data/roads/roads.geojson","upstreamFeatureIds":["awmc:roads-objectid-1275","awmc:roads-feature-596"],"changes":[{"kind":"filter","detail":"An AWMC major road of the Roman period (Barrington \"R\", 30 BC – AD 300) in 10–40°E, 28–45°N (ADR-0037 item 5).","sources":["awmc:roads-major-filter","awmc:roads-roman-period-filter"]},{"kind":"date-exclusions","detail":"Left out as later than AD 100, by AWMC OBJECTID: 1320, 1363, 1403 and 1407 (in Dacia, conquered 101–106), 1203 (the Via Traiana Nova, Trajanic), 2169 (the Via Herculia, late third century) and 2698 (to Gheriat el-Garbia, a fort of 201); the evidence is in docs/verification/M4-ancient-geometry.md, \"Roads\". Roads with no Barrington period, such as the Via Nova Traiana and the Strata Diocletiana, are left out by the period rule.","sources":["bib:livius-trajan","bib:cassius-dio-roman-history","pleiades:469059303","pleiades:344374"]}]}},"geometry":{"type":"MultiLineString","coordinates":[[[22.60231,40.75069],[22.59367,40.76654],[22.58594,40.7945],[22.58594,40.81413],[22.57939,40.8296],[22.5669,40.85875],[22.555,40.88552],[22.555,40.91288],[22.55619,40.94679],[22.56095,40.98069],[22.56809,40.99914],[22.57939,41.01877],[22.59902,41.03959],[22.59843,41.0516],[22.59902,41.06826],[22.58832,41.08551],[22.57761,41.10395],[22.56333,41.12715],[22.54846,41.15273],[22.5443,41.16284],[22.5443,41.18664],[22.5443,41.19437],[22.53656,41.21519],[22.52348,41.22947],[22.51336,41.23899],[22.51277,41.25029],[22.51336,41.25873],[22.50504,41.26825],[22.49433,41.28312],[22.48659,41.29145],[22.46994,41.2974],[22.45923,41.30454],[22.44793,41.32001],[22.43841,41.33428],[22.43068,41.34856],[22.41997,41.36165],[22.40629,41.36819],[22.39082,41.37235],[22.3819,41.37652],[22.36976,41.38068],[22.34418,41.39079],[22.32336,41.3902],[22.30492,41.39674],[22.27399,41.40567],[22.25614,41.40329],[22.24746,41.40388],[22.23913,41.41756],[22.21772,41.42411],[22.19987,41.42351],[22.18083,41.4366],[22.16358,41.46277],[22.15228,41.47675],[22.13622,41.49341],[22.11421,41.49876],[22.1035,41.5059],[22.09577,41.51601],[22.09874,41.52732],[22.09517,41.53743],[22.07673,41.53981],[22.06008,41.54159],[22.05413,41.54397],[22.03926,41.54814],[22.01189,41.5523],[21.99048,41.55111],[21.97039,41.55594],[21.92675,41.59105],[21.91152,41.59772],[21.89153,41.6139],[21.88201,41.63388],[21.85156,41.65387],[21.82586,41.671],[21.79635,41.69575],[21.78342,41.72421]]]}},{"type":"Feature","properties":{"roadId":"awmc-road-1278-2580","major":true,"known":true,"timeperiod":"RL","provenance":{"dataset":"AWMC geodata","version":"commit:7ecf8bccea2efe1e1e9df2daf6001942de73fb87;path:Cultural-Data/roads/roads.geojson","upstreamFeatureIds":["awmc:roads-objectid-1278","awmc:roads-feature-2580"],"changes":[{"kind":"filter","detail":"An AWMC major road of the Roman period (Barrington \"R\", 30 BC – AD 300) in 10–40°E, 28–45°N (ADR-0037 item 5).","sources":["awmc:roads-major-filter","awmc:roads-roman-period-filter"]},{"kind":"date-exclusions","detail":"Left out as later than AD 100, by AWMC OBJECTID: 1320, 1363, 1403 and 1407 (in Dacia, conquered 101–106), 1203 (the Via Traiana Nova, Trajanic), 2169 (the Via Herculia, late third century) and 2698 (to Gheriat el-Garbia, a fort of 201); the evidence is in docs/verification/M4-ancient-geometry.md, \"Roads\". Roads with no Barrington period, such as the Via Nova Traiana and the Strata Diocletiana, are left out by the period rule.","sources":["bib:livius-trajan","bib:cassius-dio-roman-history","pleiades:469059303","pleiades:344374"]}]}},"geometry":{"type":"MultiLineString","coordinates":[[[23.66263,42.60588],[23.62958,42.62608],[23.57783,42.64464],[23.56891,42.64702],[23.50657,42.67081],[23.46671,42.68271],[23.43161,42.6952],[23.39235,42.70651],[23.36268,42.71335],[23.3346,42.72858]]]}},{"type":"Feature","properties":{"roadId":"awmc-road-1279-599","major":true,"known":true,"timeperiod":"RL","provenance":{"dataset":"AWMC geodata","version":"commit:7ecf8bccea2efe1e1e9df2daf6001942de73fb87;path:Cultural-Data/roads/roads.geojson","upstreamFeatureIds":["awmc:roads-objectid-1279","awmc:roads-feature-599"],"changes":[{"kind":"filter","detail":"An AWMC major road of the Roman period (Barrington \"R\", 30 BC – AD 300) in 10–40°E, 28–45°N (ADR-0037 item 5).","sources":["awmc:roads-major-filter","awmc:roads-roman-period-filter"]},{"kind":"date-exclusions","detail":"Left out as later than AD 100, by AWMC OBJECTID: 1320, 1363, 1403 and 1407 (in Dacia, conquered 101–106), 1203 (the Via Traiana Nova, Trajanic), 2169 (the Via Herculia, late third century) and 2698 (to Gheriat el-Garbia, a fort of 201); the evidence is in docs/verification/M4-ancient-geometry.md, \"Roads\". Roads with no Barrington period, such as the Via Nova Traiana and the Strata Diocletiana, are left out by the period rule.","sources":["bib:livius-trajan","bib:cassius-dio-roman-history","pleiades:469059303","pleiades:344374"]}]}},"geometry":{"type":"MultiLineString","coordinates":[[[23.31609,42.70889],[23.27445,42.67914],[23.22567,42.6613],[23.19057,42.64286],[23.14358,42.61311],[23.12038,42.58039],[23.12216,42.55422],[23.13704,42.5215],[23.12811,42.49592],[23.118,42.46797],[23.12395,42.43763],[23.12871,42.41086],[23.12276,42.37814],[23.12038,42.32889],[23.13049,42.30152],[23.12157,42.25869],[23.09302,42.21943],[23.07814,42.18552],[23.06416,42.14916],[23.07065,42.14019]]]}},{"type":"Feature","properties":{"roadId":"awmc-road-1280-600","major":true,"known":false,"timeperiod":"R","provenance":{"dataset":"AWMC geodata","version":"commit:7ecf8bccea2efe1e1e9df2daf6001942de73fb87;path:Cultural-Data/roads/roads.geojson","upstreamFeatureIds":["awmc:roads-objectid-1280","awmc:roads-feature-600"],"changes":[{"kind":"filter","detail":"An AWMC major road of the Roman period (Barrington \"R\", 30 BC – AD 300) in 10–40°E, 28–45°N (ADR-0037 item 5).","sources":["awmc:roads-major-filter","awmc:roads-roman-period-filter"]},{"kind":"date-exclusions","detail":"Left out as later than AD 100, by AWMC OBJECTID: 1320, 1363, 1403 and 1407 (in Dacia, conquered 101–106), 1203 (the Via Traiana Nova, Trajanic), 2169 (the Via Herculia, late third century) and 2698 (to Gheriat el-Garbia, a fort of 201); the evidence is in docs/verification/M4-ancient-geometry.md, \"Roads\". Roads with no Barrington period, such as the Via Nova Traiana and the Strata Diocletiana, are left out by the period rule.","sources":["bib:livius-trajan","bib:cassius-dio-roman-history","pleiades:469059303","pleiades:344374"]}]}},"geometry":{"type":"MultiLineString","coordinates":[[[23.07065,42.14019],[23.07945,42.12336],[23.08421,42.10373],[23.08481,42.08053],[23.08124,42.06149],[23.07984,42.05221]]]}},{"type":"Feature","properties":{"roadId":"awmc-road-1283-2556","major":true,"known":true,"timeperiod":"RL","provenance":{"dataset":"AWMC geodata","version":"commit:7ecf8bccea2efe1e1e9df2daf6001942de73fb87;path:Cultural-Data/roads/roads.geojson","upstreamFeatureIds":["awmc:roads-objectid-1283","awmc:roads-feature-2556"],"changes":[{"kind":"filter","detail":"An AWMC major road of the Roman period (Barrington \"R\", 30 BC – AD 300) in 10–40°E, 28–45°N (ADR-0037 item 5).","sources":["awmc:roads-major-filter","awmc:roads-roman-period-filter"]},{"kind":"date-exclusions","detail":"Left out as later than AD 100, by AWMC OBJECTID: 1320, 1363, 1403 and 1407 (in Dacia, conquered 101–106), 1203 (the Via Traiana Nova, Trajanic), 2169 (the Via Herculia, late third century) and 2698 (to Gheriat el-Garbia, a fort of 201); the evidence is in docs/verification/M4-ancient-geometry.md, \"Roads\". Roads with no Barrington period, such as the Via Nova Traiana and the Strata Diocletiana, are left out by the period rule.","sources":["bib:livius-trajan","bib:cassius-dio-roman-history","pleiades:469059303","pleiades:344374"]}]}},"geometry":{"type":"MultiLineString","coordinates":[[[23.3346,42.72858],[23.32318,42.74191],[23.30272,42.76332],[23.28226,42.7776],[23.26084,42.79806],[23.25037,42.81043],[23.23895,42.82757],[23.21515,42.84089],[23.20944,42.84327],[23.18613,42.84613],[23.15281,42.84898],[23.1176,42.84898],[23.0938,42.85564],[23.0875,42.85707],[23.06608,42.86278],[23.04931,42.86707],[23.03931,42.87313],[23.03217,42.88277],[23.02182,42.89919],[23.00719,42.90811],[22.97792,42.91525],[22.94901,42.92382],[22.93652,42.93131],[22.92902,42.94666],[22.92224,42.96058],[22.90475,42.97664],[22.88726,42.98877],[22.88013,42.99877],[22.86906,43.00948],[22.82909,43.01804],[22.81124,43.0209],[22.79875,43.02625],[22.77805,43.02839],[22.7577,43.02554],[22.73772,43.02447],[22.73022,43.02946],[22.70381,43.05116],[22.68632,43.06366],[22.67561,43.08293],[22.66812,43.10078],[22.64991,43.11791],[22.63135,43.13111],[22.59923,43.14396],[22.57068,43.15788],[22.56247,43.17287],[22.55711,43.19108],[22.53998,43.19893],[22.51964,43.2025],[22.49822,43.20928],[22.48823,43.2157],[22.46753,43.21963],[22.45539,43.22577],[22.43541,43.2247],[22.42605,43.22006],[22.405,43.22184],[22.38965,43.22648],[22.36109,43.22648],[22.31541,43.22827],[22.29792,43.22791],[22.28578,43.23398],[22.26937,43.24433],[22.26223,43.25718],[22.25652,43.2686],[22.23903,43.28109],[22.22832,43.28288],[22.20334,43.29858],[22.19406,43.30286],[22.17478,43.31214],[22.163,43.32571],[22.14409,43.33142],[22.12053,43.3307],[22.0984,43.3307],[22.09376,43.32963],[22.07056,43.32749],[22.06093,43.31678],[22.05307,43.30536],[22.04272,43.30322],[22.02309,43.30215],[22.0081,43.30215],[21.98312,43.30037],[21.95956,43.30465],[21.94171,43.31],[21.91459,43.31964],[21.9021,43.32856],[21.89103,43.32856]]]}},{"type":"Feature","properties":{"roadId":"awmc-road-1283-602","major":true,"known":true,"timeperiod":"RL","provenance":{"dataset":"AWMC geodata","version":"commit:7ecf8bccea2efe1e1e9df2daf6001942de73fb87;path:Cultural-Data/roads/roads.geojson","upstreamFeatureIds":["awmc:roads-objectid-1283","awmc:roads-feature-602"],"changes":[{"kind":"filter","detail":"An AWMC major road of the Roman period (Barrington \"R\", 30 BC – AD 300) in 10–40°E, 28–45°N (ADR-0037 item 5).","sources":["awmc:roads-major-filter","awmc:roads-roman-period-filter"]},{"kind":"date-exclusions","detail":"Left out as later than AD 100, by AWMC OBJECTID: 1320, 1363, 1403 and 1407 (in Dacia, conquered 101–106), 1203 (the Via Traiana Nova, Trajanic), 2169 (the Via Herculia, late third century) and 2698 (to Gheriat el-Garbia, a fort of 201); the evidence is in docs/verification/M4-ancient-geometry.md, \"Roads\". Roads with no Barrington period, such as the Via Nova Traiana and the Strata Diocletiana, are left out by the period rule.","sources":["bib:livius-trajan","bib:cassius-dio-roman-history","pleiades:469059303","pleiades:344374"]}]}},"geometry":{"type":"MultiLineString","coordinates":[[[21.89103,43.32856],[21.87961,43.31393],[21.86748,43.29287],[21.85391,43.2711],[21.84927,43.25147],[21.84249,43.23041],[21.83,43.21506],[21.80965,43.19864],[21.79895,43.18722],[21.78467,43.17973],[21.77039,43.17866],[21.75754,43.17973],[21.74541,43.18686],[21.73327,43.19686],[21.71614,43.20542],[21.69937,43.21006],[21.6726,43.21613],[21.64155,43.22434],[21.61478,43.23362],[21.59979,43.24326],[21.56445,43.23755],[21.52376,43.23433],[21.50199,43.23612],[21.49806,43.23755],[21.46915,43.24219],[21.44131,43.23862],[21.41776,43.23398],[21.39991,43.22577],[21.37207,43.21613],[21.36065,43.20757],[21.34887,43.18829],[21.33174,43.17616],[21.30676,43.16188],[21.3014,43.15831],[21.26464,43.14118],[21.25429,43.13297],[21.25215,43.11548],[21.25643,43.10192],[21.26036,43.09157],[21.26,43.07658],[21.25821,43.06516],[21.2293,43.00084],[21.20468,42.9498],[21.18862,42.87431],[21.17398,42.82399],[21.17898,42.80578],[21.17648,42.7833],[21.17666,42.69666],[21.1838,42.64598],[21.19023,42.61171],[21.19094,42.60315]]]}},{"type":"Feature","properties":{"roadId":"awmc-road-1292-2547","major":true,"known":true,"timeperiod":"RL","provenance":{"dataset":"AWMC geodata","version":"commit:7ecf8bccea2efe1e1e9df2daf6001942de73fb87;path:Cultural-Data/roads/roads.geojson","upstreamFeatureIds":["awmc:roads-objectid-1292","awmc:roads-feature-2547"],"changes":[{"kind":"filter","detail":"An AWMC major road of the Roman period (Barrington \"R\", 30 BC – AD 300) in 10–40°E, 28–45°N (ADR-0037 item 5).","sources":["awmc:roads-major-filter","awmc:roads-roman-period-filter"]},{"kind":"date-exclusions","detail":"Left out as later than AD 100, by AWMC OBJECTID: 1320, 1363, 1403 and 1407 (in Dacia, conquered 101–106), 1203 (the Via Traiana Nova, Trajanic), 2169 (the Via Herculia, late third century) and 2698 (to Gheriat el-Garbia, a fort of 201); the evidence is in docs/verification/M4-ancient-geometry.md, \"Roads\". Roads with no Barrington period, such as the Via Nova Traiana and the Strata Diocletiana, are left out by the period rule.","sources":["bib:livius-trajan","bib:cassius-dio-roman-history","pleiades:469059303","pleiades:344374"]},{"kind":"clip","detail":"Clipped to the drawn Roman world: 10.6 km on land beyond the empire or on islands no area holds left out (ADR-0037 rule 5).","sources":["awmc:roman-empire-ad-69-extent"]}]}},"geometry":{"type":"MultiLineString","coordinates":[[[20.46836,44.81751],[20.47364,44.81298],[20.47935,44.78966],[20.48935,44.77824],[20.49411,44.77967],[20.52228,44.77634],[20.54135,44.77452],[20.55226,44.77348],[20.58034,44.77158],[20.60773,44.76287]],[[20.69447,44.69489],[20.70483,44.68425],[20.7272,44.67093],[20.74528,44.65903],[20.76717,44.65047],[20.79049,44.64571],[20.81476,44.64476],[20.83332,44.64523],[20.87406,44.65094],[20.93402,44.66712],[20.99541,44.69234],[21.03206,44.70186],[21.05775,44.70615],[21.06489,44.70615],[21.08012,44.69853],[21.10011,44.69139],[21.11408,44.68703],[21.13407,44.68608],[21.15311,44.68989],[21.17785,44.69798],[21.21212,44.72272],[21.2302,44.7351],[21.23601,44.73795]]]}},{"type":"Feature","properties":{"roadId":"awmc-road-1292-608","major":true,"known":true,"timeperiod":"RL","provenance":{"dataset":"AWMC geodata","version":"commit:7ecf8bccea2efe1e1e9df2daf6001942de73fb87;path:Cultural-Data/roads/roads.geojson","upstreamFeatureIds":["awmc:roads-objectid-1292","awmc:roads-feature-608"],"changes":[{"kind":"filter","detail":"An AWMC major road of the Roman period (Barrington \"R\", 30 BC – AD 300) in 10–40°E, 28–45°N (ADR-0037 item 5).","sources":["awmc:roads-major-filter","awmc:roads-roman-period-filter"]},{"kind":"date-exclusions","detail":"Left out as later than AD 100, by AWMC OBJECTID: 1320, 1363, 1403 and 1407 (in Dacia, conquered 101–106), 1203 (the Via Traiana Nova, Trajanic), 2169 (the Via Herculia, late third century) and 2698 (to Gheriat el-Garbia, a fort of 201); the evidence is in docs/verification/M4-ancient-geometry.md, \"Roads\". Roads with no Barrington period, such as the Via Nova Traiana and the Strata Diocletiana, are left out by the period rule.","sources":["bib:livius-trajan","bib:cassius-dio-roman-history","pleiades:469059303","pleiades:344374"]},{"kind":"clip","detail":"Clipped to the drawn Roman world: 49.5 km on land beyond the empire or on islands no area holds left out (ADR-0037 rule 5).","sources":["awmc:roman-empire-ad-69-extent"]}]}},"geometry":{"type":"MultiLineString","coordinates":[[[18.56858,45.60658],[18.60215,45.58693],[18.65688,45.56028],[18.68305,45.54648],[18.73588,45.54514],[18.75491,45.54324],[18.77347,45.53848],[18.79964,45.53467],[18.8301,45.53087],[18.85532,45.52468],[18.8815,45.52849],[18.90177,45.52849],[18.92604,45.52611],[18.95697,45.51326],[18.97982,45.50089],[18.98743,45.49184],[18.98954,45.47738]],[[19.00179,45.41258],[18.98553,45.40428],[18.96554,45.39429],[18.96554,45.38001],[18.97585,45.36884]],[[19.03309,45.33341],[19.03788,45.33052],[19.05967,45.31376],[19.08394,45.29283],[19.0894,45.28807]],[[19.24918,45.23127],[19.25051,45.23096],[19.26707,45.22858],[19.29324,45.2243],[19.31799,45.22382],[19.33179,45.22334],[19.35653,45.22239],[19.3808,45.22239],[19.40079,45.22668],[19.42982,45.22382],[19.46218,45.22334],[19.50968,45.22572],[19.53062,45.22953],[19.53342,45.22913]],[[19.55929,45.21959],[19.56393,45.21716],[19.57392,45.21002],[19.59296,45.20431],[19.61009,45.20621],[19.63674,45.20764],[19.671,45.21145],[19.69946,45.21288],[19.73896,45.21192],[19.7756,45.21097],[19.80797,45.2105],[19.83747,45.21573],[19.85651,45.22572],[19.87078,45.23857],[19.87743,45.24695]],[[19.91145,45.22988],[19.92608,45.21383],[19.95559,45.1867],[19.98366,45.17147],[20.00746,45.16386],[20.0441,45.16053],[20.06933,45.15815],[20.09569,45.15434],[20.13376,45.15339],[20.16422,45.15815],[20.19705,45.161],[20.20634,45.15947]],[[20.2663,45.13064],[20.26987,45.12579],[20.28176,45.10865],[20.30318,45.09114],[20.33012,45.0643]],[[20.33118,45.0109],[20.33007,45.01017]],[[20.32887,45.00953],[20.30898,45.00167],[20.29471,44.99454],[20.29326,44.99057]],[[20.28748,44.97457],[20.28376,44.95551],[20.29138,44.93505],[20.30851,44.91792],[20.32897,44.89983],[20.34706,44.88032],[20.36942,44.86652],[20.38465,44.85867],[20.40559,44.84582],[20.41796,44.83963],[20.42939,44.81917],[20.45032,44.8206],[20.46365,44.82155],[20.46836,44.81751]]]}},{"type":"Feature","properties":{"roadId":"awmc-road-1293-2555","major":true,"known":true,"timeperiod":"RL","provenance":{"dataset":"AWMC geodata","version":"commit:7ecf8bccea2efe1e1e9df2daf6001942de73fb87;path:Cultural-Data/roads/roads.geojson","upstreamFeatureIds":["awmc:roads-objectid-1293","awmc:roads-feature-2555"],"changes":[{"kind":"filter","detail":"An AWMC major road of the Roman period (Barrington \"R\", 30 BC – AD 300) in 10–40°E, 28–45°N (ADR-0037 item 5).","sources":["awmc:roads-major-filter","awmc:roads-roman-period-filter"]},{"kind":"date-exclusions","detail":"Left out as later than AD 100, by AWMC OBJECTID: 1320, 1363, 1403 and 1407 (in Dacia, conquered 101–106), 1203 (the Via Traiana Nova, Trajanic), 2169 (the Via Herculia, late third century) and 2698 (to Gheriat el-Garbia, a fort of 201); the evidence is in docs/verification/M4-ancient-geometry.md, \"Roads\". Roads with no Barrington period, such as the Via Nova Traiana and the Strata Diocletiana, are left out by the period rule.","sources":["bib:livius-trajan","bib:cassius-dio-roman-history","pleiades:469059303","pleiades:344374"]}]}},"geometry":{"type":"MultiLineString","coordinates":[[[21.23601,44.73795],[21.24552,44.71225],[21.25124,44.67894],[21.25409,44.64753],[21.26218,44.61993],[21.27265,44.59899],[21.29026,44.57282],[21.30882,44.53903],[21.31548,44.51381],[21.31894,44.50269],[21.32452,44.48478],[21.33071,44.46569],[21.33547,44.44428],[21.3388,44.41239],[21.34213,44.40192],[21.36259,44.37765],[21.37259,44.35909],[21.38306,44.32911],[21.38639,44.26725],[21.37259,44.2444],[21.35641,44.22632],[21.35641,44.21949],[21.35641,44.20681],[21.36021,44.16564],[21.35498,44.14232],[21.34784,44.11091],[21.34546,44.08379],[21.34737,44.05762],[21.35308,44.02954],[21.35498,44.00384],[21.37068,43.98338],[21.38591,43.94426],[21.3921,43.92094],[21.40209,43.88715],[21.42427,43.81215],[21.44045,43.78264],[21.45378,43.75457],[21.47329,43.74505],[21.50803,43.73648],[21.52801,43.70469],[21.53039,43.69375],[21.548,43.68375],[21.55371,43.66995],[21.56133,43.64759],[21.57084,43.63188],[21.5973,43.6138],[21.62586,43.59952],[21.65917,43.58191],[21.68106,43.56431],[21.73103,43.53242],[21.75244,43.52195],[21.77624,43.49149],[21.80651,43.41002],[21.82364,43.38004],[21.84458,43.35482],[21.87646,43.33721],[21.89103,43.32856]]]}},{"type":"Feature","properties":{"roadId":"awmc-road-1293-2557","major":true,"known":true,"timeperiod":"RL","provenance":{"dataset":"AWMC geodata","version":"commit:7ecf8bccea2efe1e1e9df2daf6001942de73fb87;path:Cultural-Data/roads/roads.geojson","upstreamFeatureIds":["awmc:roads-objectid-1293","awmc:roads-feature-2557"],"changes":[{"kind":"filter","detail":"An AWMC major road of the Roman period (Barrington \"R\", 30 BC – AD 300) in 10–40°E, 28–45°N (ADR-0037 item 5).","sources":["awmc:roads-major-filter","awmc:roads-roman-period-filter"]},{"kind":"date-exclusions","detail":"Left out as later than AD 100, by AWMC OBJECTID: 1320, 1363, 1403 and 1407 (in Dacia, conquered 101–106), 1203 (the Via Traiana Nova, Trajanic), 2169 (the Via Herculia, late third century) and 2698 (to Gheriat el-Garbia, a fort of 201); the evidence is in docs/verification/M4-ancient-geometry.md, \"Roads\". Roads with no Barrington period, such as the Via Nova Traiana and the Strata Diocletiana, are left out by the period rule.","sources":["bib:livius-trajan","bib:cassius-dio-roman-history","pleiades:469059303","pleiades:344374"]}]}},"geometry":{"type":"MultiLineString","coordinates":[[[21.89103,43.32856],[21.9021,43.32856],[21.91215,43.3334],[21.92691,43.33245],[21.95213,43.32912],[21.97021,43.32579],[21.98877,43.32722],[22.0021,43.33245],[22.02161,43.34292],[22.0455,43.35625],[22.07025,43.37814],[22.08738,43.40098],[22.09832,43.42335],[22.0969,43.44381],[22.09261,43.4657],[22.09404,43.48474],[22.10213,43.49568],[22.11974,43.50234],[22.13687,43.51329],[22.1521,43.52899],[22.16876,43.54232],[22.18446,43.55279],[22.20778,43.56469],[22.22758,43.56469],[22.24899,43.58229],[22.26184,43.61608],[22.26041,43.64939],[22.26136,43.67438],[22.27231,43.69722],[22.27992,43.71959],[22.29182,43.7391],[22.30419,43.77765],[22.30419,43.78717],[22.3199,43.79906],[22.33941,43.81096],[22.36606,43.82476],[22.40756,43.84475],[22.43849,43.86378],[22.47038,43.87425],[22.51368,43.88948],[22.52701,43.89377],[22.54842,43.90138],[22.57602,43.91461],[22.61219,43.92841],[22.63741,43.93698],[22.66502,43.94221],[22.68548,43.94745],[22.70861,43.9522],[22.75287,43.96601],[22.77238,43.97981],[22.79617,43.9898],[22.81711,43.99599],[22.84186,43.99741],[22.86499,44.00027],[22.88783,44.00598],[22.89742,44.00829],[22.89973,44.00884]]]}},{"type":"Feature","properties":{"roadId":"awmc-road-1293-609","major":true,"known":true,"timeperiod":"R","provenance":{"dataset":"AWMC geodata","version":"commit:7ecf8bccea2efe1e1e9df2daf6001942de73fb87;path:Cultural-Data/roads/roads.geojson","upstreamFeatureIds":["awmc:roads-objectid-1293","awmc:roads-feature-609"],"changes":[{"kind":"filter","detail":"An AWMC major road of the Roman period (Barrington \"R\", 30 BC – AD 300) in 10–40°E, 28–45°N (ADR-0037 item 5).","sources":["awmc:roads-major-filter","awmc:roads-roman-period-filter"]},{"kind":"date-exclusions","detail":"Left out as later than AD 100, by AWMC OBJECTID: 1320, 1363, 1403 and 1407 (in Dacia, conquered 101–106), 1203 (the Via Traiana Nova, Trajanic), 2169 (the Via Herculia, late third century) and 2698 (to Gheriat el-Garbia, a fort of 201); the evidence is in docs/verification/M4-ancient-geometry.md, \"Roads\". Roads with no Barrington period, such as the Via Nova Traiana and the Strata Diocletiana, are left out by the period rule.","sources":["bib:livius-trajan","bib:cassius-dio-roman-history","pleiades:469059303","pleiades:344374"]},{"kind":"clip","detail":"Clipped to the drawn Roman world: 11.7 km on land beyond the empire or on islands no area holds left out (ADR-0037 rule 5).","sources":["awmc:roman-empire-ad-69-extent"]}]}},"geometry":{"type":"MultiLineString","coordinates":[[[22.89973,44.01003],[22.89742,44.00829],[22.88021,43.99527],[22.86451,43.97481],[22.85023,43.95577],[22.83786,43.93531],[22.82979,43.90921]],[[22.82855,43.90525],[22.82168,43.88344],[22.82263,43.86535],[22.8312,43.8506],[22.8469,43.84156],[22.86499,43.83633],[22.87783,43.83442],[22.9002,43.83014],[22.90924,43.82681],[22.92542,43.81681],[22.94541,43.80872],[22.96445,43.80301],[22.98967,43.79683],[23.00395,43.7954],[23.04887,43.78303],[23.08171,43.7854],[23.10693,43.78731],[23.12692,43.79302],[23.17926,43.80587],[23.21972,43.823],[23.26502,43.8368],[23.29643,43.84251],[23.33498,43.84917],[23.34003,43.84931]],[[23.43561,43.84349],[23.47099,43.84156],[23.50192,43.8211],[23.53095,43.80444],[23.55427,43.80016],[23.58377,43.79397],[23.60452,43.79397]],[[23.63901,43.79447],[23.67315,43.79587],[23.69792,43.80359]],[[23.70633,43.80285],[23.71455,43.79873],[23.73692,43.79016],[23.75738,43.78065],[23.78022,43.77113],[23.80259,43.76066],[23.81972,43.75733],[23.83447,43.75447],[23.8497,43.75304]]]}},{"type":"Feature","properties":{"roadId":"awmc-road-1298-634","major":true,"known":false,"timeperiod":"RL","provenance":{"dataset":"AWMC geodata","version":"commit:7ecf8bccea2efe1e1e9df2daf6001942de73fb87;path:Cultural-Data/roads/roads.geojson","upstreamFeatureIds":["awmc:roads-objectid-1298","awmc:roads-feature-634"],"changes":[{"kind":"filter","detail":"An AWMC major road of the Roman period (Barrington \"R\", 30 BC – AD 300) in 10–40°E, 28–45°N (ADR-0037 item 5).","sources":["awmc:roads-major-filter","awmc:roads-roman-period-filter"]},{"kind":"date-exclusions","detail":"Left out as later than AD 100, by AWMC OBJECTID: 1320, 1363, 1403 and 1407 (in Dacia, conquered 101–106), 1203 (the Via Traiana Nova, Trajanic), 2169 (the Via Herculia, late third century) and 2698 (to Gheriat el-Garbia, a fort of 201); the evidence is in docs/verification/M4-ancient-geometry.md, \"Roads\". Roads with no Barrington period, such as the Via Nova Traiana and the Strata Diocletiana, are left out by the period rule.","sources":["bib:livius-trajan","bib:cassius-dio-roman-history","pleiades:469059303","pleiades:344374"]}]}},"geometry":{"type":"MultiLineString","coordinates":[[[22.91537,43.82183],[22.88894,43.80778],[22.8561,43.79779],[22.83468,43.79065],[22.8047,43.77709],[22.77686,43.75567],[22.74403,43.73854],[22.71476,43.72855],[22.69406,43.72498],[22.65908,43.72141],[22.64195,43.69999],[22.62838,43.68072],[22.62481,43.66145],[22.59055,43.64717],[22.55414,43.63361],[22.52845,43.61576],[22.48276,43.60862],[22.41566,43.60934],[22.34213,43.60006],[22.27361,43.5765],[22.22758,43.56469]]]}},{"type":"Feature","properties":{"roadId":"awmc-road-1338-657","major":true,"known":false,"timeperiod":"RL","provenance":{"dataset":"AWMC geodata","version":"commit:7ecf8bccea2efe1e1e9df2daf6001942de73fb87;path:Cultural-Data/roads/roads.geojson","upstreamFeatureIds":["awmc:roads-objectid-1338","awmc:roads-feature-657"],"changes":[{"kind":"filter","detail":"An AWMC major road of the Roman period (Barrington \"R\", 30 BC – AD 300) in 10–40°E, 28–45°N (ADR-0037 item 5).","sources":["awmc:roads-major-filter","awmc:roads-roman-period-filter"]},{"kind":"date-exclusions","detail":"Left out as later than AD 100, by AWMC OBJECTID: 1320, 1363, 1403 and 1407 (in Dacia, conquered 101–106), 1203 (the Via Traiana Nova, Trajanic), 2169 (the Via Herculia, late third century) and 2698 (to Gheriat el-Garbia, a fort of 201); the evidence is in docs/verification/M4-ancient-geometry.md, \"Roads\". Roads with no Barrington period, such as the Via Nova Traiana and the Strata Diocletiana, are left out by the period rule.","sources":["bib:livius-trajan","bib:cassius-dio-roman-history","pleiades:469059303","pleiades:344374"]}]}},"geometry":{"type":"MultiLineString","coordinates":[[[24.73527,42.14591],[24.72721,42.17073],[24.72671,42.2029],[24.73289,42.27856],[24.75383,42.35328],[24.77836,42.39345],[24.78952,42.42157],[24.79143,42.4506],[24.80332,42.47915],[24.81427,42.49866],[24.82236,42.51675],[24.81855,42.5315],[24.80097,42.55406],[24.79143,42.56386],[24.78714,42.58099],[24.7743,42.60098],[24.75621,42.62025],[24.72052,42.66737],[24.711,42.6826],[24.68292,42.70782],[24.67293,42.71853],[24.6458,42.73851],[24.63867,42.75422],[24.6351,42.76778],[24.63724,42.78206],[24.64295,42.80276],[24.6508,42.81704],[24.66436,42.82632],[24.68221,42.83774],[24.68364,42.85487],[24.68292,42.87271],[24.70434,42.89627],[24.71505,42.91997],[24.69363,42.9471],[24.67864,42.97065],[24.67436,42.99635],[24.69363,43.02062],[24.71433,43.06988],[24.71862,43.11663],[24.71076,43.15589],[24.71076,43.18659],[24.70363,43.22942],[24.69506,43.26654],[24.69149,43.32222],[24.69078,43.35077],[24.67436,43.37147],[24.65151,43.38646],[24.63438,43.41502],[24.62939,43.44286],[24.61511,43.49854],[24.62011,43.53266],[24.61154,43.55122],[24.62867,43.57406],[24.6251,43.59048],[24.60155,43.63117],[24.60297,43.64616]]]}},{"type":"Feature","properties":{"roadId":"awmc-road-1347-796","major":true,"known":false,"timeperiod":"RL","provenance":{"dataset":"AWMC geodata","version":"commit:7ecf8bccea2efe1e1e9df2daf6001942de73fb87;path:Cultural-Data/roads/roads.geojson","upstreamFeatureIds":["awmc:roads-objectid-1347","awmc:roads-feature-796"],"changes":[{"kind":"filter","detail":"An AWMC major road of the Roman period (Barrington \"R\", 30 BC – AD 300) in 10–40°E, 28–45°N (ADR-0037 item 5).","sources":["awmc:roads-major-filter","awmc:roads-roman-period-filter"]},{"kind":"date-exclusions","detail":"Left out as later than AD 100, by AWMC OBJECTID: 1320, 1363, 1403 and 1407 (in Dacia, conquered 101–106), 1203 (the Via Traiana Nova, Trajanic), 2169 (the Via Herculia, late third century) and 2698 (to Gheriat el-Garbia, a fort of 201); the evidence is in docs/verification/M4-ancient-geometry.md, \"Roads\". Roads with no Barrington period, such as the Via Nova Traiana and the Strata Diocletiana, are left out by the period rule.","sources":["bib:livius-trajan","bib:cassius-dio-roman-history","pleiades:469059303","pleiades:344374"]}]}},"geometry":{"type":"MultiLineString","coordinates":[[[23.63219,43.59072],[23.6636,43.6107],[23.70167,43.63355],[23.74165,43.65449],[23.77782,43.67638],[23.80827,43.69637],[23.82826,43.73158],[23.8497,43.75185]]]}},{"type":"Feature","properties":{"roadId":"awmc-road-1379-814","major":true,"known":true,"timeperiod":"RL","provenance":{"dataset":"AWMC geodata","version":"commit:7ecf8bccea2efe1e1e9df2daf6001942de73fb87;path:Cultural-Data/roads/roads.geojson","upstreamFeatureIds":["awmc:roads-objectid-1379","awmc:roads-feature-814"],"changes":[{"kind":"filter","detail":"An AWMC major road of the Roman period (Barrington \"R\", 30 BC – AD 300) in 10–40°E, 28–45°N (ADR-0037 item 5).","sources":["awmc:roads-major-filter","awmc:roads-roman-period-filter"]},{"kind":"date-exclusions","detail":"Left out as later than AD 100, by AWMC OBJECTID: 1320, 1363, 1403 and 1407 (in Dacia, conquered 101–106), 1203 (the Via Traiana Nova, Trajanic), 2169 (the Via Herculia, late third century) and 2698 (to Gheriat el-Garbia, a fort of 201); the evidence is in docs/verification/M4-ancient-geometry.md, \"Roads\". Roads with no Barrington period, such as the Via Nova Traiana and the Strata Diocletiana, are left out by the period rule.","sources":["bib:livius-trajan","bib:cassius-dio-roman-history","pleiades:469059303","pleiades:344374"]}]}},"geometry":{"type":"MultiLineString","coordinates":[[[18.80393,45.27484],[18.83809,45.26118],[18.87521,45.24215],[18.91137,45.24024],[18.99894,45.21931],[19.08079,45.18599],[19.16264,45.1641],[19.28257,45.13364],[19.34539,45.09272],[19.41487,45.04513],[19.47388,45.00325],[19.49577,45.00135],[19.54241,44.99088],[19.58333,44.98612],[19.61509,44.97606],[19.63675,44.97112],[19.7111,44.9616],[19.78725,44.95744],[19.87886,44.95803],[19.94322,44.95863],[19.98129,44.95863],[20.02055,44.95744],[20.06219,44.95208],[20.10443,44.94495],[20.15487,44.93186],[20.23042,44.9045],[20.28931,44.88546],[20.34642,44.86761],[20.38465,44.85867],[20.40559,44.84582],[20.41796,44.83963],[20.42939,44.81917],[20.45032,44.8206],[20.46365,44.82155],[20.46836,44.81751]]]}},{"type":"Feature","properties":{"roadId":"awmc-road-1380-462","major":true,"known":true,"timeperiod":"RL","provenance":{"dataset":"AWMC geodata","version":"commit:7ecf8bccea2efe1e1e9df2daf6001942de73fb87;path:Cultural-Data/roads/roads.geojson","upstreamFeatureIds":["awmc:roads-objectid-1380","awmc:roads-feature-462"],"changes":[{"kind":"filter","detail":"An AWMC major road of the Roman period (Barrington \"R\", 30 BC – AD 300) in 10–40°E, 28–45°N (ADR-0037 item 5).","sources":["awmc:roads-major-filter","awmc:roads-roman-period-filter"]},{"kind":"date-exclusions","detail":"Left out as later than AD 100, by AWMC OBJECTID: 1320, 1363, 1403 and 1407 (in Dacia, conquered 101–106), 1203 (the Via Traiana Nova, Trajanic), 2169 (the Via Herculia, late third century) and 2698 (to Gheriat el-Garbia, a fort of 201); the evidence is in docs/verification/M4-ancient-geometry.md, \"Roads\". Roads with no Barrington period, such as the Via Nova Traiana and the Strata Diocletiana, are left out by the period rule.","sources":["bib:livius-trajan","bib:cassius-dio-roman-history","pleiades:469059303","pleiades:344374"]}]}},"geometry":{"type":"MultiLineString","coordinates":[[[19.97832,44.95684],[19.99973,44.94673],[20.04792,44.9039],[20.0848,44.86583],[20.15499,44.83906],[20.1889,44.83252],[20.23708,44.8224],[20.25053,44.81586],[20.25767,44.80634],[20.27135,44.80158],[20.29157,44.7992],[20.32786,44.79801],[20.35522,44.7992],[20.3808,44.80396],[20.404,44.81051],[20.4165,44.81289],[20.42939,44.81917]]]}},{"type":"Feature","properties":{"roadId":"awmc-road-1382-2548","major":true,"known":true,"timeperiod":"RL","provenance":{"dataset":"AWMC geodata","version":"commit:7ecf8bccea2efe1e1e9df2daf6001942de73fb87;path:Cultural-Data/roads/roads.geojson","upstreamFeatureIds":["awmc:roads-objectid-1382","awmc:roads-feature-2548"],"changes":[{"kind":"filter","detail":"An AWMC major road of the Roman period (Barrington \"R\", 30 BC – AD 300) in 10–40°E, 28–45°N (ADR-0037 item 5).","sources":["awmc:roads-major-filter","awmc:roads-roman-period-filter"]},{"kind":"date-exclusions","detail":"Left out as later than AD 100, by AWMC OBJECTID: 1320, 1363, 1403 and 1407 (in Dacia, conquered 101–106), 1203 (the Via Traiana Nova, Trajanic), 2169 (the Via Herculia, late third century) and 2698 (to Gheriat el-Garbia, a fort of 201); the evidence is in docs/verification/M4-ancient-geometry.md, \"Roads\". Roads with no Barrington period, such as the Via Nova Traiana and the Strata Diocletiana, are left out by the period rule.","sources":["bib:livius-trajan","bib:cassius-dio-roman-history","pleiades:469059303","pleiades:344374"]}]}},"geometry":{"type":"MultiLineString","coordinates":[[[19.27769,44.86571],[19.29137,44.84905],[19.30743,44.8211],[19.31576,44.80087],[19.30505,44.76934],[19.28423,44.74614],[19.25865,44.72294],[19.24735,44.69141],[19.23545,44.66405],[19.20571,44.64026],[19.17596,44.60813],[19.16169,44.57899],[19.15871,44.55638],[19.15693,44.54448]]]}},{"type":"Feature","properties":{"roadId":"awmc-road-1386-466","major":true,"known":true,"timeperiod":"RL","provenance":{"dataset":"AWMC geodata","version":"commit:7ecf8bccea2efe1e1e9df2daf6001942de73fb87;path:Cultural-Data/roads/roads.geojson","upstreamFeatureIds":["awmc:roads-objectid-1386","awmc:roads-feature-466"],"changes":[{"kind":"filter","detail":"An AWMC major road of the Roman period (Barrington \"R\", 30 BC – AD 300) in 10–40°E, 28–45°N (ADR-0037 item 5).","sources":["awmc:roads-major-filter","awmc:roads-roman-period-filter"]},{"kind":"date-exclusions","detail":"Left out as later than AD 100, by AWMC OBJECTID: 1320, 1363, 1403 and 1407 (in Dacia, conquered 101–106), 1203 (the Via Traiana Nova, Trajanic), 2169 (the Via Herculia, late third century) and 2698 (to Gheriat el-Garbia, a fort of 201); the evidence is in docs/verification/M4-ancient-geometry.md, \"Roads\". Roads with no Barrington period, such as the Via Nova Traiana and the Strata Diocletiana, are left out by the period rule.","sources":["bib:livius-trajan","bib:cassius-dio-roman-history","pleiades:469059303","pleiades:344374"]}]}},"geometry":{"type":"MultiLineString","coordinates":[[[18.46998,43.85634],[18.50348,43.83064],[18.54727,43.81636],[18.57201,43.8116],[18.60668,43.80905],[18.63166,43.80846],[18.66022,43.80072],[18.68401,43.78288],[18.70126,43.76682],[18.71673,43.75789],[18.73624,43.76087],[18.74647,43.76206],[18.75301,43.76741],[18.76146,43.77336],[18.77752,43.77336],[18.78942,43.76741],[18.80965,43.76146],[18.83463,43.7686],[18.86616,43.77812],[18.88222,43.78585],[18.90066,43.78704],[18.91494,43.78823],[18.92505,43.78883],[18.93278,43.79002],[18.94563,43.79299],[18.95658,43.7918],[18.97145,43.79061],[18.98454,43.78883],[19.00595,43.78823],[19.03391,43.79299],[19.04878,43.79953],[19.07912,43.80727],[19.10529,43.81262],[19.13385,43.82095],[19.1511,43.82928],[19.17192,43.8382],[19.19512,43.85248],[19.20761,43.86318],[19.22605,43.86973],[19.24866,43.86794],[19.27186,43.85486],[19.28256,43.83463],[19.29208,43.815],[19.30814,43.79596]]]}},{"type":"Feature","properties":{"roadId":"awmc-road-1387-467","major":true,"known":true,"timeperiod":"RL","provenance":{"dataset":"AWMC geodata","version":"commit:7ecf8bccea2efe1e1e9df2daf6001942de73fb87;path:Cultural-Data/roads/roads.geojson","upstreamFeatureIds":["awmc:roads-objectid-1387","awmc:roads-feature-467"],"changes":[{"kind":"filter","detail":"An AWMC major road of the Roman period (Barrington \"R\", 30 BC – AD 300) in 10–40°E, 28–45°N (ADR-0037 item 5).","sources":["awmc:roads-major-filter","awmc:roads-roman-period-filter"]},{"kind":"date-exclusions","detail":"Left out as later than AD 100, by AWMC OBJECTID: 1320, 1363, 1403 and 1407 (in Dacia, conquered 101–106), 1203 (the Via Traiana Nova, Trajanic), 2169 (the Via Herculia, late third century) and 2698 (to Gheriat el-Garbia, a fort of 201); the evidence is in docs/verification/M4-ancient-geometry.md, \"Roads\". Roads with no Barrington period, such as the Via Nova Traiana and the Strata Diocletiana, are left out by the period rule.","sources":["bib:livius-trajan","bib:cassius-dio-roman-history","pleiades:469059303","pleiades:344374"]}]}},"geometry":{"type":"MultiLineString","coordinates":[[[19.30814,43.79596],[19.29446,43.78764],[19.27542,43.77157],[19.26412,43.75611],[19.23973,43.75492],[19.20939,43.74719],[19.17787,43.73172],[19.16954,43.72339],[19.16359,43.70733],[19.15883,43.70138],[19.14872,43.69484],[19.13563,43.69365],[19.12433,43.69246],[19.10827,43.69543],[19.09042,43.69246],[19.07614,43.69067],[19.03569,43.69127],[19.00357,43.68591],[18.99108,43.68294],[18.9768,43.67164],[18.96966,43.65498],[18.95896,43.6413],[18.94171,43.63297],[18.92445,43.63059],[18.88222,43.62048],[18.8501,43.61096],[18.82987,43.60442],[18.81476,43.58895],[18.8037,43.58152],[18.8031,43.57438],[18.80667,43.56545],[18.79953,43.55534],[18.79358,43.53928],[18.78169,43.52262],[18.77931,43.51013],[18.77157,43.50597],[18.76325,43.49466],[18.75254,43.49288],[18.74362,43.48872],[18.74897,43.47384],[18.75016,43.45838],[18.75908,43.43756],[18.76741,43.41971],[18.77455,43.40722],[18.77455,43.39473],[18.76325,43.38164],[18.73469,43.36617],[18.71328,43.34297],[18.69008,43.32156],[18.66688,43.3049],[18.65379,43.2939],[18.64725,43.28438],[18.64249,43.27367],[18.64011,43.2594],[18.63178,43.25345]]]}},{"type":"Feature","properties":{"roadId":"awmc-road-1388-468","major":true,"known":true,"timeperiod":"RL","provenance":{"dataset":"AWMC geodata","version":"commit:7ecf8bccea2efe1e1e9df2daf6001942de73fb87;path:Cultural-Data/roads/roads.geojson","upstreamFeatureIds":["awmc:roads-objectid-1388","awmc:roads-feature-468"],"changes":[{"kind":"filter","detail":"An AWMC major road of the Roman period (Barrington \"R\", 30 BC – AD 300) in 10–40°E, 28–45°N (ADR-0037 item 5).","sources":["awmc:roads-major-filter","awmc:roads-roman-period-filter"]},{"kind":"date-exclusions","detail":"Left out as later than AD 100, by AWMC OBJECTID: 1320, 1363, 1403 and 1407 (in Dacia, conquered 101–106), 1203 (the Via Traiana Nova, Trajanic), 2169 (the Via Herculia, late third century) and 2698 (to Gheriat el-Garbia, a fort of 201); the evidence is in docs/verification/M4-ancient-geometry.md, \"Roads\". Roads with no Barrington period, such as the Via Nova Traiana and the Strata Diocletiana, are left out by the period rule.","sources":["bib:livius-trajan","bib:cassius-dio-roman-history","pleiades:469059303","pleiades:344374"]}]}},"geometry":{"type":"MultiLineString","coordinates":[[[19.37367,43.35909],[19.35965,43.36014],[19.33609,43.36406],[19.30968,43.37191],[19.28969,43.37406],[19.27434,43.37584],[19.25079,43.38476],[19.22473,43.39511],[19.20296,43.39904],[19.18083,43.3969],[19.17119,43.39761],[19.15799,43.40761],[19.15014,43.42046],[19.13729,43.4251],[19.12515,43.42795],[19.11266,43.42759],[19.0916,43.42759],[19.07054,43.42652],[19.04984,43.42617],[19.03128,43.42831],[19.01772,43.42938],[19.00166,43.43616],[18.98381,43.44401],[18.96846,43.44401],[18.95098,43.44473],[18.93741,43.44687],[18.92778,43.45008],[18.91421,43.45401],[18.89851,43.46543],[18.88352,43.47721],[18.87031,43.48327],[18.85603,43.48577],[18.84319,43.48577],[18.83284,43.48363],[18.82427,43.48292],[18.81285,43.4847],[18.8,43.49113],[18.78751,43.50076],[18.77931,43.51013],[18.78169,43.52262],[18.79358,43.53928],[18.79953,43.55534],[18.80667,43.56545],[18.8031,43.57438],[18.8037,43.58152],[18.81476,43.58895]]]}},{"type":"Feature","properties":{"roadId":"awmc-road-1398-476","major":true,"known":false,"timeperiod":"RL","provenance":{"dataset":"AWMC geodata","version":"commit:7ecf8bccea2efe1e1e9df2daf6001942de73fb87;path:Cultural-Data/roads/roads.geojson","upstreamFeatureIds":["awmc:roads-objectid-1398","awmc:roads-feature-476"],"changes":[{"kind":"filter","detail":"An AWMC major road of the Roman period (Barrington \"R\", 30 BC – AD 300) in 10–40°E, 28–45°N (ADR-0037 item 5).","sources":["awmc:roads-major-filter","awmc:roads-roman-period-filter"]},{"kind":"date-exclusions","detail":"Left out as later than AD 100, by AWMC OBJECTID: 1320, 1363, 1403 and 1407 (in Dacia, conquered 101–106), 1203 (the Via Traiana Nova, Trajanic), 2169 (the Via Herculia, late third century) and 2698 (to Gheriat el-Garbia, a fort of 201); the evidence is in docs/verification/M4-ancient-geometry.md, \"Roads\". Roads with no Barrington period, such as the Via Nova Traiana and the Strata Diocletiana, are left out by the period rule.","sources":["bib:livius-trajan","bib:cassius-dio-roman-history","pleiades:469059303","pleiades:344374"]}]}},"geometry":{"type":"MultiLineString","coordinates":[[[21.31894,44.50269],[21.31894,44.50269],[21.32951,44.49313],[21.34498,44.46815],[21.36996,44.43305],[21.39375,44.41223],[21.41101,44.39379],[21.43123,44.37832],[21.4467,44.35572],[21.44967,44.323],[21.4354,44.29861],[21.4229,44.27184],[21.40803,44.25161],[21.39078,44.23436],[21.37174,44.22425],[21.35641,44.21949]]]}},{"type":"Feature","properties":{"roadId":"awmc-road-1429-614","major":true,"known":true,"timeperiod":"RL","provenance":{"dataset":"AWMC geodata","version":"commit:7ecf8bccea2efe1e1e9df2daf6001942de73fb87;path:Cultural-Data/roads/roads.geojson","upstreamFeatureIds":["awmc:roads-objectid-1429","awmc:roads-feature-614"],"changes":[{"kind":"filter","detail":"An AWMC major road of the Roman period (Barrington \"R\", 30 BC – AD 300) in 10–40°E, 28–45°N (ADR-0037 item 5).","sources":["awmc:roads-major-filter","awmc:roads-roman-period-filter"]},{"kind":"date-exclusions","detail":"Left out as later than AD 100, by AWMC OBJECTID: 1320, 1363, 1403 and 1407 (in Dacia, conquered 101–106), 1203 (the Via Traiana Nova, Trajanic), 2169 (the Via Herculia, late third century) and 2698 (to Gheriat el-Garbia, a fort of 201); the evidence is in docs/verification/M4-ancient-geometry.md, \"Roads\". Roads with no Barrington period, such as the Via Nova Traiana and the Strata Diocletiana, are left out by the period rule.","sources":["bib:livius-trajan","bib:cassius-dio-roman-history","pleiades:469059303","pleiades:344374"]}]}},"geometry":{"type":"MultiLineString","coordinates":[[[18.55712,44.91093],[18.59424,44.88808],[18.62374,44.86714],[18.64373,44.86334],[18.66562,44.87476],[18.69418,44.88142],[18.7094,44.89379],[18.71702,44.89284],[18.73701,44.90141],[18.74462,44.90807],[18.75414,44.90807],[18.76842,44.90807],[18.7846,44.90807],[18.79982,44.91093],[18.81125,44.91473],[18.82267,44.92235],[18.8398,44.9233],[18.85031,44.92417],[18.85122,44.92425]]]}},{"type":"Feature","properties":{"roadId":"awmc-road-1430-615","major":true,"known":true,"timeperiod":"RL","provenance":{"dataset":"AWMC geodata","version":"commit:7ecf8bccea2efe1e1e9df2daf6001942de73fb87;path:Cultural-Data/roads/roads.geojson","upstreamFeatureIds":["awmc:roads-objectid-1430","awmc:roads-feature-615"],"changes":[{"kind":"filter","detail":"An AWMC major road of the Roman period (Barrington \"R\", 30 BC – AD 300) in 10–40°E, 28–45°N (ADR-0037 item 5).","sources":["awmc:roads-major-filter","awmc:roads-roman-period-filter"]},{"kind":"date-exclusions","detail":"Left out as later than AD 100, by AWMC OBJECTID: 1320, 1363, 1403 and 1407 (in Dacia, conquered 101–106), 1203 (the Via Traiana Nova, Trajanic), 2169 (the Via Herculia, late third century) and 2698 (to Gheriat el-Garbia, a fort of 201); the evidence is in docs/verification/M4-ancient-geometry.md, \"Roads\". Roads with no Barrington period, such as the Via Nova Traiana and the Strata Diocletiana, are left out by the period rule.","sources":["bib:livius-trajan","bib:cassius-dio-roman-history","pleiades:469059303","pleiades:344374"]}]}},"geometry":{"type":"MultiLineString","coordinates":[[[18.55236,45.10224],[18.58091,45.10414],[18.60947,45.10319],[18.64849,45.10033],[18.67895,45.09652],[18.69798,45.09367],[18.72178,45.07749],[18.7351,45.0575],[18.75604,45.04132],[18.7608,45.02609],[18.7627,45.01753],[18.77888,45.00896],[18.78935,45.00325],[18.81029,44.98612],[18.82076,44.96803],[18.83504,44.94805],[18.84265,44.93472],[18.85122,44.92425]],[[18.85027,44.92425],[18.85031,44.92417],[18.86074,44.90426],[18.86931,44.88808],[18.89405,44.87857],[18.9188,44.87095],[18.93022,44.87],[18.95116,44.86524],[18.96829,44.86143],[18.98923,44.84716],[19.02825,44.83478],[19.09583,44.83859],[19.12343,44.85096],[19.17388,44.85668],[19.20148,44.85953],[19.22813,44.85953],[19.27674,44.86571],[19.32045,44.87571],[19.38708,44.88808],[19.44989,44.91188],[19.49177,44.93091],[19.55649,44.94234],[19.58981,44.95947],[19.61414,44.97606]]]}},{"type":"Feature","properties":{"roadId":"awmc-road-1432-616","major":true,"known":false,"timeperiod":"RL","provenance":{"dataset":"AWMC geodata","version":"commit:7ecf8bccea2efe1e1e9df2daf6001942de73fb87;path:Cultural-Data/roads/roads.geojson","upstreamFeatureIds":["awmc:roads-objectid-1432","awmc:roads-feature-616"],"changes":[{"kind":"filter","detail":"An AWMC major road of the Roman period (Barrington \"R\", 30 BC – AD 300) in 10–40°E, 28–45°N (ADR-0037 item 5).","sources":["awmc:roads-major-filter","awmc:roads-roman-period-filter"]},{"kind":"date-exclusions","detail":"Left out as later than AD 100, by AWMC OBJECTID: 1320, 1363, 1403 and 1407 (in Dacia, conquered 101–106), 1203 (the Via Traiana Nova, Trajanic), 2169 (the Via Herculia, late third century) and 2698 (to Gheriat el-Garbia, a fort of 201); the evidence is in docs/verification/M4-ancient-geometry.md, \"Roads\". Roads with no Barrington period, such as the Via Nova Traiana and the Strata Diocletiana, are left out by the period rule.","sources":["bib:livius-trajan","bib:cassius-dio-roman-history","pleiades:469059303","pleiades:344374"]}]}},"geometry":{"type":"MultiLineString","coordinates":[[[19.61509,44.97606],[19.59266,44.94138],[19.54888,44.89951],[19.51081,44.87143],[19.46607,44.82669],[19.40897,44.76388],[19.35757,44.71343],[19.2919,44.64395],[19.25668,44.59351],[19.24817,44.57602],[19.24207,44.56208],[19.22438,44.55698],[19.19493,44.55014],[19.17501,44.54776],[19.15693,44.54448],[19.12302,44.52842],[19.10755,44.51652],[19.10398,44.48113],[19.10101,44.44246],[19.10101,44.43316],[19.10101,44.39844],[19.10458,44.36692],[19.11231,44.34312],[19.12897,44.31873],[19.14146,44.29791],[19.1367,44.28066],[19.12005,44.26936],[19.11945,44.26044],[19.11469,44.24527],[19.10993,44.22028],[19.09447,44.20779],[19.07603,44.18875],[19.0737,44.18244],[19.07186,44.17745],[19.06234,44.16436],[19.04985,44.15068],[19.04807,44.13462],[19.0332,44.12272],[19.01059,44.11261],[18.9868,44.10607],[18.95586,44.09952],[18.9285,44.08882],[18.92017,44.07662],[18.90708,44.0564],[18.90411,44.02606],[18.89519,44.00345],[18.88091,43.98085],[18.84819,43.95348],[18.82797,43.9404],[18.79347,43.92969],[18.76848,43.92553],[18.72387,43.91839],[18.67806,43.92315],[18.63404,43.91363],[18.6043,43.91244]]]}},{"type":"Feature","properties":{"roadId":"awmc-road-1434-617","major":true,"known":false,"timeperiod":"RL","provenance":{"dataset":"AWMC geodata","version":"commit:7ecf8bccea2efe1e1e9df2daf6001942de73fb87;path:Cultural-Data/roads/roads.geojson","upstreamFeatureIds":["awmc:roads-objectid-1434","awmc:roads-feature-617"],"changes":[{"kind":"filter","detail":"An AWMC major road of the Roman period (Barrington \"R\", 30 BC – AD 300) in 10–40°E, 28–45°N (ADR-0037 item 5).","sources":["awmc:roads-major-filter","awmc:roads-roman-period-filter"]},{"kind":"date-exclusions","detail":"Left out as later than AD 100, by AWMC OBJECTID: 1320, 1363, 1403 and 1407 (in Dacia, conquered 101–106), 1203 (the Via Traiana Nova, Trajanic), 2169 (the Via Herculia, late third century) and 2698 (to Gheriat el-Garbia, a fort of 201); the evidence is in docs/verification/M4-ancient-geometry.md, \"Roads\". Roads with no Barrington period, such as the Via Nova Traiana and the Strata Diocletiana, are left out by the period rule.","sources":["bib:livius-trajan","bib:cassius-dio-roman-history","pleiades:469059303","pleiades:344374"]}]}},"geometry":{"type":"MultiLineString","coordinates":[[[19.30239,44.82987],[19.2387,44.78817],[19.15304,44.73582],[19.08641,44.68348],[19.04073,44.65873],[19.01884,44.64445],[18.99409,44.6435],[18.98648,44.65302],[18.9703,44.66254],[18.93698,44.66254],[18.92937,44.6454],[18.91509,44.63208],[18.91509,44.61685]]]}},{"type":"Feature","properties":{"roadId":"awmc-road-1435-2550","major":true,"known":false,"timeperiod":"RL","provenance":{"dataset":"AWMC geodata","version":"commit:7ecf8bccea2efe1e1e9df2daf6001942de73fb87;path:Cultural-Data/roads/roads.geojson","upstreamFeatureIds":["awmc:roads-objectid-1435","awmc:roads-feature-2550"],"changes":[{"kind":"filter","detail":"An AWMC major road of the Roman period (Barrington \"R\", 30 BC – AD 300) in 10–40°E, 28–45°N (ADR-0037 item 5).","sources":["awmc:roads-major-filter","awmc:roads-roman-period-filter"]},{"kind":"date-exclusions","detail":"Left out as later than AD 100, by AWMC OBJECTID: 1320, 1363, 1403 and 1407 (in Dacia, conquered 101–106), 1203 (the Via Traiana Nova, Trajanic), 2169 (the Via Herculia, late third century) and 2698 (to Gheriat el-Garbia, a fort of 201); the evidence is in docs/verification/M4-ancient-geometry.md, \"Roads\". Roads with no Barrington period, such as the Via Nova Traiana and the Strata Diocletiana, are left out by the period rule.","sources":["bib:livius-trajan","bib:cassius-dio-roman-history","pleiades:469059303","pleiades:344374"]}]}},"geometry":{"type":"MultiLineString","coordinates":[[[19.33102,44.21187],[19.32246,44.19569],[19.30628,44.18331],[19.29105,44.16523],[19.27867,44.14715],[19.26059,44.12525],[19.25869,44.11383],[19.24917,44.09004]]]}},{"type":"Feature","properties":{"roadId":"awmc-road-1435-618","major":true,"known":false,"timeperiod":"RL","provenance":{"dataset":"AWMC geodata","version":"commit:7ecf8bccea2efe1e1e9df2daf6001942de73fb87;path:Cultural-Data/roads/roads.geojson","upstreamFeatureIds":["awmc:roads-objectid-1435","awmc:roads-feature-618"],"changes":[{"kind":"filter","detail":"An AWMC major road of the Roman period (Barrington \"R\", 30 BC – AD 300) in 10–40°E, 28–45°N (ADR-0037 item 5).","sources":["awmc:roads-major-filter","awmc:roads-roman-period-filter"]},{"kind":"date-exclusions","detail":"Left out as later than AD 100, by AWMC OBJECTID: 1320, 1363, 1403 and 1407 (in Dacia, conquered 101–106), 1203 (the Via Traiana Nova, Trajanic), 2169 (the Via Herculia, late third century) and 2698 (to Gheriat el-Garbia, a fort of 201); the evidence is in docs/verification/M4-ancient-geometry.md, \"Roads\". Roads with no Barrington period, such as the Via Nova Traiana and the Strata Diocletiana, are left out by the period rule.","sources":["bib:livius-trajan","bib:cassius-dio-roman-history","pleiades:469059303","pleiades:344374"]}]}},"geometry":{"type":"MultiLineString","coordinates":[[[19.24917,44.09004],[19.28534,44.09385],[19.33483,44.08623],[19.37195,44.07005],[19.43191,44.05577],[19.46332,44.04055],[19.48807,44.03198],[19.5071,44.02437],[19.53375,44.01865],[19.55945,44.0139],[19.56802,44.01294]],[[19.14146,44.29791],[19.16117,44.2794],[19.18445,44.27373],[19.22823,44.27088],[19.26249,44.26517],[19.28914,44.2547],[19.31579,44.24423],[19.32722,44.22614],[19.33102,44.21187],[19.35672,44.18141],[19.37766,44.16809],[19.40146,44.14905],[19.41192,44.13763],[19.43857,44.13001],[19.45856,44.12145],[19.46903,44.10717],[19.48045,44.08909],[19.50044,44.08242],[19.52233,44.07291],[19.54232,44.06434],[19.55945,44.05577],[19.57944,44.05006],[19.59847,44.0434],[19.59276,44.03103],[19.5842,44.02056],[19.56802,44.01294],[19.56707,43.992]]]}},{"type":"Feature","properties":{"roadId":"awmc-road-1436-619","major":true,"known":false,"timeperiod":"RL","provenance":{"dataset":"AWMC geodata","version":"commit:7ecf8bccea2efe1e1e9df2daf6001942de73fb87;path:Cultural-Data/roads/roads.geojson","upstreamFeatureIds":["awmc:roads-objectid-1436","awmc:roads-feature-619"],"changes":[{"kind":"filter","detail":"An AWMC major road of the Roman period (Barrington \"R\", 30 BC – AD 300) in 10–40°E, 28–45°N (ADR-0037 item 5).","sources":["awmc:roads-major-filter","awmc:roads-roman-period-filter"]},{"kind":"date-exclusions","detail":"Left out as later than AD 100, by AWMC OBJECTID: 1320, 1363, 1403 and 1407 (in Dacia, conquered 101–106), 1203 (the Via Traiana Nova, Trajanic), 2169 (the Via Herculia, late third century) and 2698 (to Gheriat el-Garbia, a fort of 201); the evidence is in docs/verification/M4-ancient-geometry.md, \"Roads\". Roads with no Barrington period, such as the Via Nova Traiana and the Strata Diocletiana, are left out by the period rule.","sources":["bib:livius-trajan","bib:cassius-dio-roman-history","pleiades:469059303","pleiades:344374"]}]}},"geometry":{"type":"MultiLineString","coordinates":[[[19.07603,44.18875],[19.0737,44.18244],[19.0737,44.18244],[19.08832,44.17284],[19.09593,44.16333],[19.11973,44.15571],[19.12829,44.14619],[19.14923,44.13287],[19.16446,44.11954],[19.18254,44.10622],[19.20348,44.09956],[19.22918,44.09385],[19.24917,44.09004],[19.28534,44.09385],[19.33483,44.08623],[19.37195,44.07005],[19.43191,44.05577],[19.46332,44.04055],[19.48807,44.03198],[19.5071,44.02437],[19.53375,44.01865],[19.55945,44.0139],[19.56802,44.01294]]]}},{"type":"Feature","properties":{"roadId":"awmc-road-1469-822","major":true,"known":true,"timeperiod":"RL","provenance":{"dataset":"AWMC geodata","version":"commit:7ecf8bccea2efe1e1e9df2daf6001942de73fb87;path:Cultural-Data/roads/roads.geojson","upstreamFeatureIds":["awmc:roads-objectid-1469","awmc:roads-feature-822"],"changes":[{"kind":"filter","detail":"An AWMC major road of the Roman period (Barrington \"R\", 30 BC – AD 300) in 10–40°E, 28–45°N (ADR-0037 item 5).","sources":["awmc:roads-major-filter","awmc:roads-roman-period-filter"]},{"kind":"date-exclusions","detail":"Left out as later than AD 100, by AWMC OBJECTID: 1320, 1363, 1403 and 1407 (in Dacia, conquered 101–106), 1203 (the Via Traiana Nova, Trajanic), 2169 (the Via Herculia, late third century) and 2698 (to Gheriat el-Garbia, a fort of 201); the evidence is in docs/verification/M4-ancient-geometry.md, \"Roads\". Roads with no Barrington period, such as the Via Nova Traiana and the Strata Diocletiana, are left out by the period rule.","sources":["bib:livius-trajan","bib:cassius-dio-roman-history","pleiades:469059303","pleiades:344374"]}]}},"geometry":{"type":"MultiLineString","coordinates":[[[11.34791,44.49632],[11.34577,44.48721],[11.34874,44.48156],[11.3538,44.47591],[11.35737,44.46966],[11.35678,44.46342],[11.35404,44.45416],[11.34868,44.44349],[11.34012,44.42791],[11.33596,44.41303],[11.32703,44.39352],[11.32286,44.3721],[11.31751,44.35575],[11.30978,44.34831],[11.30175,44.34623],[11.29342,44.34177],[11.28688,44.33671],[11.28331,44.33106],[11.28242,44.32184],[11.28004,44.31648],[11.27813,44.30661],[11.27635,44.30006],[11.27474,44.29317],[11.27296,44.28692],[11.26903,44.28094],[11.2616,44.27588],[11.25714,44.27142],[11.25476,44.26577],[11.25357,44.25774],[11.25238,44.24525],[11.25327,44.23692],[11.25714,44.22592],[11.25951,44.21997],[11.26338,44.21313],[11.26516,44.20688],[11.26486,44.20123],[11.26189,44.19528],[11.2607,44.18814],[11.26278,44.17952],[11.26635,44.1703],[11.27557,44.13892],[11.27974,44.12196],[11.2842,44.10962],[11.28718,44.09743],[11.28539,44.08939],[11.27825,44.08434],[11.26874,44.07898],[11.25892,44.07452],[11.25476,44.06976],[11.2522,44.06025],[11.24982,44.04924],[11.24922,44.03853],[11.24714,44.02961],[11.24655,44.02158],[11.24435,44.01533],[11.24048,44.00939],[11.23721,44.00552]]]}},{"type":"Feature","properties":{"roadId":"awmc-road-1476-828","major":false,"known":true,"timeperiod":"RL","provenance":{"dataset":"AWMC geodata","version":"commit:7ecf8bccea2efe1e1e9df2daf6001942de73fb87;path:Cultural-Data/roads/roads.geojson","upstreamFeatureIds":["awmc:roads-objectid-1476","awmc:roads-feature-828"],"changes":[{"kind":"filter","detail":"An AWMC minor road of the Roman period (Barrington \"R\", 30 BC – AD 300) that passes within 50 km of one of our places (ADR-0037's update of 2026-10-08, item 1).","sources":["awmc:roads-minor-near-places-filter","awmc:roads-roman-period-filter"]},{"kind":"date-exclusions","detail":"Left out as later than AD 100, by AWMC OBJECTID: 1320, 1363, 1403 and 1407 (in Dacia, conquered 101–106), 1203 (the Via Traiana Nova, Trajanic), 2169 (the Via Herculia, late third century) and 2698 (to Gheriat el-Garbia, a fort of 201); the evidence is in docs/verification/M4-ancient-geometry.md, \"Roads\". Roads with no Barrington period, such as the Via Nova Traiana and the Strata Diocletiana, are left out by the period rule.","sources":["bib:livius-trajan","bib:cassius-dio-roman-history","pleiades:469059303","pleiades:344374"]}]}},"geometry":{"type":"MultiLineString","coordinates":[[[11.53207,44.04352],[11.52503,44.04256],[11.52027,44.04352],[11.5138,44.0458],[11.5079,44.04637],[11.49762,44.04809],[11.49095,44.04809],[11.48486,44.04751],[11.47135,44.04371],[11.46373,44.03971],[11.45936,44.03666],[11.45403,44.03324],[11.44432,44.02696],[11.43556,44.0201],[11.42243,44.01182],[11.41043,44.00687]],[[11.88397,44.28924],[11.87912,44.28539],[11.86971,44.28422],[11.86591,44.28375],[11.86067,44.28232],[11.85627,44.28063],[11.84937,44.27825],[11.84378,44.27423],[11.83819,44.27112],[11.83331,44.26661],[11.8276,44.26376],[11.82522,44.26186],[11.81951,44.25852],[11.81142,44.25234],[11.80666,44.2471],[11.80381,44.24425],[11.79857,44.24044],[11.79191,44.23616],[11.78572,44.23235],[11.7743,44.22712],[11.76859,44.22521],[11.76098,44.22283],[11.75551,44.22069],[11.75217,44.21927],[11.74622,44.21569],[11.74242,44.21379],[11.73909,44.21046],[11.73147,44.20903],[11.72909,44.20808],[11.72481,44.2057],[11.71957,44.2038],[11.71481,44.20189],[11.71101,44.19856],[11.70434,44.19571],[11.6997,44.19236],[11.69435,44.18905],[11.6915,44.18666],[11.68912,44.18286],[11.68769,44.17953],[11.68484,44.1762],[11.68198,44.17382],[11.67913,44.17049],[11.6777,44.16763],[11.67865,44.16097],[11.68008,44.15669],[11.68246,44.1524],[11.68317,44.14597],[11.68448,44.13715],[11.68293,44.13023],[11.6777,44.12242],[11.67246,44.11623],[11.66746,44.11076],[11.6589,44.106],[11.65295,44.10291],[11.64545,44.10122],[11.63582,44.0991],[11.63106,44.09862],[11.6244,44.09625],[11.61821,44.09244],[11.61345,44.08958],[11.60821,44.08292],[11.60917,44.07607],[11.60783,44.07359],[11.60479,44.07188],[11.59965,44.07188],[11.59242,44.07131],[11.58728,44.07093],[11.57738,44.0696],[11.57186,44.06902],[11.56405,44.06826],[11.55644,44.06693],[11.55187,44.06522],[11.54711,44.06331],[11.54464,44.06179],[11.54292,44.05855],[11.54292,44.05399],[11.54254,44.05151],[11.5414,44.04885],[11.53892,44.04618],[11.53721,44.04504]]]}},{"type":"Feature","properties":{"roadId":"awmc-road-1550-989","major":true,"known":true,"timeperiod":"HRL","provenance":{"dataset":"AWMC geodata","version":"commit:7ecf8bccea2efe1e1e9df2daf6001942de73fb87;path:Cultural-Data/roads/roads.geojson","upstreamFeatureIds":["awmc:roads-objectid-1550","awmc:roads-feature-989"],"changes":[{"kind":"filter","detail":"An AWMC major road of the Roman period (Barrington \"R\", 30 BC – AD 300) in 10–40°E, 28–45°N (ADR-0037 item 5).","sources":["awmc:roads-major-filter","awmc:roads-roman-period-filter"]},{"kind":"date-exclusions","detail":"Left out as later than AD 100, by AWMC OBJECTID: 1320, 1363, 1403 and 1407 (in Dacia, conquered 101–106), 1203 (the Via Traiana Nova, Trajanic), 2169 (the Via Herculia, late third century) and 2698 (to Gheriat el-Garbia, a fort of 201); the evidence is in docs/verification/M4-ancient-geometry.md, \"Roads\". Roads with no Barrington period, such as the Via Nova Traiana and the Strata Diocletiana, are left out by the period rule.","sources":["bib:livius-trajan","bib:cassius-dio-roman-history","pleiades:469059303","pleiades:344374"]}]}},"geometry":{"type":"MultiLineString","coordinates":[[[12.46507,41.94009],[12.46599,41.9403],[12.47576,41.94257],[12.4814,41.95049],[12.48211,41.95684],[12.48802,41.96885],[12.49075,41.97419],[12.49066,41.9951],[12.49339,42.0021],[12.4896,42.00624],[12.48953,42.00995],[12.4862,42.01512],[12.48604,42.0198],[12.48168,42.03073],[12.48117,42.04495],[12.48623,42.08948],[12.50435,42.11971],[12.4887,42.16658],[12.48848,42.20974],[12.49383,42.2287],[12.4736,42.24997],[12.46078,42.26274],[12.47183,42.28404],[12.45112,42.34434],[12.44265,42.36169],[12.4364,42.37983],[12.44414,42.39589],[12.46525,42.41374],[12.47299,42.42742],[12.47507,42.43486],[12.47596,42.44973],[12.49351,42.47679],[12.50511,42.48899],[12.51552,42.49821],[12.51611,42.50535],[12.51463,42.5223],[12.52504,42.54937],[12.53723,42.57257],[12.54675,42.61361],[12.55032,42.62283],[12.55264,42.64157],[12.55627,42.65942],[12.55627,42.6844],[12.55567,42.70701],[12.55303,42.71968],[12.53842,42.73853],[12.52997,42.75602],[12.52593,42.76441],[12.52385,42.77869],[12.52028,42.79326],[12.52028,42.80813],[12.52325,42.81884],[12.53247,42.84234],[12.59107,42.91134],[12.60207,42.92919],[12.60981,42.93484],[12.63449,42.94257],[12.70197,42.9597],[12.70498,42.96637],[12.73413,42.99284],[12.73294,43.0095],[12.74692,43.02496],[12.75019,43.03478],[12.7496,43.0553],[12.75198,43.06809],[12.757,43.0805],[12.76209,43.09397],[12.76953,43.10289],[12.78024,43.11122],[12.79154,43.11508],[12.79094,43.13323],[12.79094,43.17219],[12.77604,43.20483],[12.74822,43.28222],[12.74454,43.30663],[12.71777,43.33667],[12.71485,43.34227],[12.69416,43.36926],[12.66061,43.40852],[12.6574,43.41809],[12.65419,43.42094],[12.64776,43.4238],[12.64384,43.42451],[12.63741,43.4263],[12.63384,43.42844],[12.63135,43.43058],[12.62943,43.43572],[12.62801,43.44642],[12.62444,43.46165],[12.6261,43.47379],[12.62039,43.48188],[12.61944,43.4883],[12.6211,43.4914],[12.62967,43.49925],[12.6311,43.50448],[12.63253,43.51329],[12.64276,43.52138],[12.64609,43.52685],[12.64823,43.53518],[12.64752,43.54779],[12.65013,43.56064],[12.6568,43.56706],[12.66988,43.58134],[12.67096,43.58816],[12.6744,43.60442],[12.67488,43.61013],[12.67488,43.6137],[12.67417,43.61584],[12.67168,43.62135],[12.6731,43.62421],[12.67632,43.62992],[12.6781,43.63278],[12.68245,43.63702],[12.68744,43.64035],[12.69506,43.64154],[12.70089,43.64202],[12.70553,43.64273],[12.70767,43.64309],[12.71082,43.64455],[12.72224,43.65276],[12.732,43.66169],[12.73985,43.67132],[12.74723,43.67525],[12.75294,43.68203],[12.75865,43.6856],[12.76936,43.68846],[12.77768,43.68952],[12.78482,43.68988],[12.7891,43.69095],[12.7941,43.69095],[12.7991,43.69238],[12.80588,43.69452],[12.80909,43.69595],[12.83265,43.70487],[12.84371,43.70969],[12.84835,43.71255],[12.85704,43.71852],[12.86656,43.72536],[12.87762,43.73224],[12.88262,43.73474],[12.89118,43.73938],[12.89725,43.74259],[12.90784,43.74811],[12.91533,43.75275],[12.92486,43.75823],[12.93556,43.7643],[12.94252,43.77173],[12.94894,43.7803],[12.95436,43.78536],[12.96828,43.79882],[12.97988,43.80715],[12.98826,43.81784],[13.00083,43.83319],[13.01249,43.84812],[12.99215,43.86018],[12.9461,43.88981],[12.91434,43.91051],[12.90292,43.91765],[12.88852,43.92407],[12.88103,43.92371],[12.86318,43.93156],[12.8539,43.93799],[12.83022,43.94447],[12.80952,43.94804],[12.78846,43.95447],[12.7567,43.96268],[12.72731,43.96904],[12.71089,43.9744],[12.68412,43.98671],[12.66628,43.99885],[12.6555,44.0075]]]}},{"type":"Feature","properties":{"roadId":"awmc-road-2164-697","major":true,"known":true,"timeperiod":"R","provenance":{"dataset":"AWMC geodata","version":"commit:7ecf8bccea2efe1e1e9df2daf6001942de73fb87;path:Cultural-Data/roads/roads.geojson","upstreamFeatureIds":["awmc:roads-objectid-2164","awmc:roads-feature-697"],"changes":[{"kind":"filter","detail":"An AWMC major road of the Roman period (Barrington \"R\", 30 BC – AD 300) in 10–40°E, 28–45°N (ADR-0037 item 5).","sources":["awmc:roads-major-filter","awmc:roads-roman-period-filter"]},{"kind":"date-exclusions","detail":"Left out as later than AD 100, by AWMC OBJECTID: 1320, 1363, 1403 and 1407 (in Dacia, conquered 101–106), 1203 (the Via Traiana Nova, Trajanic), 2169 (the Via Herculia, late third century) and 2698 (to Gheriat el-Garbia, a fort of 201); the evidence is in docs/verification/M4-ancient-geometry.md, \"Roads\". Roads with no Barrington period, such as the Via Nova Traiana and the Strata Diocletiana, are left out by the period rule.","sources":["bib:livius-trajan","bib:cassius-dio-roman-history","pleiades:469059303","pleiades:344374"]}]}},"geometry":{"type":"MultiLineString","coordinates":[[[15.81538,40.96219],[15.81241,40.96725],[15.80616,40.9729],[15.80229,40.97442],[15.79159,40.97706],[15.78058,40.97915],[15.76839,40.98153],[15.75589,40.98718],[15.74251,40.99372],[15.73121,40.99967],[15.71872,41.00383],[15.71515,41.00562],[15.70325,41.0083],[15.68213,41.01216],[15.66547,41.01543],[15.65269,41.01543],[15.63603,41.0196],[15.63157,41.02198],[15.61432,41.02882],[15.59022,41.04339],[15.5697,41.05574],[15.5465,41.06853],[15.53341,41.0718],[15.52063,41.07447],[15.50575,41.07537],[15.48791,41.07447],[15.46411,41.0718],[15.43229,41.06139],[15.42069,41.05395]]]}},{"type":"Feature","properties":{"roadId":"awmc-road-2171-704","major":true,"known":true,"timeperiod":"R","provenance":{"dataset":"AWMC geodata","version":"commit:7ecf8bccea2efe1e1e9df2daf6001942de73fb87;path:Cultural-Data/roads/roads.geojson","upstreamFeatureIds":["awmc:roads-objectid-2171","awmc:roads-feature-704"],"changes":[{"kind":"filter","detail":"An AWMC major road of the Roman period (Barrington \"R\", 30 BC – AD 300) in 10–40°E, 28–45°N (ADR-0037 item 5).","sources":["awmc:roads-major-filter","awmc:roads-roman-period-filter"]},{"kind":"date-exclusions","detail":"Left out as later than AD 100, by AWMC OBJECTID: 1320, 1363, 1403 and 1407 (in Dacia, conquered 101–106), 1203 (the Via Traiana Nova, Trajanic), 2169 (the Via Herculia, late third century) and 2698 (to Gheriat el-Garbia, a fort of 201); the evidence is in docs/verification/M4-ancient-geometry.md, \"Roads\". Roads with no Barrington period, such as the Via Nova Traiana and the Strata Diocletiana, are left out by the period rule.","sources":["bib:livius-trajan","bib:cassius-dio-roman-history","pleiades:469059303","pleiades:344374"]}]}},"geometry":{"type":"MultiLineString","coordinates":[[[14.86539,41.17569],[14.8757,41.18459],[14.89146,41.19497],[14.89826,41.19911],[14.91039,41.20342],[14.92776,41.20958],[14.93941,41.21087],[14.95458,41.21422],[14.96964,41.22053],[14.98894,41.22662],[15.00597,41.232],[15.02142,41.23647],[15.03803,41.24287],[15.05084,41.25011],[15.06768,41.25812],[15.07529,41.25908],[15.08451,41.26182],[15.0929,41.26431],[15.10384,41.26717],[15.11527,41.27621],[15.12989,41.29007],[15.1469,41.30151],[15.15708,41.30765],[15.17503,41.31524],[15.18522,41.31856],[15.2102,41.32639],[15.23147,41.33675],[15.24614,41.3483],[15.25272,41.35041],[15.26168,41.35145],[15.28161,41.35681],[15.28904,41.35867],[15.30362,41.36461],[15.31522,41.36655],[15.33306,41.36818],[15.34318,41.36863],[15.35552,41.36878],[15.37233,41.36833],[15.38571,41.3664],[15.39805,41.36551],[15.41962,41.36268],[15.4443,41.35986],[15.46929,41.35792],[15.48624,41.35569],[15.49695,41.35212],[15.50974,41.34781],[15.52342,41.34216],[15.53785,41.33859],[15.55272,41.33428],[15.57027,41.32907],[15.59376,41.32372],[15.60432,41.3197],[15.61997,41.31647],[15.62056,41.31587],[15.63496,41.31539],[15.65355,41.31242],[15.67481,41.31078],[15.68998,41.30855],[15.71601,41.30647],[15.73504,41.3023],[15.74783,41.29836],[15.75795,41.29316],[15.77297,41.28765],[15.79959,41.27918],[15.81996,41.27323],[15.84063,41.26713],[15.85937,41.26148],[15.86919,41.26014],[15.88317,41.25925],[15.9025,41.25702],[15.92496,41.25509],[15.94399,41.25256],[15.96585,41.25152],[15.9831,41.2475],[15.9956,41.24453],[16.00452,41.24066],[16.02326,41.23404],[16.04378,41.22928],[16.05865,41.2269],[16.08899,41.22423],[16.11278,41.22095],[16.12974,41.22021],[16.14803,41.21664],[16.17049,41.21367],[16.19235,41.21144],[16.21228,41.20876],[16.24365,41.20504],[16.25451,41.20311],[16.28321,41.20073],[16.30207,41.19778],[16.32515,41.19349],[16.36846,41.18136],[16.41081,41.16756],[16.42509,41.15947],[16.43532,41.15566],[16.46435,41.13103],[16.47506,41.12128],[16.48601,41.11533],[16.50028,41.10986],[16.52455,41.10676],[16.53931,41.10652],[16.55763,41.10629],[16.56572,41.10676],[16.59237,41.10795],[16.60355,41.11105],[16.61616,41.11176],[16.63139,41.11224],[16.65447,41.11057],[16.68683,41.10986],[16.76393,41.10748],[16.79343,41.10914],[16.81509,41.11366],[16.85958,41.12651]]]}},{"type":"Feature","properties":{"roadId":"awmc-road-2177-710","major":true,"known":true,"timeperiod":"R","provenance":{"dataset":"AWMC geodata","version":"commit:7ecf8bccea2efe1e1e9df2daf6001942de73fb87;path:Cultural-Data/roads/roads.geojson","upstreamFeatureIds":["awmc:roads-objectid-2177","awmc:roads-feature-710"],"changes":[{"kind":"filter","detail":"An AWMC major road of the Roman period (Barrington \"R\", 30 BC – AD 300) in 10–40°E, 28–45°N (ADR-0037 item 5).","sources":["awmc:roads-major-filter","awmc:roads-roman-period-filter"]},{"kind":"date-exclusions","detail":"Left out as later than AD 100, by AWMC OBJECTID: 1320, 1363, 1403 and 1407 (in Dacia, conquered 101–106), 1203 (the Via Traiana Nova, Trajanic), 2169 (the Via Herculia, late third century) and 2698 (to Gheriat el-Garbia, a fort of 201); the evidence is in docs/verification/M4-ancient-geometry.md, \"Roads\". Roads with no Barrington period, such as the Via Nova Traiana and the Strata Diocletiana, are left out by the period rule.","sources":["bib:livius-trajan","bib:cassius-dio-roman-history","pleiades:469059303","pleiades:344374"]}]}},"geometry":{"type":"MultiLineString","coordinates":[[[15.84066,40.95166],[15.83165,40.95414],[15.81899,40.96032],[15.81538,40.96219]]]}},{"type":"Feature","properties":{"roadId":"awmc-road-2178-711","major":true,"known":true,"timeperiod":"R","provenance":{"dataset":"AWMC geodata","version":"commit:7ecf8bccea2efe1e1e9df2daf6001942de73fb87;path:Cultural-Data/roads/roads.geojson","upstreamFeatureIds":["awmc:roads-objectid-2178","awmc:roads-feature-711"],"changes":[{"kind":"filter","detail":"An AWMC major road of the Roman period (Barrington \"R\", 30 BC – AD 300) in 10–40°E, 28–45°N (ADR-0037 item 5).","sources":["awmc:roads-major-filter","awmc:roads-roman-period-filter"]},{"kind":"date-exclusions","detail":"Left out as later than AD 100, by AWMC OBJECTID: 1320, 1363, 1403 and 1407 (in Dacia, conquered 101–106), 1203 (the Via Traiana Nova, Trajanic), 2169 (the Via Herculia, late third century) and 2698 (to Gheriat el-Garbia, a fort of 201); the evidence is in docs/verification/M4-ancient-geometry.md, \"Roads\". Roads with no Barrington period, such as the Via Nova Traiana and the Strata Diocletiana, are left out by the period rule.","sources":["bib:livius-trajan","bib:cassius-dio-roman-history","pleiades:469059303","pleiades:344374"]}]}},"geometry":{"type":"MultiLineString","coordinates":[[[15.81538,40.96219],[15.81612,40.95824],[15.81748,40.95327],[15.81748,40.94784],[15.81838,40.94075],[15.81914,40.93744],[15.82094,40.93322],[15.82396,40.92884],[15.82652,40.92417],[15.82728,40.92131],[15.82652,40.91693],[15.82592,40.91347],[15.82441,40.9109],[15.82155,40.90804],[15.81914,40.90623],[15.81733,40.90352],[15.81612,40.9008],[15.81461,40.89613],[15.81431,40.89432],[15.81431,40.89281]]]}},{"type":"Feature","properties":{"roadId":"awmc-road-2179-712","major":true,"known":false,"timeperiod":"R","provenance":{"dataset":"AWMC geodata","version":"commit:7ecf8bccea2efe1e1e9df2daf6001942de73fb87;path:Cultural-Data/roads/roads.geojson","upstreamFeatureIds":["awmc:roads-objectid-2179","awmc:roads-feature-712"],"changes":[{"kind":"filter","detail":"An AWMC major road of the Roman period (Barrington \"R\", 30 BC – AD 300) in 10–40°E, 28–45°N (ADR-0037 item 5).","sources":["awmc:roads-major-filter","awmc:roads-roman-period-filter"]},{"kind":"date-exclusions","detail":"Left out as later than AD 100, by AWMC OBJECTID: 1320, 1363, 1403 and 1407 (in Dacia, conquered 101–106), 1203 (the Via Traiana Nova, Trajanic), 2169 (the Via Herculia, late third century) and 2698 (to Gheriat el-Garbia, a fort of 201); the evidence is in docs/verification/M4-ancient-geometry.md, \"Roads\". Roads with no Barrington period, such as the Via Nova Traiana and the Strata Diocletiana, are left out by the period rule.","sources":["bib:livius-trajan","bib:cassius-dio-roman-history","pleiades:469059303","pleiades:344374"]}]}},"geometry":{"type":"MultiLineString","coordinates":[[[15.81431,40.89281],[15.81446,40.88459],[15.81039,40.87404],[15.80949,40.86454],[15.81054,40.8555],[15.81175,40.84917],[15.81416,40.83952],[15.81733,40.82987],[15.81883,40.82414],[15.822,40.80597],[15.82306,40.78019],[15.82306,40.75532],[15.81763,40.72758],[15.81069,40.70338],[15.79833,40.66689],[15.79592,40.65815],[15.79351,40.64345],[15.7923,40.63697],[15.78928,40.62988],[15.78838,40.62204],[15.78265,40.61164],[15.77933,40.60124],[15.77059,40.57885],[15.76727,40.5698],[15.76562,40.56257],[15.76607,40.55684],[15.76622,40.549],[15.76546,40.54116],[15.76803,40.51967],[15.76531,40.51244],[15.76366,40.50234],[15.76124,40.49374],[15.75114,40.46269],[15.74119,40.44437],[15.7329,40.42266],[15.73245,40.41331],[15.73411,40.40713],[15.73727,40.39771],[15.74783,40.38926],[15.76652,40.37509],[15.78325,40.36665],[15.78446,40.36605]]]}},{"type":"Feature","properties":{"roadId":"awmc-road-2286-2525","major":true,"known":true,"timeperiod":"RL","provenance":{"dataset":"AWMC geodata","version":"commit:7ecf8bccea2efe1e1e9df2daf6001942de73fb87;path:Cultural-Data/roads/roads.geojson","upstreamFeatureIds":["awmc:roads-objectid-2286","awmc:roads-feature-2525"],"changes":[{"kind":"filter","detail":"An AWMC major road of the Roman period (Barrington \"R\", 30 BC – AD 300) in 10–40°E, 28–45°N (ADR-0037 item 5).","sources":["awmc:roads-major-filter","awmc:roads-roman-period-filter"]},{"kind":"date-exclusions","detail":"Left out as later than AD 100, by AWMC OBJECTID: 1320, 1363, 1403 and 1407 (in Dacia, conquered 101–106), 1203 (the Via Traiana Nova, Trajanic), 2169 (the Via Herculia, late third century) and 2698 (to Gheriat el-Garbia, a fort of 201); the evidence is in docs/verification/M4-ancient-geometry.md, \"Roads\". Roads with no Barrington period, such as the Via Nova Traiana and the Strata Diocletiana, are left out by the period rule.","sources":["bib:livius-trajan","bib:cassius-dio-roman-history","pleiades:469059303","pleiades:344374"]}]}},"geometry":{"type":"MultiLineString","coordinates":[[[14.44452,45.33096],[14.35814,45.3588],[14.33903,45.36836],[14.30746,45.35809],[14.27605,45.34024],[14.24393,45.33382],[14.22466,45.32025],[14.20966,45.31526],[14.18539,45.31383],[14.15755,45.32097],[14.14042,45.3174],[14.13114,45.30598],[14.12971,45.29456],[14.14042,45.25958],[14.17897,45.23816],[14.18611,45.22032],[14.1911,45.19747],[14.1911,45.18034],[14.17469,45.1575],[14.16041,45.14465],[14.15755,45.1368],[14.12329,45.12109],[14.11901,45.10967],[14.12686,45.09468],[14.12258,45.08683],[14.10759,45.08826],[14.08046,45.07469],[14.07332,45.06256],[14.06047,45.05471],[14.04834,45.05542],[14.03906,45.06113],[14.02764,45.05899],[14.02121,45.03615],[14.00122,45.01973],[13.98623,44.99831],[13.97624,44.97904],[13.96482,44.9462],[13.96482,44.92693],[13.97553,44.90908],[13.97553,44.89838],[13.9434,44.89909],[13.91271,44.89195],[13.87202,44.87982],[13.85703,44.86697],[13.84418,44.86197]]]}},{"type":"Feature","properties":{"roadId":"awmc-road-2637-2741","major":true,"known":false,"timeperiod":"RL","provenance":{"dataset":"AWMC geodata","version":"commit:7ecf8bccea2efe1e1e9df2daf6001942de73fb87;path:Cultural-Data/roads/roads.geojson","upstreamFeatureIds":["awmc:roads-objectid-2637","awmc:roads-feature-2741"],"changes":[{"kind":"filter","detail":"An AWMC major road of the Roman period (Barrington \"R\", 30 BC – AD 300) in 10–40°E, 28–45°N (ADR-0037 item 5).","sources":["awmc:roads-major-filter","awmc:roads-roman-period-filter"]},{"kind":"date-exclusions","detail":"Left out as later than AD 100, by AWMC OBJECTID: 1320, 1363, 1403 and 1407 (in Dacia, conquered 101–106), 1203 (the Via Traiana Nova, Trajanic), 2169 (the Via Herculia, late third century) and 2698 (to Gheriat el-Garbia, a fort of 201); the evidence is in docs/verification/M4-ancient-geometry.md, \"Roads\". Roads with no Barrington period, such as the Via Nova Traiana and the Strata Diocletiana, are left out by the period rule.","sources":["bib:livius-trajan","bib:cassius-dio-roman-history","pleiades:469059303","pleiades:344374"]}]}},"geometry":{"type":"MultiLineString","coordinates":[[[9.57116,35.40311],[9.57136,35.4034],[9.57444,35.40787],[9.58645,35.41836],[9.60644,35.45024],[9.64356,35.49069],[9.65736,35.51068],[9.68686,35.5359],[9.70685,35.56255],[9.72541,35.58968],[9.72737,35.5985],[9.74834,35.598],[9.77877,35.59993],[9.81065,35.60707],[9.84063,35.61516],[9.88965,35.63039],[9.91487,35.63657],[9.9633,35.64293],[10.00101,35.64657],[10.03765,35.64514],[10.06954,35.64133],[10.12331,35.63467],[10.14568,35.63368],[10.17233,35.63562],[10.20421,35.63895],[10.23372,35.64752],[10.26893,35.66227],[10.29796,35.67084],[10.31938,35.6756],[10.32985,35.67274],[10.33699,35.67179],[10.34603,35.67464],[10.36031,35.68369],[10.37411,35.69606],[10.38648,35.70272],[10.39933,35.7051],[10.41884,35.71176],[10.44216,35.72223],[10.46405,35.73461],[10.49498,35.75935],[10.52306,35.77553],[10.56446,35.80504],[10.58826,35.81789],[10.64001,35.8363]],[[9.57217,35.4036],[9.55028,35.38171],[9.52411,35.35887],[9.49032,35.33174],[9.47414,35.31985],[9.45368,35.30176],[9.4394,35.29082],[9.42313,35.2837],[9.41647,35.28179],[9.40648,35.28037],[9.38696,35.28037],[9.36031,35.27846],[9.33128,35.2737],[9.31368,35.27323],[9.27513,35.26799],[9.22326,35.26276],[9.20089,35.26038],[9.18614,35.26086],[9.15758,35.25895],[9.13017,35.2578]]]}},{"type":"Feature","properties":{"roadId":"awmc-road-2689-1600","major":true,"known":true,"timeperiod":"HRL","provenance":{"dataset":"AWMC geodata","version":"commit:7ecf8bccea2efe1e1e9df2daf6001942de73fb87;path:Cultural-Data/roads/roads.geojson","upstreamFeatureIds":["awmc:roads-objectid-2689","awmc:roads-feature-1600"],"changes":[{"kind":"filter","detail":"An AWMC major road of the Roman period (Barrington \"R\", 30 BC – AD 300) in 10–40°E, 28–45°N (ADR-0037 item 5).","sources":["awmc:roads-major-filter","awmc:roads-roman-period-filter"]},{"kind":"date-exclusions","detail":"Left out as later than AD 100, by AWMC OBJECTID: 1320, 1363, 1403 and 1407 (in Dacia, conquered 101–106), 1203 (the Via Traiana Nova, Trajanic), 2169 (the Via Herculia, late third century) and 2698 (to Gheriat el-Garbia, a fort of 201); the evidence is in docs/verification/M4-ancient-geometry.md, \"Roads\". Roads with no Barrington period, such as the Via Nova Traiana and the Strata Diocletiana, are left out by the period rule.","sources":["bib:livius-trajan","bib:cassius-dio-roman-history","pleiades:469059303","pleiades:344374"]}]}},"geometry":{"type":"MultiLineString","coordinates":[[[10.10044,33.88014],[10.1309,33.84682],[10.17944,33.79828],[10.23179,33.76497],[10.26605,33.73166],[10.3184,33.69073],[10.34981,33.66694],[10.36218,33.65742],[10.3974,33.63362],[10.45641,33.59841],[10.47429,33.59371],[10.47541,33.59348],[10.54366,33.62966],[10.57697,33.62966],[10.62575,33.6594],[10.6769,33.68795],[10.72925,33.70342],[10.72568,33.6713],[10.71974,33.62728],[10.70308,33.60229],[10.68404,33.57255],[10.67341,33.54416],[10.67334,33.52139],[10.68166,33.49879],[10.69475,33.4738],[10.71379,33.45715],[10.76732,33.44168],[10.79826,33.44882],[10.81456,33.46666],[10.83359,33.48213],[10.87761,33.50593],[10.92401,33.52734],[10.95257,33.55351],[10.95494,33.58326],[10.94662,33.60705],[10.94067,33.62133],[10.96922,33.60467],[10.99064,33.57731],[11.0061,33.55827],[11.02157,33.52853],[11.03466,33.50355],[11.03835,33.47737],[11.07642,33.45239],[11.09664,33.43692],[11.11092,33.40599],[11.11092,33.37149],[11.1252,33.35483],[11.15494,33.33817],[11.21086,33.31676],[11.2525,33.30248],[11.29652,33.28107],[11.34411,33.26441],[11.39169,33.23705],[11.41668,33.21087],[11.45356,33.19422],[11.4726,33.17756],[11.4726,33.15377],[11.49877,33.16328],[11.52732,33.15971],[11.55231,33.14901],[11.59871,33.12878],[11.62369,33.11569],[11.69984,33.08119],[11.77122,33.07405],[11.83356,33.06692],[11.86449,33.05502],[11.92279,33.03122],[11.97038,32.99196],[12.0144,32.96222],[12.07151,32.94199],[12.12623,32.90868],[12.17382,32.88846],[12.25056,32.85157],[12.33741,32.81945],[12.39333,32.81588],[12.43735,32.81707],[12.46848,32.81223],[12.52063,32.80398],[12.59439,32.79447],[12.64912,32.79447],[12.67767,32.779],[12.70504,32.76115],[12.74073,32.75402],[12.80973,32.77543],[12.87874,32.80636],[12.92038,32.8135],[12.95726,32.81707],[13.01675,32.8373],[13.0691,32.85752],[13.11074,32.86704],[13.17022,32.88608],[13.18212,32.90392],[13.22174,32.90154],[13.2729,32.90868],[13.32762,32.90035],[13.38949,32.89202],[13.42399,32.8718],[13.48943,32.82897],[13.58818,32.79566],[13.61792,32.77186],[13.64885,32.75402],[13.67265,32.74688],[13.71191,32.74688],[13.75355,32.74331],[13.75117,32.74331],[13.79162,32.73855],[13.83207,32.71951],[13.87728,32.70286],[13.92725,32.71],[13.95583,32.71256],[14.01008,32.70043],[14.0592,32.69186],[14.09489,32.67401],[14.14057,32.65545],[14.14914,32.6476],[14.1677,32.63975],[14.20553,32.63475],[14.2398,32.63975],[14.27477,32.64475],[14.29603,32.64058]]]}},{"type":"Feature","properties":{"roadId":"awmc-road-2691-1601","major":true,"known":false,"timeperiod":"RL","provenance":{"dataset":"AWMC geodata","version":"commit:7ecf8bccea2efe1e1e9df2daf6001942de73fb87;path:Cultural-Data/roads/roads.geojson","upstreamFeatureIds":["awmc:roads-objectid-2691","awmc:roads-feature-1601"],"changes":[{"kind":"filter","detail":"An AWMC major road of the Roman period (Barrington \"R\", 30 BC – AD 300) in 10–40°E, 28–45°N (ADR-0037 item 5).","sources":["awmc:roads-major-filter","awmc:roads-roman-period-filter"]},{"kind":"date-exclusions","detail":"Left out as later than AD 100, by AWMC OBJECTID: 1320, 1363, 1403 and 1407 (in Dacia, conquered 101–106), 1203 (the Via Traiana Nova, Trajanic), 2169 (the Via Herculia, late third century) and 2698 (to Gheriat el-Garbia, a fort of 201); the evidence is in docs/verification/M4-ancient-geometry.md, \"Roads\". Roads with no Barrington period, such as the Via Nova Traiana and the Strata Diocletiana, are left out by the period rule.","sources":["bib:livius-trajan","bib:cassius-dio-roman-history","pleiades:469059303","pleiades:344374"]}]}},"geometry":{"type":"MultiLineString","coordinates":[[[10.91461,33.6939],[10.93674,33.72032],[10.96172,33.74098],[10.97719,33.7572],[10.98361,33.77239],[10.98362,33.79265],[10.95982,33.82953],[10.93365,33.86166],[10.91699,33.87117],[10.86583,33.87236],[10.84323,33.87117],[10.82088,33.84955],[10.78994,33.82932],[10.76947,33.79812],[10.75757,33.766],[10.74091,33.7296],[10.76828,33.73792],[10.80278,33.75101],[10.82824,33.75244],[10.85204,33.72865],[10.88367,33.70386],[10.90985,33.69628],[10.91461,33.6939],[10.91699,33.69271]]]}},{"type":"Feature","properties":{"roadId":"awmc-road-2699-1086","major":true,"known":false,"timeperiod":"RL","provenance":{"dataset":"AWMC geodata","version":"commit:7ecf8bccea2efe1e1e9df2daf6001942de73fb87;path:Cultural-Data/roads/roads.geojson","upstreamFeatureIds":["awmc:roads-objectid-2699","awmc:roads-feature-1086"],"changes":[{"kind":"filter","detail":"An AWMC major road of the Roman period (Barrington \"R\", 30 BC – AD 300) in 10–40°E, 28–45°N (ADR-0037 item 5).","sources":["awmc:roads-major-filter","awmc:roads-roman-period-filter"]},{"kind":"date-exclusions","detail":"Left out as later than AD 100, by AWMC OBJECTID: 1320, 1363, 1403 and 1407 (in Dacia, conquered 101–106), 1203 (the Via Traiana Nova, Trajanic), 2169 (the Via Herculia, late third century) and 2698 (to Gheriat el-Garbia, a fort of 201); the evidence is in docs/verification/M4-ancient-geometry.md, \"Roads\". Roads with no Barrington period, such as the Via Nova Traiana and the Strata Diocletiana, are left out by the period rule.","sources":["bib:livius-trajan","bib:cassius-dio-roman-history","pleiades:469059303","pleiades:344374"]},{"kind":"clip","detail":"Clipped to the drawn Roman world: 53.5 km on land beyond the empire or on islands no area holds left out (ADR-0037 rule 5).","sources":["awmc:roman-empire-ad-69-extent"]}]}},"geometry":{"type":"MultiLineString","coordinates":[[[10.10044,33.88014],[10.05761,33.87823],[9.97956,33.88299],[9.86725,33.88299],[9.79206,33.88109],[9.75304,33.87157],[9.68546,33.85824],[9.6274,33.84302],[9.55697,33.82017],[9.49796,33.80114],[9.44276,33.7802],[9.40278,33.76497],[9.35424,33.73451],[9.32283,33.72975],[9.23908,33.73356],[9.17816,33.73642],[9.10487,33.74308],[9.06871,33.74213],[9.04967,33.74118],[9.02397,33.73071],[8.99637,33.72309],[8.97924,33.72024],[8.94297,33.72251],[8.9237,33.72108],[8.91013,33.71323],[8.90228,33.70252],[8.9177,33.70673],[8.93983,33.70388],[8.96591,33.68121],[8.98876,33.65742],[9.00399,33.61078],[9.00874,33.58794],[9.04777,33.5965],[9.07727,33.60221],[9.13057,33.60602],[9.17816,33.60602],[9.22861,33.59841],[9.27048,33.58889],[9.31522,33.57842],[9.34853,33.57081],[9.37613,33.55653],[9.40564,33.5413],[9.44085,33.52322],[9.47226,33.48705],[9.48749,33.50323],[9.51509,33.51655],[9.54365,33.52607],[9.58553,33.54225],[9.61503,33.54796],[9.6236,33.55177],[9.64929,33.55558],[9.70545,33.55843],[9.7578,33.56034],[9.80063,33.56034],[9.82347,33.55463],[9.84917,33.55463],[9.88058,33.56129],[9.91199,33.567],[9.96434,33.56795],[10.00241,33.58699],[10.02906,33.60793],[10.08616,33.62791],[10.12233,33.62982],[10.15945,33.63648],[10.2099,33.64124],[10.25844,33.65837],[10.27582,33.66111],[10.30127,33.62696],[10.33077,33.5965],[10.35171,33.55558],[10.36884,33.52988],[10.39454,33.49371],[10.425,33.45659],[10.44023,33.42233],[10.46022,33.39663],[10.48115,33.36427],[10.50114,33.34047],[10.52113,33.31858],[10.54588,33.29764],[10.54968,33.27195],[10.54683,33.2491],[10.55349,33.21579],[10.54968,33.19295],[10.55254,33.15868],[10.55063,33.11205],[10.54112,33.08825],[10.5335,33.05208],[10.53255,33.03019],[10.5316,33.00545],[10.52018,32.98736],[10.50495,32.96642],[10.48211,32.95405],[10.46878,32.93787],[10.45355,32.92264],[10.44879,32.9017],[10.46117,32.88838],[10.47259,32.87981],[10.48782,32.85792],[10.49448,32.84079],[10.49733,32.81128],[10.49638,32.78082],[10.49829,32.74275],[10.50685,32.69802],[10.5059,32.66756],[10.50495,32.63615],[10.49638,32.60855],[10.49733,32.57619],[10.48972,32.55049],[10.46783,32.52004],[10.44594,32.47816],[10.43832,32.45436],[10.42881,32.42962],[10.41834,32.3925],[10.41167,32.36109],[10.38788,32.3154],[10.38217,32.30588],[10.42214,32.2859],[10.45831,32.28019],[10.50114,32.27448],[10.52874,32.26972],[10.54302,32.2621],[10.56301,32.23355],[10.56967,32.21261],[10.59442,32.18977],[10.62392,32.16216],[10.64581,32.14694],[10.65057,32.10791],[10.6639,32.06889],[10.68103,32.03843],[10.68616,32.02817]],[[10.89677,31.89458],[10.91802,31.90613],[10.94943,31.91089],[10.97703,31.89757],[10.99456,31.87837],[11.00559,31.85093],[11.01365,31.83193]],[[11.225,31.78062],[11.25496,31.79287],[11.29112,31.80144],[11.34347,31.80525],[11.37583,31.80525],[11.43865,31.79097],[11.47862,31.79192],[11.52336,31.79573],[11.57095,31.79287],[11.64709,31.77288],[11.70039,31.75575],[11.7613,31.74052],[11.80223,31.74528],[11.82412,31.75766],[11.85172,31.80715],[11.87457,31.84237],[11.93167,31.87758],[11.97355,31.90042],[12.00591,31.90423],[12.03447,31.91089],[12.0811,31.91756],[12.15154,31.91565],[12.21245,31.92232],[12.247,31.93007],[12.26895,31.93587],[12.29744,31.94339],[12.36882,31.95767],[12.44973,31.98051],[12.4897,31.99289],[12.53729,32.0024],[12.58107,32.01192],[12.61886,32.01668],[12.67692,32.01573],[12.71213,31.9986],[12.74735,31.97671],[12.77876,31.96814],[12.82825,31.96814],[12.84538,31.98337],[12.87965,32.01097],[12.90249,32.04143],[12.92819,32.06141],[12.99196,32.08902],[13.05011,32.11299],[13.08428,32.12518],[13.149,32.15279],[13.1766,32.1585],[13.20421,32.15088],[13.23942,32.15088],[13.29272,32.17944],[13.35459,32.2156],[13.38647,32.2394],[13.4274,32.2651],[13.4569,32.28508],[13.50735,32.3222],[13.55779,32.35932],[13.60062,32.38883],[13.63584,32.41643],[13.69675,32.4564],[13.74038,32.45022],[13.81842,32.44546],[13.93169,32.44356],[13.97071,32.4683],[14.01449,32.49495],[14.0478,32.51494],[14.08968,32.55016],[14.11253,32.56253],[14.17534,32.5749],[14.23245,32.58823],[14.261,32.60821],[14.2808,32.62439],[14.29603,32.64058]]]}},{"type":"Feature","properties":{"roadId":"awmc-road-2702-1087","major":true,"known":false,"timeperiod":"RL","provenance":{"dataset":"AWMC geodata","version":"commit:7ecf8bccea2efe1e1e9df2daf6001942de73fb87;path:Cultural-Data/roads/roads.geojson","upstreamFeatureIds":["awmc:roads-objectid-2702","awmc:roads-feature-1087"],"changes":[{"kind":"filter","detail":"An AWMC major road of the Roman period (Barrington \"R\", 30 BC – AD 300) in 10–40°E, 28–45°N (ADR-0037 item 5).","sources":["awmc:roads-major-filter","awmc:roads-roman-period-filter"]},{"kind":"date-exclusions","detail":"Left out as later than AD 100, by AWMC OBJECTID: 1320, 1363, 1403 and 1407 (in Dacia, conquered 101–106), 1203 (the Via Traiana Nova, Trajanic), 2169 (the Via Herculia, late third century) and 2698 (to Gheriat el-Garbia, a fort of 201); the evidence is in docs/verification/M4-ancient-geometry.md, \"Roads\". Roads with no Barrington period, such as the Via Nova Traiana and the Strata Diocletiana, are left out by the period rule.","sources":["bib:livius-trajan","bib:cassius-dio-roman-history","pleiades:469059303","pleiades:344374"]}]}},"geometry":{"type":"MultiLineString","coordinates":[[[13.18212,32.90392],[13.20715,32.8906],[13.24207,32.87865],[13.28139,32.8668],[13.32137,32.84491],[13.35182,32.82017],[13.38727,32.80428],[13.40345,32.7881],[13.43866,32.75669],[13.47293,32.71006],[13.49196,32.67579],[13.51385,32.6282],[13.54241,32.58442],[13.56525,32.55682],[13.58333,32.52446],[13.60332,32.47877],[13.63283,32.45878],[13.69675,32.4564],[13.74038,32.45022],[13.81842,32.44546],[13.93169,32.44356],[13.97071,32.4683],[14.01449,32.49495],[14.0478,32.51494],[14.08968,32.55016],[14.11253,32.56253],[14.17534,32.5749],[14.23245,32.58823],[14.261,32.60821],[14.2808,32.62439],[14.29603,32.64058]]]}},{"type":"Feature","properties":{"roadId":"awmc-road-2704-1088","major":true,"known":true,"timeperiod":"RL","provenance":{"dataset":"AWMC geodata","version":"commit:7ecf8bccea2efe1e1e9df2daf6001942de73fb87;path:Cultural-Data/roads/roads.geojson","upstreamFeatureIds":["awmc:roads-objectid-2704","awmc:roads-feature-1088"],"changes":[{"kind":"filter","detail":"An AWMC major road of the Roman period (Barrington \"R\", 30 BC – AD 300) in 10–40°E, 28–45°N (ADR-0037 item 5).","sources":["awmc:roads-major-filter","awmc:roads-roman-period-filter"]},{"kind":"date-exclusions","detail":"Left out as later than AD 100, by AWMC OBJECTID: 1320, 1363, 1403 and 1407 (in Dacia, conquered 101–106), 1203 (the Via Traiana Nova, Trajanic), 2169 (the Via Herculia, late third century) and 2698 (to Gheriat el-Garbia, a fort of 201); the evidence is in docs/verification/M4-ancient-geometry.md, \"Roads\". Roads with no Barrington period, such as the Via Nova Traiana and the Strata Diocletiana, are left out by the period rule.","sources":["bib:livius-trajan","bib:cassius-dio-roman-history","pleiades:469059303","pleiades:344374"]}]}},"geometry":{"type":"MultiLineString","coordinates":[[[12.26895,31.93587],[12.26895,31.93587],[12.28486,31.9112],[12.31532,31.86932],[12.33816,31.8322],[12.38956,31.76462],[12.42001,31.73893],[12.4657,31.72179],[12.53518,31.69514],[12.59705,31.67896],[12.65796,31.6723],[12.68842,31.6704],[12.69698,31.65993],[12.69984,31.62186],[12.71412,31.60377],[12.73791,31.5914],[12.7855,31.56951],[12.81501,31.5381],[12.83975,31.51145],[12.85688,31.48099],[12.86831,31.44578],[12.89876,31.43626],[12.9473,31.44387],[12.97586,31.4572],[12.99299,31.46481],[13.01013,31.46387]]]}},{"type":"Feature","properties":{"roadId":"awmc-road-2710-2778","major":true,"known":true,"timeperiod":"HRL","provenance":{"dataset":"AWMC geodata","version":"commit:7ecf8bccea2efe1e1e9df2daf6001942de73fb87;path:Cultural-Data/roads/roads.geojson","upstreamFeatureIds":["awmc:roads-objectid-2710","awmc:roads-feature-2778"],"changes":[{"kind":"filter","detail":"An AWMC major road of the Roman period (Barrington \"R\", 30 BC – AD 300) in 10–40°E, 28–45°N (ADR-0037 item 5).","sources":["awmc:roads-major-filter","awmc:roads-roman-period-filter"]},{"kind":"date-exclusions","detail":"Left out as later than AD 100, by AWMC OBJECTID: 1320, 1363, 1403 and 1407 (in Dacia, conquered 101–106), 1203 (the Via Traiana Nova, Trajanic), 2169 (the Via Herculia, late third century) and 2698 (to Gheriat el-Garbia, a fort of 201); the evidence is in docs/verification/M4-ancient-geometry.md, \"Roads\". Roads with no Barrington period, such as the Via Nova Traiana and the Strata Diocletiana, are left out by the period rule.","sources":["bib:livius-trajan","bib:cassius-dio-roman-history","pleiades:469059303","pleiades:344374"]}]}},"geometry":{"type":"MultiLineString","coordinates":[[[14.29603,32.64058],[14.30833,32.63618],[14.32974,32.61905],[14.37099,32.58183],[14.39042,32.56194],[14.42682,32.52768],[14.45395,32.51126],[14.47037,32.50626],[14.49928,32.48984],[14.52355,32.48199],[14.55281,32.46986],[14.57209,32.46415]]]}},{"type":"Feature","properties":{"roadId":"awmc-road-2711-1092","major":true,"known":false,"timeperiod":"HRL","provenance":{"dataset":"AWMC geodata","version":"commit:7ecf8bccea2efe1e1e9df2daf6001942de73fb87;path:Cultural-Data/roads/roads.geojson","upstreamFeatureIds":["awmc:roads-objectid-2711","awmc:roads-feature-1092"],"changes":[{"kind":"filter","detail":"An AWMC major road of the Roman period (Barrington \"R\", 30 BC – AD 300) in 10–40°E, 28–45°N (ADR-0037 item 5).","sources":["awmc:roads-major-filter","awmc:roads-roman-period-filter"]},{"kind":"date-exclusions","detail":"Left out as later than AD 100, by AWMC OBJECTID: 1320, 1363, 1403 and 1407 (in Dacia, conquered 101–106), 1203 (the Via Traiana Nova, Trajanic), 2169 (the Via Herculia, late third century) and 2698 (to Gheriat el-Garbia, a fort of 201); the evidence is in docs/verification/M4-ancient-geometry.md, \"Roads\". Roads with no Barrington period, such as the Via Nova Traiana and the Strata Diocletiana, are left out by the period rule.","sources":["bib:livius-trajan","bib:cassius-dio-roman-history","pleiades:469059303","pleiades:344374"]}]}},"geometry":{"type":"MultiLineString","coordinates":[[[14.57209,32.46415],[14.61677,32.45487],[14.66032,32.44344],[14.68887,32.43702],[14.72813,32.43559],[14.7524,32.43773],[14.79309,32.42703],[14.86019,32.41775],[14.96156,32.40775],[15.02366,32.39562],[15.05079,32.3949],[15.08577,32.38562],[15.1543,32.3742],[15.21569,32.37563],[15.22211,32.36778],[15.19998,32.34494],[15.17214,32.31852],[15.13288,32.27355],[15.10218,32.25142],[15.06007,32.21288],[15.02366,32.18289],[14.99511,32.16148],[14.96941,32.15148],[14.96798,32.14506],[14.98297,32.12579],[15.01081,32.08867],[15.04651,32.0437],[15.05507,32.01942],[15.05222,31.99159],[15.04722,31.9616],[15.04222,31.94804],[15.04222,31.93448],[15.04079,31.90878],[15.05222,31.88308],[15.05793,31.86024],[15.06649,31.83169],[15.07577,31.80385],[15.08006,31.76744],[15.08791,31.73246],[15.09976,31.68963],[15.11189,31.6568],[15.11475,31.63181],[15.1176,31.60254],[15.12189,31.58113],[15.12688,31.55115],[15.1433,31.52759],[15.16043,31.50189],[15.17614,31.4819],[15.19755,31.46192],[15.20898,31.44479],[15.22325,31.4198],[15.24395,31.3991],[15.26751,31.39553],[15.29606,31.39553],[15.33033,31.39553],[15.36531,31.40124],[15.41742,31.40195],[15.46096,31.39482],[15.50736,31.38625],[15.55233,31.36983],[15.59659,31.35556],[15.62329,31.3447],[15.64684,31.33899],[15.72394,31.31401],[15.77962,31.29045],[15.82031,31.27975],[15.88098,31.28403],[15.93166,31.29117],[15.96236,31.28903]]]}},{"type":"Feature","properties":{"roadId":"awmc-road-2713-1094","major":true,"known":false,"timeperiod":"HRL","provenance":{"dataset":"AWMC geodata","version":"commit:7ecf8bccea2efe1e1e9df2daf6001942de73fb87;path:Cultural-Data/roads/roads.geojson","upstreamFeatureIds":["awmc:roads-objectid-2713","awmc:roads-feature-1094"],"changes":[{"kind":"filter","detail":"An AWMC major road of the Roman period (Barrington \"R\", 30 BC – AD 300) in 10–40°E, 28–45°N (ADR-0037 item 5).","sources":["awmc:roads-major-filter","awmc:roads-roman-period-filter"]},{"kind":"date-exclusions","detail":"Left out as later than AD 100, by AWMC OBJECTID: 1320, 1363, 1403 and 1407 (in Dacia, conquered 101–106), 1203 (the Via Traiana Nova, Trajanic), 2169 (the Via Herculia, late third century) and 2698 (to Gheriat el-Garbia, a fort of 201); the evidence is in docs/verification/M4-ancient-geometry.md, \"Roads\". Roads with no Barrington period, such as the Via Nova Traiana and the Strata Diocletiana, are left out by the period rule.","sources":["bib:livius-trajan","bib:cassius-dio-roman-history","pleiades:469059303","pleiades:344374"]}]}},"geometry":{"type":"MultiLineString","coordinates":[[[14.7524,32.43773],[14.75961,32.41189],[14.78674,32.37906],[14.80459,32.34551],[14.81815,32.31338],[14.83028,32.28055],[14.83243,32.25342]]]}},{"type":"Feature","properties":{"roadId":"awmc-road-2714-1095","major":true,"known":false,"timeperiod":"HRL","provenance":{"dataset":"AWMC geodata","version":"commit:7ecf8bccea2efe1e1e9df2daf6001942de73fb87;path:Cultural-Data/roads/roads.geojson","upstreamFeatureIds":["awmc:roads-objectid-2714","awmc:roads-feature-1095"],"changes":[{"kind":"filter","detail":"An AWMC major road of the Roman period (Barrington \"R\", 30 BC – AD 300) in 10–40°E, 28–45°N (ADR-0037 item 5).","sources":["awmc:roads-major-filter","awmc:roads-roman-period-filter"]},{"kind":"date-exclusions","detail":"Left out as later than AD 100, by AWMC OBJECTID: 1320, 1363, 1403 and 1407 (in Dacia, conquered 101–106), 1203 (the Via Traiana Nova, Trajanic), 2169 (the Via Herculia, late third century) and 2698 (to Gheriat el-Garbia, a fort of 201); the evidence is in docs/verification/M4-ancient-geometry.md, \"Roads\". Roads with no Barrington period, such as the Via Nova Traiana and the Strata Diocletiana, are left out by the period rule.","sources":["bib:livius-trajan","bib:cassius-dio-roman-history","pleiades:469059303","pleiades:344374"]}]}},"geometry":{"type":"MultiLineString","coordinates":[[[14.57209,32.46415],[14.58758,32.44687],[14.61827,32.42117],[14.64469,32.39333],[14.68466,32.37263],[14.72678,32.34265],[14.75747,32.32837],[14.78103,32.30196],[14.81886,32.26556],[14.83243,32.25342],[14.85313,32.23486],[14.88596,32.20417],[14.91594,32.18703],[14.94593,32.16919],[14.96941,32.15148],[14.96092,32.13564],[14.97162,32.1028],[14.98305,32.0614],[14.99375,32.015],[15.00803,31.9893],[15.02159,31.96503],[15.03373,31.94076],[15.04222,31.93448],[15.06371,31.91006],[15.09583,31.87009],[15.11368,31.84939],[15.13509,31.82012],[15.15294,31.79728],[15.17507,31.75231],[15.19077,31.71447],[15.19289,31.68854],[15.1992,31.66688],[15.20633,31.6306],[15.2224,31.59134],[15.24203,31.54613],[15.25154,31.51341],[15.26463,31.49913],[15.30389,31.48307],[15.37171,31.46701],[15.43238,31.44619],[15.48711,31.43191],[15.55255,31.4105],[15.60311,31.398],[15.66944,31.39384],[15.71941,31.39384]]]}},{"type":"Feature","properties":{"roadId":"awmc-road-2715-1096","major":true,"known":false,"timeperiod":"HRL","provenance":{"dataset":"AWMC geodata","version":"commit:7ecf8bccea2efe1e1e9df2daf6001942de73fb87;path:Cultural-Data/roads/roads.geojson","upstreamFeatureIds":["awmc:roads-objectid-2715","awmc:roads-feature-1096"],"changes":[{"kind":"filter","detail":"An AWMC major road of the Roman period (Barrington \"R\", 30 BC – AD 300) in 10–40°E, 28–45°N (ADR-0037 item 5).","sources":["awmc:roads-major-filter","awmc:roads-roman-period-filter"]},{"kind":"date-exclusions","detail":"Left out as later than AD 100, by AWMC OBJECTID: 1320, 1363, 1403 and 1407 (in Dacia, conquered 101–106), 1203 (the Via Traiana Nova, Trajanic), 2169 (the Via Herculia, late third century) and 2698 (to Gheriat el-Garbia, a fort of 201); the evidence is in docs/verification/M4-ancient-geometry.md, \"Roads\". Roads with no Barrington period, such as the Via Nova Traiana and the Strata Diocletiana, are left out by the period rule.","sources":["bib:livius-trajan","bib:cassius-dio-roman-history","pleiades:469059303","pleiades:344374"]}]}},"geometry":{"type":"MultiLineString","coordinates":[[[15.19077,31.71447],[15.21228,31.6887],[15.23608,31.653],[15.26285,31.60541],[15.28902,31.58221],[15.314,31.56615],[15.33423,31.55723],[15.39491,31.55128],[15.46986,31.5495],[15.51447,31.54831],[15.53529,31.54057],[15.5573,31.5263],[15.57158,31.50786],[15.58467,31.49655],[15.61001,31.47811],[15.65165,31.44599],[15.67901,31.42695],[15.70638,31.40613],[15.71941,31.39384],[15.74742,31.38115],[15.78609,31.3633],[15.82035,31.35022],[15.89293,31.31869],[15.93576,31.30501],[15.96236,31.28903]]]}},{"type":"Feature","properties":{"roadId":"awmc-road-2735-1606","major":true,"known":false,"timeperiod":"HRL","provenance":{"dataset":"AWMC geodata","version":"commit:7ecf8bccea2efe1e1e9df2daf6001942de73fb87;path:Cultural-Data/roads/roads.geojson","upstreamFeatureIds":["awmc:roads-objectid-2735","awmc:roads-feature-1606"],"changes":[{"kind":"filter","detail":"An AWMC major road of the Roman period (Barrington \"R\", 30 BC – AD 300) in 10–40°E, 28–45°N (ADR-0037 item 5).","sources":["awmc:roads-major-filter","awmc:roads-roman-period-filter"]},{"kind":"date-exclusions","detail":"Left out as later than AD 100, by AWMC OBJECTID: 1320, 1363, 1403 and 1407 (in Dacia, conquered 101–106), 1203 (the Via Traiana Nova, Trajanic), 2169 (the Via Herculia, late third century) and 2698 (to Gheriat el-Garbia, a fort of 201); the evidence is in docs/verification/M4-ancient-geometry.md, \"Roads\". Roads with no Barrington period, such as the Via Nova Traiana and the Strata Diocletiana, are left out by the period rule.","sources":["bib:livius-trajan","bib:cassius-dio-roman-history","pleiades:469059303","pleiades:344374"]}]}},"geometry":{"type":"MultiLineString","coordinates":[[[15.96236,31.28903],[15.99607,31.27357],[16.03784,31.26667],[16.07139,31.26524],[16.12064,31.25025],[16.16561,31.23598],[16.21665,31.2286],[16.25662,31.22503],[16.28489,31.20861],[16.34485,31.18648],[16.39696,31.18363],[16.44408,31.19077],[16.49476,31.19933],[16.55401,31.20148],[16.58477,31.21031],[16.61111,31.20647],[16.67607,31.20433],[16.73033,31.20076],[16.7703,31.19362],[16.80456,31.19148],[16.83883,31.18577],[16.86767,31.17863],[16.94476,31.16507],[16.98688,31.1565],[17.01615,31.13937],[17.04113,31.12866],[17.08467,31.11796],[17.11323,31.11938],[17.13464,31.11938],[17.1839,31.10297],[17.24315,31.08369],[17.2767,31.08369],[17.30311,31.08084],[17.33951,31.0737],[17.40761,31.05086],[17.43117,31.03515],[17.49613,31.00945],[17.53325,31.0016],[17.57251,30.98804],[17.6182,30.96948],[17.65532,30.95806],[17.68958,30.94521],[17.71457,30.93379],[17.75882,30.9138],[17.7888,30.89381],[17.81165,30.88025],[17.82764,30.87097],[17.8719,30.85598],[17.94042,30.83171],[17.99396,30.82029],[18.08248,30.80101],[18.10532,30.79816],[18.13223,30.78531],[18.1772,30.7489],[18.22503,30.71821],[18.29142,30.66395],[18.3628,30.60542],[18.41848,30.56687],[18.44061,30.54046],[18.46488,30.52833],[18.48558,30.51762],[18.51342,30.49906],[18.53341,30.47407],[18.56732,30.44124],[18.60943,30.41197],[18.64941,30.39127],[18.69367,30.37913],[18.7572,30.36771],[18.78432,30.36771],[18.81145,30.32916],[18.84785,30.30704],[18.89211,30.29062],[18.9378,30.27991],[18.9635,30.26278],[19.00012,30.25278],[19.0508,30.25136],[19.0872,30.25421],[19.11972,30.25924],[19.15645,30.25421],[19.18928,30.25849],[19.26459,30.27206],[19.31171,30.28062],[19.34526,30.29062],[19.37381,30.30561],[19.41521,30.31774],[19.43877,30.31917],[19.45804,30.32488],[19.47875,30.33773],[19.50016,30.35201],[19.53657,30.36272],[19.57369,30.37628],[19.61794,30.40198],[19.64935,30.43481],[19.66648,30.44124],[19.69361,30.44409],[19.73144,30.46265],[19.76071,30.48978],[19.80283,30.52761],[19.81853,30.55474],[19.84958,30.58115],[19.88099,30.61256],[19.9224,30.63826],[19.96737,30.6768],[19.99092,30.69965],[20.00591,30.72677],[20.02876,30.74533],[20.06088,30.7746],[20.08801,30.80958],[20.1137,30.84456],[20.14083,30.88524],[20.16082,30.93379],[20.18906,30.98599]]]}},{"type":"Feature","properties":{"roadId":"awmc-road-2743-2802","major":false,"known":false,"timeperiod":"RL","provenance":{"dataset":"AWMC geodata","version":"commit:7ecf8bccea2efe1e1e9df2daf6001942de73fb87;path:Cultural-Data/roads/roads.geojson","upstreamFeatureIds":["awmc:roads-objectid-2743","awmc:roads-feature-2802"],"changes":[{"kind":"filter","detail":"An AWMC minor road of the Roman period (Barrington \"R\", 30 BC – AD 300) that passes within 50 km of one of our places (ADR-0037's update of 2026-10-08, item 1).","sources":["awmc:roads-minor-near-places-filter","awmc:roads-roman-period-filter"]},{"kind":"date-exclusions","detail":"Left out as later than AD 100, by AWMC OBJECTID: 1320, 1363, 1403 and 1407 (in Dacia, conquered 101–106), 1203 (the Via Traiana Nova, Trajanic), 2169 (the Via Herculia, late third century) and 2698 (to Gheriat el-Garbia, a fort of 201); the evidence is in docs/verification/M4-ancient-geometry.md, \"Roads\". Roads with no Barrington period, such as the Via Nova Traiana and the Strata Diocletiana, are left out by the period rule.","sources":["bib:livius-trajan","bib:cassius-dio-roman-history","pleiades:469059303","pleiades:344374"]}]}},"geometry":{"type":"MultiLineString","coordinates":[[[20.87138,32.49195],[20.86852,32.46483],[20.87209,32.44841],[20.89065,32.42914],[20.90493,32.40843],[20.91064,32.38416],[20.9085,32.35632],[20.89707,32.32991],[20.88708,32.31064],[20.88708,32.30357],[20.88708,32.29136],[20.8985,32.26638],[20.90421,32.24782],[20.91135,32.22855],[20.92634,32.20428],[20.9399,32.17858],[20.9399,32.15859],[20.94776,32.13218],[20.96489,32.08649],[20.98773,32.04937],[20.98702,32.01225],[20.98987,31.98013],[20.98702,31.94801],[20.98845,31.91731],[20.9913,31.89162],[20.99701,31.86163],[20.99844,31.84379],[21.00558,31.82023],[21.00915,31.79953],[21.01057,31.7567],[21.01129,31.7053],[21.01272,31.6896],[21.01414,31.65177],[21.01771,31.62535],[21.02342,31.60965],[21.02485,31.58609]]]}},{"type":"Feature","properties":{"roadId":"awmc-road-2747-1617","major":false,"known":false,"timeperiod":"RL","provenance":{"dataset":"AWMC geodata","version":"commit:7ecf8bccea2efe1e1e9df2daf6001942de73fb87;path:Cultural-Data/roads/roads.geojson","upstreamFeatureIds":["awmc:roads-objectid-2747","awmc:roads-feature-1617"],"changes":[{"kind":"filter","detail":"An AWMC minor road of the Roman period (Barrington \"R\", 30 BC – AD 300) that passes within 50 km of one of our places (ADR-0037's update of 2026-10-08, item 1).","sources":["awmc:roads-minor-near-places-filter","awmc:roads-roman-period-filter"]},{"kind":"date-exclusions","detail":"Left out as later than AD 100, by AWMC OBJECTID: 1320, 1363, 1403 and 1407 (in Dacia, conquered 101–106), 1203 (the Via Traiana Nova, Trajanic), 2169 (the Via Herculia, late third century) and 2698 (to Gheriat el-Garbia, a fort of 201); the evidence is in docs/verification/M4-ancient-geometry.md, \"Roads\". Roads with no Barrington period, such as the Via Nova Traiana and the Strata Diocletiana, are left out by the period rule.","sources":["bib:livius-trajan","bib:cassius-dio-roman-history","pleiades:469059303","pleiades:344374"]}]}},"geometry":{"type":"MultiLineString","coordinates":[[[20.17185,31.57057],[20.20565,31.59686],[20.24086,31.65016],[20.2856,31.70346],[20.30558,31.72916],[20.34841,31.84052],[20.36555,31.92522],[20.3941,31.97757],[20.41314,32.0204],[20.42646,32.04896],[20.45501,32.04229],[20.47786,32.03468],[20.49118,32.03563],[20.52354,32.06514],[20.54924,32.10321],[20.56923,32.14223],[20.59302,32.19648],[20.60444,32.22789],[20.61866,32.25669]]]}},{"type":"Feature","properties":{"roadId":"awmc-road-2747-2805","major":false,"known":false,"timeperiod":"RL","provenance":{"dataset":"AWMC geodata","version":"commit:7ecf8bccea2efe1e1e9df2daf6001942de73fb87;path:Cultural-Data/roads/roads.geojson","upstreamFeatureIds":["awmc:roads-objectid-2747","awmc:roads-feature-2805"],"changes":[{"kind":"filter","detail":"An AWMC minor road of the Roman period (Barrington \"R\", 30 BC – AD 300) that passes within 50 km of one of our places (ADR-0037's update of 2026-10-08, item 1).","sources":["awmc:roads-minor-near-places-filter","awmc:roads-roman-period-filter"]},{"kind":"date-exclusions","detail":"Left out as later than AD 100, by AWMC OBJECTID: 1320, 1363, 1403 and 1407 (in Dacia, conquered 101–106), 1203 (the Via Traiana Nova, Trajanic), 2169 (the Via Herculia, late third century) and 2698 (to Gheriat el-Garbia, a fort of 201); the evidence is in docs/verification/M4-ancient-geometry.md, \"Roads\". Roads with no Barrington period, such as the Via Nova Traiana and the Strata Diocletiana, are left out by the period rule.","sources":["bib:livius-trajan","bib:cassius-dio-roman-history","pleiades:469059303","pleiades:344374"]}]}},"geometry":{"type":"MultiLineString","coordinates":[[[20.61866,32.25669],[20.62634,32.2612],[20.6534,32.26621],[20.69243,32.26954],[20.74144,32.27906],[20.79284,32.2881],[20.83858,32.29547],[20.87665,32.30213],[20.88708,32.30357]]]}},{"type":"Feature","properties":{"roadId":"awmc-road-2748-1618","major":false,"known":false,"timeperiod":"ACHRL","provenance":{"dataset":"AWMC geodata","version":"commit:7ecf8bccea2efe1e1e9df2daf6001942de73fb87;path:Cultural-Data/roads/roads.geojson","upstreamFeatureIds":["awmc:roads-objectid-2748","awmc:roads-feature-1618"],"changes":[{"kind":"filter","detail":"An AWMC minor road of the Roman period (Barrington \"R\", 30 BC – AD 300) that passes within 50 km of one of our places (ADR-0037's update of 2026-10-08, item 1).","sources":["awmc:roads-minor-near-places-filter","awmc:roads-roman-period-filter"]},{"kind":"date-exclusions","detail":"Left out as later than AD 100, by AWMC OBJECTID: 1320, 1363, 1403 and 1407 (in Dacia, conquered 101–106), 1203 (the Via Traiana Nova, Trajanic), 2169 (the Via Herculia, late third century) and 2698 (to Gheriat el-Garbia, a fort of 201); the evidence is in docs/verification/M4-ancient-geometry.md, \"Roads\". Roads with no Barrington period, such as the Via Nova Traiana and the Strata Diocletiana, are left out by the period rule.","sources":["bib:livius-trajan","bib:cassius-dio-roman-history","pleiades:469059303","pleiades:344374"]}]}},"geometry":{"type":"MultiLineString","coordinates":[[[20.08667,32.12891],[20.10755,32.11583],[20.13111,32.10655],[20.17822,32.10369],[20.21035,32.10512],[20.23676,32.10203],[20.26436,32.09679],[20.316,32.09655],[20.33955,32.1025],[20.36077,32.1111],[20.37792,32.10987],[20.39981,32.10987],[20.42551,32.11939],[20.46852,32.13391],[20.50356,32.15175],[20.53782,32.17364],[20.56447,32.18982],[20.57916,32.20387],[20.58678,32.22481],[20.60962,32.25241],[20.61866,32.25669],[20.63389,32.27382],[20.65769,32.29001],[20.68243,32.31332],[20.71003,32.33141],[20.73526,32.34806],[20.76119,32.37709],[20.79004,32.40112],[20.8224,32.43253],[20.84352,32.46133],[20.87138,32.49195],[20.89188,32.52324],[20.91092,32.55061],[20.92758,32.56607],[20.95018,32.59938],[20.9597,32.64103],[20.95768,32.66363],[20.94935,32.6898],[20.9503,32.70884]]]}},{"type":"Feature","properties":{"roadId":"awmc-road-2749-1619","major":true,"known":false,"timeperiod":"RL","provenance":{"dataset":"AWMC geodata","version":"commit:7ecf8bccea2efe1e1e9df2daf6001942de73fb87;path:Cultural-Data/roads/roads.geojson","upstreamFeatureIds":["awmc:roads-objectid-2749","awmc:roads-feature-1619"],"changes":[{"kind":"filter","detail":"An AWMC major road of the Roman period (Barrington \"R\", 30 BC – AD 300) in 10–40°E, 28–45°N (ADR-0037 item 5).","sources":["awmc:roads-major-filter","awmc:roads-roman-period-filter"]},{"kind":"date-exclusions","detail":"Left out as later than AD 100, by AWMC OBJECTID: 1320, 1363, 1403 and 1407 (in Dacia, conquered 101–106), 1203 (the Via Traiana Nova, Trajanic), 2169 (the Via Herculia, late third century) and 2698 (to Gheriat el-Garbia, a fort of 201); the evidence is in docs/verification/M4-ancient-geometry.md, \"Roads\". Roads with no Barrington period, such as the Via Nova Traiana and the Strata Diocletiana, are left out by the period rule.","sources":["bib:livius-trajan","bib:cassius-dio-roman-history","pleiades:469059303","pleiades:344374"]}]}},"geometry":{"type":"MultiLineString","coordinates":[[[20.21869,30.75759],[20.22632,30.79938],[20.21975,30.84679],[20.21205,30.87076],[20.20134,30.90003],[20.19691,30.92531],[20.19406,30.95244],[20.19263,30.97385],[20.18906,30.98599],[20.19423,31.00199],[20.21136,31.05934],[20.21898,31.10217],[20.22659,31.15142],[20.21707,31.21995],[20.20756,31.25326],[20.19613,31.28562],[20.18406,31.31507],[20.17043,31.38366],[20.16377,31.44077],[20.16186,31.5112],[20.17185,31.57057],[20.17233,31.59781],[20.16186,31.63969],[20.15424,31.66481],[20.1477,31.72251],[20.14532,31.75107],[20.13937,31.77902],[20.11903,31.84527],[20.09619,31.91761],[20.08477,31.95854],[20.07811,31.99661],[20.07691,32.0717],[20.08774,32.09732],[20.08667,32.12891]]]}},{"type":"Feature","properties":{"roadId":"awmc-road-2750-1620","major":true,"known":true,"timeperiod":"ACHRL","provenance":{"dataset":"AWMC geodata","version":"commit:7ecf8bccea2efe1e1e9df2daf6001942de73fb87;path:Cultural-Data/roads/roads.geojson","upstreamFeatureIds":["awmc:roads-objectid-2750","awmc:roads-feature-1620"],"changes":[{"kind":"filter","detail":"An AWMC major road of the Roman period (Barrington \"R\", 30 BC – AD 300) in 10–40°E, 28–45°N (ADR-0037 item 5).","sources":["awmc:roads-major-filter","awmc:roads-roman-period-filter"]},{"kind":"date-exclusions","detail":"Left out as later than AD 100, by AWMC OBJECTID: 1320, 1363, 1403 and 1407 (in Dacia, conquered 101–106), 1203 (the Via Traiana Nova, Trajanic), 2169 (the Via Herculia, late third century) and 2698 (to Gheriat el-Garbia, a fort of 201); the evidence is in docs/verification/M4-ancient-geometry.md, \"Roads\". Roads with no Barrington period, such as the Via Nova Traiana and the Strata Diocletiana, are left out by the period rule.","sources":["bib:livius-trajan","bib:cassius-dio-roman-history","pleiades:469059303","pleiades:344374"]}]}},"geometry":{"type":"MultiLineString","coordinates":[[[20.08667,32.12891],[20.07929,32.12821],[20.07572,32.12999],[20.07691,32.13654],[20.09356,32.14427],[20.12331,32.1645],[20.13401,32.17342],[20.15127,32.20197],[20.16792,32.22339],[20.19125,32.24485],[20.25669,32.30195],[20.30665,32.35668],[20.3364,32.36382],[20.359,32.38047],[20.42206,32.41379],[20.48155,32.45424],[20.52676,32.49231],[20.54103,32.51729],[20.54936,32.53276],[20.61361,32.56012],[20.68208,32.5893],[20.73496,32.6089],[20.78731,32.62794],[20.83371,32.64935],[20.87297,32.65649],[20.90271,32.6791],[20.9503,32.70884]]]}},{"type":"Feature","properties":{"roadId":"awmc-road-2750-2803","major":true,"known":true,"timeperiod":"ACHRL","provenance":{"dataset":"AWMC geodata","version":"commit:7ecf8bccea2efe1e1e9df2daf6001942de73fb87;path:Cultural-Data/roads/roads.geojson","upstreamFeatureIds":["awmc:roads-objectid-2750","awmc:roads-feature-2803"],"changes":[{"kind":"filter","detail":"An AWMC major road of the Roman period (Barrington \"R\", 30 BC – AD 300) in 10–40°E, 28–45°N (ADR-0037 item 5).","sources":["awmc:roads-major-filter","awmc:roads-roman-period-filter"]},{"kind":"date-exclusions","detail":"Left out as later than AD 100, by AWMC OBJECTID: 1320, 1363, 1403 and 1407 (in Dacia, conquered 101–106), 1203 (the Via Traiana Nova, Trajanic), 2169 (the Via Herculia, late third century) and 2698 (to Gheriat el-Garbia, a fort of 201); the evidence is in docs/verification/M4-ancient-geometry.md, \"Roads\". Roads with no Barrington period, such as the Via Nova Traiana and the Strata Diocletiana, are left out by the period rule.","sources":["bib:livius-trajan","bib:cassius-dio-roman-history","pleiades:469059303","pleiades:344374"]}]}},"geometry":{"type":"MultiLineString","coordinates":[[[19.96737,30.6768],[19.99092,30.69965],[20.00591,30.72677],[20.02876,30.74533],[20.06088,30.7746],[20.08801,30.80958],[20.1137,30.84456],[20.14083,30.88524],[20.16082,30.93379],[20.18906,30.98599],[20.19423,31.00199],[20.21136,31.05934],[20.21898,31.10217],[20.22659,31.15142],[20.21707,31.21995],[20.20756,31.25326],[20.19613,31.28562],[20.18406,31.31507],[20.16979,31.3272],[20.15318,31.35374],[20.14723,31.3811],[20.12701,31.46081],[20.0925,31.53933],[20.06633,31.57265],[20.03897,31.64165],[20.02588,31.70828],[20.00803,31.79156],[19.9997,31.8677],[20.0085,31.94202],[20.02826,31.98429],[20.05086,32.03188],[20.07691,32.0717],[20.08774,32.09732],[20.08667,32.12891],[20.07929,32.12821]]]}},{"type":"Feature","properties":{"roadId":"awmc-road-2751-1621","major":true,"known":false,"timeperiod":"RL","provenance":{"dataset":"AWMC geodata","version":"commit:7ecf8bccea2efe1e1e9df2daf6001942de73fb87;path:Cultural-Data/roads/roads.geojson","upstreamFeatureIds":["awmc:roads-objectid-2751","awmc:roads-feature-1621"],"changes":[{"kind":"filter","detail":"An AWMC major road of the Roman period (Barrington \"R\", 30 BC – AD 300) in 10–40°E, 28–45°N (ADR-0037 item 5).","sources":["awmc:roads-major-filter","awmc:roads-roman-period-filter"]},{"kind":"date-exclusions","detail":"Left out as later than AD 100, by AWMC OBJECTID: 1320, 1363, 1403 and 1407 (in Dacia, conquered 101–106), 1203 (the Via Traiana Nova, Trajanic), 2169 (the Via Herculia, late third century) and 2698 (to Gheriat el-Garbia, a fort of 201); the evidence is in docs/verification/M4-ancient-geometry.md, \"Roads\". Roads with no Barrington period, such as the Via Nova Traiana and the Strata Diocletiana, are left out by the period rule.","sources":["bib:livius-trajan","bib:cassius-dio-roman-history","pleiades:469059303","pleiades:344374"]}]}},"geometry":{"type":"MultiLineString","coordinates":[[[20.95768,32.66363],[20.98028,32.65292],[21.01497,32.61033],[21.05012,32.57202],[21.11912,32.52205],[21.21192,32.50064],[21.33327,32.49945],[21.39871,32.50421],[21.4927,32.50659],[21.5617,32.5054],[21.6319,32.51848],[21.65452,32.52595],[21.67308,32.54095],[21.70592,32.56807],[21.74304,32.60448],[21.77945,32.62446],[21.79372,32.63374],[21.80586,32.63874],[21.83584,32.65873],[21.86082,32.67015],[21.9008,32.68443],[21.91365,32.69585],[21.91436,32.72083],[21.90837,32.74116],[21.9048,32.769],[21.89223,32.80007],[21.87796,32.81791],[21.86796,32.82719]]]}},{"type":"Feature","properties":{"roadId":"awmc-road-2752-2809","major":true,"known":true,"timeperiod":"ACHRL","provenance":{"dataset":"AWMC geodata","version":"commit:7ecf8bccea2efe1e1e9df2daf6001942de73fb87;path:Cultural-Data/roads/roads.geojson","upstreamFeatureIds":["awmc:roads-objectid-2752","awmc:roads-feature-2809"],"changes":[{"kind":"filter","detail":"An AWMC major road of the Roman period (Barrington \"R\", 30 BC – AD 300) in 10–40°E, 28–45°N (ADR-0037 item 5).","sources":["awmc:roads-major-filter","awmc:roads-roman-period-filter"]},{"kind":"date-exclusions","detail":"Left out as later than AD 100, by AWMC OBJECTID: 1320, 1363, 1403 and 1407 (in Dacia, conquered 101–106), 1203 (the Via Traiana Nova, Trajanic), 2169 (the Via Herculia, late third century) and 2698 (to Gheriat el-Garbia, a fort of 201); the evidence is in docs/verification/M4-ancient-geometry.md, \"Roads\". Roads with no Barrington period, such as the Via Nova Traiana and the Strata Diocletiana, are left out by the period rule.","sources":["bib:livius-trajan","bib:cassius-dio-roman-history","pleiades:469059303","pleiades:344374"]}]}},"geometry":{"type":"MultiLineString","coordinates":[[[21.86796,32.82719],[21.87296,32.83433],[21.88724,32.84361],[21.90936,32.85361],[21.92364,32.86574],[21.93221,32.87788],[21.94006,32.88502],[21.95719,32.89358],[21.97218,32.8943]]]}},{"type":"Feature","properties":{"roadId":"awmc-road-2754-1623","major":true,"known":false,"timeperiod":"RL","provenance":{"dataset":"AWMC geodata","version":"commit:7ecf8bccea2efe1e1e9df2daf6001942de73fb87;path:Cultural-Data/roads/roads.geojson","upstreamFeatureIds":["awmc:roads-objectid-2754","awmc:roads-feature-1623"],"changes":[{"kind":"filter","detail":"An AWMC major road of the Roman period (Barrington \"R\", 30 BC – AD 300) in 10–40°E, 28–45°N (ADR-0037 item 5).","sources":["awmc:roads-major-filter","awmc:roads-roman-period-filter"]},{"kind":"date-exclusions","detail":"Left out as later than AD 100, by AWMC OBJECTID: 1320, 1363, 1403 and 1407 (in Dacia, conquered 101–106), 1203 (the Via Traiana Nova, Trajanic), 2169 (the Via Herculia, late third century) and 2698 (to Gheriat el-Garbia, a fort of 201); the evidence is in docs/verification/M4-ancient-geometry.md, \"Roads\". Roads with no Barrington period, such as the Via Nova Traiana and the Strata Diocletiana, are left out by the period rule.","sources":["bib:livius-trajan","bib:cassius-dio-roman-history","pleiades:469059303","pleiades:344374"]}]}},"geometry":{"type":"MultiLineString","coordinates":[[[20.9503,32.70884],[20.94935,32.6898],[20.95768,32.66363],[20.98028,32.65292],[21.03784,32.64945],[21.11279,32.6523],[21.17989,32.66587],[21.21559,32.67515],[21.24057,32.71012],[21.26627,32.72868],[21.28626,32.74653],[21.32195,32.76224],[21.33016,32.76937],[21.35978,32.7708],[21.3919,32.77723],[21.42331,32.78936],[21.45829,32.79293],[21.48256,32.79793],[21.50255,32.8015],[21.52325,32.80078],[21.5518,32.78722],[21.57393,32.77651],[21.61662,32.75724],[21.63232,32.75438],[21.66231,32.75581],[21.69229,32.75867],[21.72048,32.7658],[21.75974,32.77437],[21.82827,32.78294],[21.8454,32.79793],[21.85254,32.80792],[21.85397,32.81934],[21.86796,32.82719]]]}},{"type":"Feature","properties":{"roadId":"awmc-road-2760-1629","major":true,"known":false,"timeperiod":"ACHRL","provenance":{"dataset":"AWMC geodata","version":"commit:7ecf8bccea2efe1e1e9df2daf6001942de73fb87;path:Cultural-Data/roads/roads.geojson","upstreamFeatureIds":["awmc:roads-objectid-2760","awmc:roads-feature-1629"],"changes":[{"kind":"filter","detail":"An AWMC major road of the Roman period (Barrington \"R\", 30 BC – AD 300) in 10–40°E, 28–45°N (ADR-0037 item 5).","sources":["awmc:roads-major-filter","awmc:roads-roman-period-filter"]},{"kind":"date-exclusions","detail":"Left out as later than AD 100, by AWMC OBJECTID: 1320, 1363, 1403 and 1407 (in Dacia, conquered 101–106), 1203 (the Via Traiana Nova, Trajanic), 2169 (the Via Herculia, late third century) and 2698 (to Gheriat el-Garbia, a fort of 201); the evidence is in docs/verification/M4-ancient-geometry.md, \"Roads\". Roads with no Barrington period, such as the Via Nova Traiana and the Strata Diocletiana, are left out by the period rule.","sources":["bib:livius-trajan","bib:cassius-dio-roman-history","pleiades:469059303","pleiades:344374"]}]}},"geometry":{"type":"MultiLineString","coordinates":[[[22.64373,32.77267],[22.64876,32.75724],[22.65376,32.73225],[22.66018,32.71369],[22.68017,32.69014],[22.70662,32.6728],[22.74798,32.6623],[22.78224,32.64731],[22.81223,32.63161],[22.84007,32.6209],[22.89147,32.61447],[22.93644,32.60162],[22.96499,32.58877],[22.98359,32.57572],[23.00211,32.55808],[23.01639,32.5388],[23.03209,32.51025],[23.04708,32.47956],[23.05212,32.44937],[23.05565,32.41602],[23.06493,32.39175],[23.06921,32.36677],[23.06942,32.33697]]]}},{"type":"Feature","properties":{"roadId":"awmc-road-2761-1630","major":true,"known":false,"timeperiod":"RL?","provenance":{"dataset":"AWMC geodata","version":"commit:7ecf8bccea2efe1e1e9df2daf6001942de73fb87;path:Cultural-Data/roads/roads.geojson","upstreamFeatureIds":["awmc:roads-objectid-2761","awmc:roads-feature-1630"],"changes":[{"kind":"filter","detail":"An AWMC major road of the Roman period (Barrington \"R\", 30 BC – AD 300) in 10–40°E, 28–45°N (ADR-0037 item 5).","sources":["awmc:roads-major-filter","awmc:roads-roman-period-filter"]},{"kind":"date-exclusions","detail":"Left out as later than AD 100, by AWMC OBJECTID: 1320, 1363, 1403 and 1407 (in Dacia, conquered 101–106), 1203 (the Via Traiana Nova, Trajanic), 2169 (the Via Herculia, late third century) and 2698 (to Gheriat el-Garbia, a fort of 201); the evidence is in docs/verification/M4-ancient-geometry.md, \"Roads\". Roads with no Barrington period, such as the Via Nova Traiana and the Strata Diocletiana, are left out by the period rule.","sources":["bib:livius-trajan","bib:cassius-dio-roman-history","pleiades:469059303","pleiades:344374"]}]}},"geometry":{"type":"MultiLineString","coordinates":[[[22.51869,32.59107],[22.52819,32.58949],[22.54889,32.58449],[22.57532,32.5787],[22.6329,32.55633],[22.68167,32.54808],[22.72164,32.53595],[22.75533,32.50954],[22.78603,32.49383],[22.83029,32.47099],[22.85742,32.45029],[22.88988,32.43069],[22.93356,32.40675],[22.95521,32.39389],[23.01089,32.36463],[23.04502,32.34884],[23.06942,32.33697]]]}},{"type":"Feature","properties":{"roadId":"awmc-road-2935-2065","major":true,"known":false,"timeperiod":"HR?","provenance":{"dataset":"AWMC geodata","version":"commit:7ecf8bccea2efe1e1e9df2daf6001942de73fb87;path:Cultural-Data/roads/roads.geojson","upstreamFeatureIds":["awmc:roads-objectid-2935","awmc:roads-feature-2065"],"changes":[{"kind":"filter","detail":"An AWMC major road of the Roman period (Barrington \"R\", 30 BC – AD 300) in 10–40°E, 28–45°N (ADR-0037 item 5).","sources":["awmc:roads-major-filter","awmc:roads-roman-period-filter"]},{"kind":"date-exclusions","detail":"Left out as later than AD 100, by AWMC OBJECTID: 1320, 1363, 1403 and 1407 (in Dacia, conquered 101–106), 1203 (the Via Traiana Nova, Trajanic), 2169 (the Via Herculia, late third century) and 2698 (to Gheriat el-Garbia, a fort of 201); the evidence is in docs/verification/M4-ancient-geometry.md, \"Roads\". Roads with no Barrington period, such as the Via Nova Traiana and the Strata Diocletiana, are left out by the period rule.","sources":["bib:livius-trajan","bib:cassius-dio-roman-history","pleiades:469059303","pleiades:344374"]}]}},"geometry":{"type":"MultiLineString","coordinates":[[[10.99743,43.73586],[11.00428,43.73815],[11.0107,43.74057],[11.01727,43.746],[11.02384,43.75085],[11.02727,43.75514],[11.03041,43.7607],[11.03098,43.76527],[11.03355,43.76727],[11.03626,43.76784],[11.04011,43.76784],[11.04354,43.76813],[11.04839,43.76841],[11.05082,43.76841],[11.05468,43.7687],[11.05725,43.76941],[11.05925,43.77084],[11.06181,43.77213],[11.06367,43.77441],[11.06481,43.77698]],[[11.06553,43.77727],[11.06695,43.78169],[11.07167,43.78383],[11.07709,43.78555],[11.08066,43.78498],[11.08323,43.78369],[11.08766,43.78226],[11.09237,43.78198],[11.10122,43.78183],[11.11007,43.78226],[11.11564,43.78269],[11.12435,43.78398],[11.14077,43.7844],[11.14947,43.78512],[11.16375,43.78483],[11.17917,43.78412],[11.19859,43.77984],[11.21358,43.77598],[11.22129,43.77327],[11.23399,43.77127],[11.24085,43.77084],[11.2474,43.77212],[11.24897,43.77243]],[[10.6486,43.66441],[10.6724,43.66061],[10.68192,43.66251],[10.71332,43.68202],[10.75425,43.69535],[10.78947,43.70248],[10.85942,43.712],[10.93985,43.72247],[10.99553,43.73532]],[[10.64813,43.66441],[10.57198,43.67441],[10.47919,43.69154],[10.41875,43.70248],[10.39876,43.71057]]]}},{"type":"Feature","properties":{"roadId":"awmc-road-2939-2068","major":false,"known":false,"timeperiod":"RL","provenance":{"dataset":"AWMC geodata","version":"commit:7ecf8bccea2efe1e1e9df2daf6001942de73fb87;path:Cultural-Data/roads/roads.geojson","upstreamFeatureIds":["awmc:roads-objectid-2939","awmc:roads-feature-2068"],"changes":[{"kind":"filter","detail":"An AWMC minor road of the Roman period (Barrington \"R\", 30 BC – AD 300) that passes within 50 km of one of our places (ADR-0037's update of 2026-10-08, item 1).","sources":["awmc:roads-minor-near-places-filter","awmc:roads-roman-period-filter"]},{"kind":"date-exclusions","detail":"Left out as later than AD 100, by AWMC OBJECTID: 1320, 1363, 1403 and 1407 (in Dacia, conquered 101–106), 1203 (the Via Traiana Nova, Trajanic), 2169 (the Via Herculia, late third century) and 2698 (to Gheriat el-Garbia, a fort of 201); the evidence is in docs/verification/M4-ancient-geometry.md, \"Roads\". Roads with no Barrington period, such as the Via Nova Traiana and the Strata Diocletiana, are left out by the period rule.","sources":["bib:livius-trajan","bib:cassius-dio-roman-history","pleiades:469059303","pleiades:344374"]}]}},"geometry":{"type":"MultiLineString","coordinates":[[[11.24775,43.77196],[11.2474,43.77212],[11.16733,43.80908],[11.03408,43.86857],[10.97316,43.89474],[10.89464,43.93567],[10.87941,43.92663],[10.82563,43.90474],[10.79137,43.88523],[10.77614,43.87952],[10.74949,43.87714],[10.69286,43.87618],[10.64718,43.87428],[10.62719,43.86809],[10.60577,43.86334],[10.56865,43.85667],[10.53772,43.85525],[10.52106,43.85334],[10.49584,43.84953]]]}},{"type":"Feature","properties":{"roadId":"awmc-road-2940-2069","major":false,"known":false,"timeperiod":"HRL","provenance":{"dataset":"AWMC geodata","version":"commit:7ecf8bccea2efe1e1e9df2daf6001942de73fb87;path:Cultural-Data/roads/roads.geojson","upstreamFeatureIds":["awmc:roads-objectid-2940","awmc:roads-feature-2069"],"changes":[{"kind":"filter","detail":"An AWMC minor road of the Roman period (Barrington \"R\", 30 BC – AD 300) that passes within 50 km of one of our places (ADR-0037's update of 2026-10-08, item 1).","sources":["awmc:roads-minor-near-places-filter","awmc:roads-roman-period-filter"]},{"kind":"date-exclusions","detail":"Left out as later than AD 100, by AWMC OBJECTID: 1320, 1363, 1403 and 1407 (in Dacia, conquered 101–106), 1203 (the Via Traiana Nova, Trajanic), 2169 (the Via Herculia, late third century) and 2698 (to Gheriat el-Garbia, a fort of 201); the evidence is in docs/verification/M4-ancient-geometry.md, \"Roads\". Roads with no Barrington period, such as the Via Nova Traiana and the Strata Diocletiana, are left out by the period rule.","sources":["bib:livius-trajan","bib:cassius-dio-roman-history","pleiades:469059303","pleiades:344374"]}]}},"geometry":{"type":"MultiLineString","coordinates":[[[10.85581,43.40391],[10.81726,43.37155],[10.80346,43.36108],[10.78728,43.35775],[10.76777,43.35394],[10.74968,43.34157],[10.73017,43.33728],[10.69305,43.3311]]]}},{"type":"Feature","properties":{"roadId":"awmc-road-3174-2141","major":true,"known":true,"timeperiod":"RL","provenance":{"dataset":"AWMC geodata","version":"commit:7ecf8bccea2efe1e1e9df2daf6001942de73fb87;path:Cultural-Data/roads/roads.geojson","upstreamFeatureIds":["awmc:roads-objectid-3174","awmc:roads-feature-2141"],"changes":[{"kind":"filter","detail":"An AWMC major road of the Roman period (Barrington \"R\", 30 BC – AD 300) in 10–40°E, 28–45°N (ADR-0037 item 5).","sources":["awmc:roads-major-filter","awmc:roads-roman-period-filter"]},{"kind":"date-exclusions","detail":"Left out as later than AD 100, by AWMC OBJECTID: 1320, 1363, 1403 and 1407 (in Dacia, conquered 101–106), 1203 (the Via Traiana Nova, Trajanic), 2169 (the Via Herculia, late third century) and 2698 (to Gheriat el-Garbia, a fort of 201); the evidence is in docs/verification/M4-ancient-geometry.md, \"Roads\". Roads with no Barrington period, such as the Via Nova Traiana and the Strata Diocletiana, are left out by the period rule.","sources":["bib:livius-trajan","bib:cassius-dio-roman-history","pleiades:469059303","pleiades:344374"]}]}},"geometry":{"type":"MultiLineString","coordinates":[[[17.24633,45.13724],[17.28095,45.09679],[17.28809,45.06229],[17.29641,45.0147],[17.2976,44.99329],[17.29641,44.9338],[17.2869,44.90287],[17.27024,44.8874],[17.24169,44.87193],[17.21551,44.85171],[17.20243,44.841],[17.18815,44.81602],[17.18458,44.79222],[17.1596,44.76843],[17.13223,44.73749],[17.1358,44.70894],[17.13937,44.68158],[17.12509,44.66016],[17.11914,44.63875],[17.12271,44.6209],[17.11082,44.58878],[17.10725,44.57093],[17.09535,44.54119],[17.08226,44.51264],[17.06085,44.49241],[17.03943,44.4591],[16.97995,44.41984],[16.96567,44.39009],[16.94306,44.37225],[16.9276,44.34131],[16.91927,44.32347],[16.88596,44.30443],[16.8574,44.28302],[16.84551,44.25922],[16.84075,44.22591],[16.811,44.1926],[16.78364,44.16167],[16.78007,44.1224],[16.78007,44.09028],[16.77055,44.0653],[16.74795,44.04507],[16.73724,44.01771],[16.74795,43.98321],[16.77888,43.95703],[16.78959,43.9261],[16.77769,43.88803],[16.79197,43.87256],[16.81457,43.85353],[16.82766,43.83211],[16.80874,43.82606],[16.79541,43.81654],[16.78113,43.78608],[16.75068,43.76229],[16.72308,43.74992],[16.68024,43.7423],[16.66502,43.73278],[16.6536,43.70899],[16.64979,43.69281],[16.64598,43.67092],[16.62885,43.65093],[16.62314,43.63189],[16.61648,43.60715],[16.6001,43.5965],[16.57536,43.58603],[16.54852,43.56812],[16.52872,43.55462],[16.50493,43.53464]]]}},{"type":"Feature","properties":{"roadId":"awmc-road-3179-2146","major":true,"known":true,"timeperiod":"RL","provenance":{"dataset":"AWMC geodata","version":"commit:7ecf8bccea2efe1e1e9df2daf6001942de73fb87;path:Cultural-Data/roads/roads.geojson","upstreamFeatureIds":["awmc:roads-objectid-3179","awmc:roads-feature-2146"],"changes":[{"kind":"filter","detail":"An AWMC major road of the Roman period (Barrington \"R\", 30 BC – AD 300) in 10–40°E, 28–45°N (ADR-0037 item 5).","sources":["awmc:roads-major-filter","awmc:roads-roman-period-filter"]},{"kind":"date-exclusions","detail":"Left out as later than AD 100, by AWMC OBJECTID: 1320, 1363, 1403 and 1407 (in Dacia, conquered 101–106), 1203 (the Via Traiana Nova, Trajanic), 2169 (the Via Herculia, late third century) and 2698 (to Gheriat el-Garbia, a fort of 201); the evidence is in docs/verification/M4-ancient-geometry.md, \"Roads\". Roads with no Barrington period, such as the Via Nova Traiana and the Strata Diocletiana, are left out by the period rule.","sources":["bib:livius-trajan","bib:cassius-dio-roman-history","pleiades:469059303","pleiades:344374"]}]}},"geometry":{"type":"MultiLineString","coordinates":[[[14.92422,44.99689],[14.94635,44.98546],[14.99917,44.97476],[15.06484,44.95049],[15.15836,44.91051],[15.1812,44.89623],[15.20047,44.8891],[15.24901,44.86411],[15.27685,44.83913],[15.30683,44.82057],[15.35537,44.78416],[15.37679,44.76061],[15.42033,44.68351],[15.46531,44.60142],[15.50171,44.55502],[15.55168,44.48578],[15.57381,44.46008],[15.6045,44.44009],[15.62949,44.41511],[15.65804,44.39226],[15.68945,44.37014],[15.73728,44.32088],[15.76797,44.27662],[15.7694,44.2652],[15.71658,44.2288],[15.69356,44.20961],[15.68654,44.1912],[15.73097,44.13906],[15.75952,44.11884],[15.79759,44.0998],[15.84875,44.07006],[15.89039,44.04983],[15.93441,44.03079],[15.99346,44.01141]]]}},{"type":"Feature","properties":{"roadId":"awmc-road-3195-2527","major":true,"known":true,"timeperiod":"RL","provenance":{"dataset":"AWMC geodata","version":"commit:7ecf8bccea2efe1e1e9df2daf6001942de73fb87;path:Cultural-Data/roads/roads.geojson","upstreamFeatureIds":["awmc:roads-objectid-3195","awmc:roads-feature-2527"],"changes":[{"kind":"filter","detail":"An AWMC major road of the Roman period (Barrington \"R\", 30 BC – AD 300) in 10–40°E, 28–45°N (ADR-0037 item 5).","sources":["awmc:roads-major-filter","awmc:roads-roman-period-filter"]},{"kind":"date-exclusions","detail":"Left out as later than AD 100, by AWMC OBJECTID: 1320, 1363, 1403 and 1407 (in Dacia, conquered 101–106), 1203 (the Via Traiana Nova, Trajanic), 2169 (the Via Herculia, late third century) and 2698 (to Gheriat el-Garbia, a fort of 201); the evidence is in docs/verification/M4-ancient-geometry.md, \"Roads\". Roads with no Barrington period, such as the Via Nova Traiana and the Strata Diocletiana, are left out by the period rule.","sources":["bib:livius-trajan","bib:cassius-dio-roman-history","pleiades:469059303","pleiades:344374"]}]}},"geometry":{"type":"MultiLineString","coordinates":[[[15.22997,44.11552],[15.27532,44.11064],[15.29167,44.10714],[15.35241,44.06763],[15.43807,44.01624],[15.48376,43.98673],[15.51992,43.9677],[15.56466,43.93914],[15.6132,43.89536],[15.65317,43.87442],[15.70647,43.83635],[15.75502,43.81922],[15.78547,43.82779],[15.81403,43.8373],[15.8264,43.84968],[15.84068,43.85063],[15.90254,43.83254],[15.92824,43.82112],[15.92824,43.79828],[15.9311,43.78115],[15.94728,43.76497],[15.97107,43.74308],[15.99011,43.7288],[16.01485,43.71167],[16.02342,43.69549],[16.0139,43.67836],[16.01105,43.66313],[16.03484,43.64124],[16.08471,43.60602],[16.12564,43.57366],[16.17608,43.55462],[16.22177,43.54606],[16.24747,43.53464],[16.25889,43.52607],[16.30648,43.54606],[16.37502,43.55824],[16.41879,43.55177],[16.45401,43.54796],[16.50493,43.53464]]]}},{"type":"Feature","properties":{"roadId":"awmc-road-3214-2179","major":true,"known":true,"timeperiod":"RL","provenance":{"dataset":"AWMC geodata","version":"commit:7ecf8bccea2efe1e1e9df2daf6001942de73fb87;path:Cultural-Data/roads/roads.geojson","upstreamFeatureIds":["awmc:roads-objectid-3214","awmc:roads-feature-2179"],"changes":[{"kind":"filter","detail":"An AWMC major road of the Roman period (Barrington \"R\", 30 BC – AD 300) in 10–40°E, 28–45°N (ADR-0037 item 5).","sources":["awmc:roads-major-filter","awmc:roads-roman-period-filter"]},{"kind":"date-exclusions","detail":"Left out as later than AD 100, by AWMC OBJECTID: 1320, 1363, 1403 and 1407 (in Dacia, conquered 101–106), 1203 (the Via Traiana Nova, Trajanic), 2169 (the Via Herculia, late third century) and 2698 (to Gheriat el-Garbia, a fort of 201); the evidence is in docs/verification/M4-ancient-geometry.md, \"Roads\". Roads with no Barrington period, such as the Via Nova Traiana and the Strata Diocletiana, are left out by the period rule.","sources":["bib:livius-trajan","bib:cassius-dio-roman-history","pleiades:469059303","pleiades:344374"]}]}},"geometry":{"type":"MultiLineString","coordinates":[[[18.99308,42.75784],[18.96809,42.76082],[18.93716,42.76141],[18.91574,42.76082],[18.8979,42.7519],[18.88362,42.74297],[18.86875,42.73464],[18.85626,42.72929],[18.84424,42.72275],[18.802,42.72096],[18.77702,42.72453],[18.73776,42.72751],[18.72408,42.73286],[18.71337,42.73702],[18.69671,42.74059],[18.68957,42.74238],[18.6753,42.74833],[18.66816,42.7513],[18.65388,42.74416],[18.62626,42.74275],[18.61294,42.75132],[18.59295,42.75988],[18.55964,42.75512],[18.5149,42.75988],[18.47445,42.77702],[18.44304,42.77606],[18.42782,42.76274],[18.43829,42.74465],[18.43353,42.73038],[18.41068,42.72657],[18.37928,42.72562],[18.36405,42.7161],[18.35263,42.69897],[18.3412,42.67898],[18.31551,42.65995],[18.30504,42.64377],[18.27743,42.6333],[18.25364,42.62663],[18.23651,42.61616],[18.23403,42.59522],[18.22547,42.56953]]]}},{"type":"Feature","properties":{"roadId":"awmc-road-3227-1831","major":true,"known":true,"timeperiod":"RL","provenance":{"dataset":"AWMC geodata","version":"commit:7ecf8bccea2efe1e1e9df2daf6001942de73fb87;path:Cultural-Data/roads/roads.geojson","upstreamFeatureIds":["awmc:roads-objectid-3227","awmc:roads-feature-1831"],"changes":[{"kind":"filter","detail":"An AWMC major road of the Roman period (Barrington \"R\", 30 BC – AD 300) in 10–40°E, 28–45°N (ADR-0037 item 5).","sources":["awmc:roads-major-filter","awmc:roads-roman-period-filter"]},{"kind":"date-exclusions","detail":"Left out as later than AD 100, by AWMC OBJECTID: 1320, 1363, 1403 and 1407 (in Dacia, conquered 101–106), 1203 (the Via Traiana Nova, Trajanic), 2169 (the Via Herculia, late third century) and 2698 (to Gheriat el-Garbia, a fort of 201); the evidence is in docs/verification/M4-ancient-geometry.md, \"Roads\". Roads with no Barrington period, such as the Via Nova Traiana and the Strata Diocletiana, are left out by the period rule.","sources":["bib:livius-trajan","bib:cassius-dio-roman-history","pleiades:469059303","pleiades:344374"]},{"kind":"clip","detail":"Clipped to the drawn Roman world: 40.4 km on land beyond the empire or on islands no area holds left out (ADR-0037 rule 5).","sources":["awmc:roman-empire-ad-69-extent"]}]}},"geometry":{"type":"MultiLineString","coordinates":[[[23.8497,43.75185],[23.86055,43.74591],[23.87911,43.744],[23.89767,43.74591],[23.91956,43.74543],[23.93717,43.74495],[23.95891,43.74334]],[[24.0186,43.72116],[24.02962,43.71325],[24.0696,43.70326],[24.10743,43.69897],[24.14027,43.68827],[24.18452,43.6747],[24.21665,43.68041],[24.25948,43.68898],[24.29303,43.68969],[24.33015,43.69326],[24.36013,43.69398],[24.38654,43.70683],[24.41509,43.71396],[24.44579,43.71468],[24.49254,43.6954],[24.5211,43.6847],[24.58749,43.65614],[24.60297,43.64616],[24.62603,43.64187],[24.66529,43.63616],[24.69742,43.64615],[24.73311,43.66756],[24.75167,43.6747],[24.77237,43.68398],[24.80735,43.68113],[24.84732,43.66471],[24.87202,43.66114],[24.88915,43.66685],[24.88844,43.68398],[24.88558,43.69326],[24.88416,43.7004],[24.89272,43.70683],[24.94269,43.71182],[24.9741,43.70326],[25.00622,43.67684],[25.03263,43.654],[25.07832,43.62473],[25.0926,43.61331],[25.14534,43.58919],[25.17041,43.57976],[25.22751,43.57191],[25.2632,43.57762],[25.30746,43.5919],[25.34858,43.60475],[25.37442,43.61413]],[[25.38562,43.61662],[25.42496,43.61474],[25.4835,43.61474],[25.49706,43.61617],[25.52204,43.62759],[25.54417,43.63401],[25.58088,43.63935],[25.60128,43.63901],[25.63983,43.65543],[25.67766,43.66114],[25.74405,43.67113],[25.76867,43.6847],[25.80222,43.70754],[25.83149,43.73681],[25.86861,43.74894],[25.92001,43.78463],[25.96141,43.83746],[25.97926,43.85602],[26.00567,43.86887],[26.05849,43.89028],[26.10061,43.92669],[26.13844,43.95595],[26.19027,43.97523],[26.24452,43.98665],[26.30662,44.00093],[26.36373,44.01877],[26.45082,44.01663],[26.48151,44.02734],[26.54433,44.03947],[26.5893,44.05304],[26.6473,44.05441]],[[26.66225,44.05565],[26.7103,44.06018],[26.75099,44.0716],[26.78382,44.08088],[26.82737,44.09658],[26.86877,44.11157],[26.90089,44.11871],[26.93908,44.12299],[26.9812,44.1287],[27.02046,44.13156],[27.04935,44.13445]],[[27.0919,44.13494],[27.1204,44.1337],[27.14066,44.12913]],[[27.25638,44.12005],[27.28173,44.11871],[27.32099,44.11728],[27.37785,44.11492]],[[27.40272,44.11389],[27.44134,44.11229],[27.47132,44.12085],[27.5013,44.13227],[27.53342,44.16297],[27.58197,44.18652],[27.6148,44.19937],[27.65977,44.19652],[27.68619,44.1958],[27.69098,44.19636]],[[27.79695,44.23058],[27.81468,44.23649],[27.81844,44.23712]],[[27.92406,44.24306],[27.93367,44.24292],[27.96151,44.25577],[27.98293,44.26576],[28.00649,44.2936],[28.03004,44.32929],[28.04289,44.36713],[28.07287,44.38711],[28.09786,44.41353],[28.12284,44.43209],[28.12213,44.46064],[28.12427,44.48205],[28.09643,44.50632],[28.06716,44.52988],[28.05503,44.53916],[28.06502,44.58984],[28.05717,44.61911],[28.03861,44.64124],[28.02433,44.66194],[27.99078,44.68264],[27.95081,44.69835],[27.96722,44.70691],[28.0022,44.70691],[28.05717,44.71191],[28.08644,44.73118],[28.08929,44.75545],[28.09,44.79115],[28.10928,44.83683],[28.1414,44.87395],[28.1671,44.9282],[28.1828,44.95604],[28.17781,44.98031],[28.16424,44.99673],[28.15425,45.01172],[28.15996,45.02386],[28.17424,45.04384],[28.19137,45.07811],[28.20065,45.10024],[28.21136,45.13165],[28.19137,45.17376],[28.15853,45.20731],[28.13855,45.24943],[28.13569,45.26585],[28.15853,45.31368],[28.1721,45.34009],[28.19494,45.33009],[28.24919,45.30654],[28.30344,45.29512],[28.36412,45.28155],[28.45942,45.26942],[28.50724,45.26585],[28.53437,45.25157],[28.56721,45.22516],[28.59576,45.20803],[28.64359,45.19018],[28.68356,45.17733],[28.73853,45.1652],[28.77065,45.17162],[28.80349,45.18162],[28.88101,45.15734],[28.93597,45.14378],[28.96524,45.12736],[29.04376,45.11309],[29.07232,45.10238],[29.09873,45.08096],[29.13299,45.05884],[29.15941,45.04599]]]}},{"type":"Feature","properties":{"roadId":"awmc-road-3254-2750","major":true,"known":false,"timeperiod":"RL","provenance":{"dataset":"AWMC geodata","version":"commit:7ecf8bccea2efe1e1e9df2daf6001942de73fb87;path:Cultural-Data/roads/roads.geojson","upstreamFeatureIds":["awmc:roads-objectid-3254","awmc:roads-feature-2750"],"changes":[{"kind":"filter","detail":"An AWMC major road of the Roman period (Barrington \"R\", 30 BC – AD 300) in 10–40°E, 28–45°N (ADR-0037 item 5).","sources":["awmc:roads-major-filter","awmc:roads-roman-period-filter"]},{"kind":"date-exclusions","detail":"Left out as later than AD 100, by AWMC OBJECTID: 1320, 1363, 1403 and 1407 (in Dacia, conquered 101–106), 1203 (the Via Traiana Nova, Trajanic), 2169 (the Via Herculia, late third century) and 2698 (to Gheriat el-Garbia, a fort of 201); the evidence is in docs/verification/M4-ancient-geometry.md, \"Roads\". Roads with no Barrington period, such as the Via Nova Traiana and the Strata Diocletiana, are left out by the period rule.","sources":["bib:livius-trajan","bib:cassius-dio-roman-history","pleiades:469059303","pleiades:344374"]}]}},"geometry":{"type":"MultiLineString","coordinates":[[[10.75335,34.72754],[10.7581,34.75633],[10.76048,34.81582],[10.76048,34.84675],[10.75929,34.86281],[10.76762,34.91694],[10.76941,34.96096],[10.77298,34.99963],[10.78725,35.04722],[10.79082,35.11265],[10.79023,35.16203],[10.79439,35.21081],[10.79975,35.23222],[10.80143,35.23629],[10.80688,35.24947],[10.82354,35.27386],[10.8628,35.29885],[10.92467,35.33692],[10.9669,35.36547],[10.99189,35.38153],[11.01271,35.39105],[11.03531,35.39938],[11.04126,35.39938]]]}},{"type":"Feature","properties":{"roadId":"awmc-road-3255-2743","major":true,"known":false,"timeperiod":"RL","provenance":{"dataset":"AWMC geodata","version":"commit:7ecf8bccea2efe1e1e9df2daf6001942de73fb87;path:Cultural-Data/roads/roads.geojson","upstreamFeatureIds":["awmc:roads-objectid-3255","awmc:roads-feature-2743"],"changes":[{"kind":"filter","detail":"An AWMC major road of the Roman period (Barrington \"R\", 30 BC – AD 300) in 10–40°E, 28–45°N (ADR-0037 item 5).","sources":["awmc:roads-major-filter","awmc:roads-roman-period-filter"]},{"kind":"date-exclusions","detail":"Left out as later than AD 100, by AWMC OBJECTID: 1320, 1363, 1403 and 1407 (in Dacia, conquered 101–106), 1203 (the Via Traiana Nova, Trajanic), 2169 (the Via Herculia, late third century) and 2698 (to Gheriat el-Garbia, a fort of 201); the evidence is in docs/verification/M4-ancient-geometry.md, \"Roads\". Roads with no Barrington period, such as the Via Nova Traiana and the Strata Diocletiana, are left out by the period rule.","sources":["bib:livius-trajan","bib:cassius-dio-roman-history","pleiades:469059303","pleiades:344374"]}]}},"geometry":{"type":"MultiLineString","coordinates":[[[10.02345,34.12577],[10.02702,34.146],[10.02583,34.15671],[10.01155,34.17217],[10.00084,34.19359],[9.99965,34.20192],[10.00679,34.20965],[10.01036,34.2156],[10.0081,34.2313],[10.01143,34.23844],[10.02047,34.24272],[10.02809,34.24415],[10.0376,34.24843],[10.04712,34.24796],[10.05569,34.2413],[10.06283,34.24272],[10.07092,34.25986],[10.07663,34.2727],[10.09376,34.29126],[10.10328,34.30554],[10.11851,34.31839],[10.13659,34.33552],[10.14278,34.35123],[10.15325,34.36265],[10.17514,34.37502],[10.18037,34.37978],[10.17847,34.38787],[10.16895,34.4012],[10.16657,34.40881],[10.17466,34.41785],[10.19655,34.42309],[10.22653,34.43356],[10.26651,34.4445],[10.27936,34.44736],[10.3141,34.44545],[10.33599,34.44736],[10.35836,34.45592],[10.38738,34.47163],[10.41356,34.48686],[10.42955,34.49923]],[[10.01787,34.03204],[10.01764,34.03813],[10.0243,34.05431],[10.02525,34.07525],[10.02811,34.09048],[10.0243,34.10571],[10.02239,34.1257]]]}},{"type":"Feature","properties":{"roadId":"awmc-road-3274-1790","major":true,"known":false,"timeperiod":"RL","provenance":{"dataset":"AWMC geodata","version":"commit:7ecf8bccea2efe1e1e9df2daf6001942de73fb87;path:Cultural-Data/roads/roads.geojson","upstreamFeatureIds":["awmc:roads-objectid-3274","awmc:roads-feature-1790"],"changes":[{"kind":"filter","detail":"An AWMC major road of the Roman period (Barrington \"R\", 30 BC – AD 300) in 10–40°E, 28–45°N (ADR-0037 item 5).","sources":["awmc:roads-major-filter","awmc:roads-roman-period-filter"]},{"kind":"date-exclusions","detail":"Left out as later than AD 100, by AWMC OBJECTID: 1320, 1363, 1403 and 1407 (in Dacia, conquered 101–106), 1203 (the Via Traiana Nova, Trajanic), 2169 (the Via Herculia, late third century) and 2698 (to Gheriat el-Garbia, a fort of 201); the evidence is in docs/verification/M4-ancient-geometry.md, \"Roads\". Roads with no Barrington period, such as the Via Nova Traiana and the Strata Diocletiana, are left out by the period rule.","sources":["bib:livius-trajan","bib:cassius-dio-roman-history","pleiades:469059303","pleiades:344374"]}]}},"geometry":{"type":"MultiLineString","coordinates":[[[10.69316,34.66051],[10.701,34.66484],[10.72812,34.69244],[10.74097,34.70529],[10.75325,34.72738],[10.73897,34.73833],[10.70519,34.76878],[10.66807,34.79972],[10.63999,34.81685],[10.61857,34.83255],[10.59383,34.84159],[10.53482,34.86111],[10.47676,34.87919],[10.41679,34.90203],[10.38872,34.91393],[10.36254,34.91821],[10.33684,34.9263],[10.29354,34.94391],[10.27974,34.94819],[10.24119,34.95391],[10.20788,34.96247],[10.19075,34.97009],[10.15363,34.9777],[10.13269,34.98722],[10.10271,35.00292],[10.06178,35.01863],[9.98326,35.04528],[9.89236,35.06669],[9.85096,35.07764],[9.81479,35.08478],[9.78529,35.09239],[9.76149,35.09382],[9.71485,35.10381],[9.67726,35.11095],[9.64585,35.11428],[9.63728,35.12189],[9.61968,35.13617],[9.59636,35.14759],[9.54353,35.1633],[9.52117,35.16853],[9.48928,35.18138],[9.43265,35.19375],[9.38839,35.2028],[9.33271,35.2166],[9.29179,35.22754],[9.25609,35.23421],[9.23277,35.23706],[9.19708,35.24515],[9.18185,35.24943],[9.13017,35.2578],[9.11685,35.26399],[9.09258,35.27874],[9.06593,35.29445],[9.03833,35.31063],[9.00834,35.32443],[8.96885,35.34251],[8.93744,35.35441],[8.90888,35.36488],[8.87129,35.38439],[8.84035,35.39914],[8.79581,35.42008],[8.74346,35.43864],[8.71253,35.44578],[8.6835,35.44863],[8.65733,35.44578],[8.60926,35.43483],[8.58309,35.42912],[8.55453,35.42436],[8.51408,35.42008],[8.49552,35.42008]]]}},{"type":"Feature","properties":{"roadId":"awmc-road-3277-1793","major":true,"known":false,"timeperiod":"RL","provenance":{"dataset":"AWMC geodata","version":"commit:7ecf8bccea2efe1e1e9df2daf6001942de73fb87;path:Cultural-Data/roads/roads.geojson","upstreamFeatureIds":["awmc:roads-objectid-3277","awmc:roads-feature-1793"],"changes":[{"kind":"filter","detail":"An AWMC major road of the Roman period (Barrington \"R\", 30 BC – AD 300) in 10–40°E, 28–45°N (ADR-0037 item 5).","sources":["awmc:roads-major-filter","awmc:roads-roman-period-filter"]},{"kind":"date-exclusions","detail":"Left out as later than AD 100, by AWMC OBJECTID: 1320, 1363, 1403 and 1407 (in Dacia, conquered 101–106), 1203 (the Via Traiana Nova, Trajanic), 2169 (the Via Herculia, late third century) and 2698 (to Gheriat el-Garbia, a fort of 201); the evidence is in docs/verification/M4-ancient-geometry.md, \"Roads\". Roads with no Barrington period, such as the Via Nova Traiana and the Strata Diocletiana, are left out by the period rule.","sources":["bib:livius-trajan","bib:cassius-dio-roman-history","pleiades:469059303","pleiades:344374"]}]}},"geometry":{"type":"MultiLineString","coordinates":[[[10.71485,35.30392],[10.69986,35.31253],[10.62942,35.34727],[10.58992,35.36583],[10.55899,35.38534],[10.53044,35.40105],[10.48047,35.42532],[10.45382,35.43436],[10.40956,35.44245],[10.3496,35.45625],[10.30058,35.46053],[10.25537,35.46815],[10.20493,35.47053],[10.17019,35.47433],[10.07215,35.4829],[10.01695,35.49146],[9.9646,35.50241],[9.92225,35.5124],[9.88751,35.52621],[9.86086,35.53287],[9.81898,35.55523],[9.77282,35.57332],[9.74855,35.58379],[9.72737,35.5985],[9.72541,35.58968],[9.70685,35.56255],[9.68686,35.5359],[9.65736,35.51068],[9.64356,35.49069],[9.60644,35.45024],[9.58645,35.41836],[9.57217,35.4036],[9.57136,35.4034],[9.55695,35.3998],[9.52221,35.38695],[9.48651,35.37838],[9.46891,35.37077],[9.40466,35.35221],[9.35736,35.33414],[9.32262,35.32463],[9.31215,35.31558],[9.30264,35.30178],[9.2955,35.29798],[9.256,35.2856],[9.23363,35.27942],[9.2146,35.27228],[9.13017,35.2578],[9.12864,35.25751],[9.09229,35.25467],[9.06755,35.24991],[9.0447,35.24896],[9.01758,35.24372],[9.00072,35.24198],[8.968,35.23305],[8.93529,35.22175],[8.9042,35.21291],[8.87279,35.19864],[8.81743,35.17611],[8.80002,35.16683],[8.79788,35.17182],[8.78431,35.20038],[8.77717,35.2118],[8.75148,35.23678],[8.72435,35.2632],[8.70079,35.29103],[8.65796,35.3253],[8.61799,35.346],[8.57016,35.36242],[8.52733,35.36813],[8.4938,35.3717],[8.46166,35.36813],[8.35458,35.3767],[8.28605,35.38598],[8.23608,35.3924],[8.18612,35.39954],[8.1526,35.40894]]]}},{"type":"Feature","properties":{"roadId":"awmc-road-3279-2731","major":true,"known":false,"timeperiod":"RL","provenance":{"dataset":"AWMC geodata","version":"commit:7ecf8bccea2efe1e1e9df2daf6001942de73fb87;path:Cultural-Data/roads/roads.geojson","upstreamFeatureIds":["awmc:roads-objectid-3279","awmc:roads-feature-2731"],"changes":[{"kind":"filter","detail":"An AWMC major road of the Roman period (Barrington \"R\", 30 BC – AD 300) in 10–40°E, 28–45°N (ADR-0037 item 5).","sources":["awmc:roads-major-filter","awmc:roads-roman-period-filter"]},{"kind":"date-exclusions","detail":"Left out as later than AD 100, by AWMC OBJECTID: 1320, 1363, 1403 and 1407 (in Dacia, conquered 101–106), 1203 (the Via Traiana Nova, Trajanic), 2169 (the Via Herculia, late third century) and 2698 (to Gheriat el-Garbia, a fort of 201); the evidence is in docs/verification/M4-ancient-geometry.md, \"Roads\". Roads with no Barrington period, such as the Via Nova Traiana and the Strata Diocletiana, are left out by the period rule.","sources":["bib:livius-trajan","bib:cassius-dio-roman-history","pleiades:469059303","pleiades:344374"]}]}},"geometry":{"type":"MultiLineString","coordinates":[[[11.09265,36.83947],[11.06981,36.83043],[11.0541,36.81853],[11.0284,36.80045],[11.00842,36.77713],[10.97891,36.74334],[10.95702,36.7105],[10.93323,36.6829],[10.90229,36.64245],[10.88135,36.60866],[10.86147,36.57345]]]}},{"type":"Feature","properties":{"roadId":"awmc-road-3279-2732","major":true,"known":false,"timeperiod":"RL","provenance":{"dataset":"AWMC geodata","version":"commit:7ecf8bccea2efe1e1e9df2daf6001942de73fb87;path:Cultural-Data/roads/roads.geojson","upstreamFeatureIds":["awmc:roads-objectid-3279","awmc:roads-feature-2732"],"changes":[{"kind":"filter","detail":"An AWMC major road of the Roman period (Barrington \"R\", 30 BC – AD 300) in 10–40°E, 28–45°N (ADR-0037 item 5).","sources":["awmc:roads-major-filter","awmc:roads-roman-period-filter"]},{"kind":"date-exclusions","detail":"Left out as later than AD 100, by AWMC OBJECTID: 1320, 1363, 1403 and 1407 (in Dacia, conquered 101–106), 1203 (the Via Traiana Nova, Trajanic), 2169 (the Via Herculia, late third century) and 2698 (to Gheriat el-Garbia, a fort of 201); the evidence is in docs/verification/M4-ancient-geometry.md, \"Roads\". Roads with no Barrington period, such as the Via Nova Traiana and the Strata Diocletiana, are left out by the period rule.","sources":["bib:livius-trajan","bib:cassius-dio-roman-history","pleiades:469059303","pleiades:344374"]}]}},"geometry":{"type":"MultiLineString","coordinates":[[[10.64001,35.8363],[10.64436,35.82106],[10.65924,35.80345],[10.68671,35.78382],[10.70908,35.77621],[10.72621,35.76431],[10.74703,35.74575],[10.77035,35.73433],[10.79986,35.72338],[10.82024,35.71281],[10.82595,35.70254],[10.84975,35.68779],[10.87192,35.6797],[10.87165,35.67183],[10.86832,35.65803],[10.84976,35.62995],[10.82835,35.60187],[10.81597,35.57665],[10.80883,35.56856],[10.79884,35.54905],[10.79265,35.52716],[10.78361,35.50669],[10.76505,35.45197],[10.75791,35.42722],[10.7484,35.41199],[10.74316,35.39058],[10.7346,35.36583],[10.72746,35.33537],[10.71508,35.30444]],[[9.13017,35.2578],[9.14521,35.26038],[9.18557,35.26752],[9.2146,35.27228],[9.23363,35.27942],[9.256,35.2856],[9.2955,35.29798],[9.30264,35.30178],[9.31215,35.31558],[9.32262,35.32463],[9.35736,35.33414],[9.40466,35.35221],[9.46891,35.37077],[9.48651,35.37838],[9.52221,35.38695],[9.55695,35.3998],[9.57136,35.4034],[9.57217,35.4036]],[[10.75325,34.72738],[10.77095,34.75336],[10.8076,34.79333],[10.84472,34.82617],[10.86232,34.84425],[10.87946,34.8709],[10.8866,34.88327],[10.90516,34.90469],[10.91467,34.92277],[10.91753,34.94895],[10.92419,34.96608],[10.93114,34.97607],[10.9259,34.9913],[10.91496,35.03937],[10.90401,35.07601],[10.89735,35.10219],[10.87641,35.14168],[10.84405,35.19403],[10.82787,35.2145],[10.80143,35.23629],[10.80074,35.23686],[10.77314,35.25209],[10.75363,35.26732],[10.73793,35.28636],[10.72317,35.2992],[10.71485,35.30392]]]}},{"type":"Feature","properties":{"roadId":"awmc-road-3290-2190","major":true,"known":false,"timeperiod":"RL","provenance":{"dataset":"AWMC geodata","version":"commit:7ecf8bccea2efe1e1e9df2daf6001942de73fb87;path:Cultural-Data/roads/roads.geojson","upstreamFeatureIds":["awmc:roads-objectid-3290","awmc:roads-feature-2190"],"changes":[{"kind":"filter","detail":"An AWMC major road of the Roman period (Barrington \"R\", 30 BC – AD 300) in 10–40°E, 28–45°N (ADR-0037 item 5).","sources":["awmc:roads-major-filter","awmc:roads-roman-period-filter"]},{"kind":"date-exclusions","detail":"Left out as later than AD 100, by AWMC OBJECTID: 1320, 1363, 1403 and 1407 (in Dacia, conquered 101–106), 1203 (the Via Traiana Nova, Trajanic), 2169 (the Via Herculia, late third century) and 2698 (to Gheriat el-Garbia, a fort of 201); the evidence is in docs/verification/M4-ancient-geometry.md, \"Roads\". Roads with no Barrington period, such as the Via Nova Traiana and the Strata Diocletiana, are left out by the period rule.","sources":["bib:livius-trajan","bib:cassius-dio-roman-history","pleiades:469059303","pleiades:344374"]}]}},"geometry":{"type":"MultiLineString","coordinates":[[[10.18713,36.82377],[10.18709,36.82357],[10.18427,36.80854],[10.18665,36.79521],[10.19236,36.78379],[10.20997,36.76809],[10.23519,36.75571],[10.2666,36.74715],[10.30039,36.73858],[10.33085,36.73287],[10.34845,36.71526],[10.39176,36.67909],[10.42936,36.6434],[10.466,36.60961],[10.50169,36.57678],[10.52834,36.55108],[10.55832,36.51491],[10.5707,36.48636],[10.57641,36.46256],[10.57831,36.42354],[10.57879,36.40165],[10.56251,36.39118],[10.54252,36.37643],[10.52729,36.36025],[10.5211,36.34978],[10.51444,36.3374],[10.49826,36.32218],[10.48779,36.31456],[10.48303,36.30076],[10.47875,36.27697],[10.48018,36.26221],[10.47161,36.22224],[10.47018,36.20225],[10.4659,36.17227],[10.46733,36.14752],[10.46685,36.11231],[10.46923,36.0966],[10.48327,36.05431],[10.49517,36.03765],[10.51872,36.02284],[10.51397,36.01332],[10.51492,36.00713],[10.52777,35.98239],[10.54442,35.95621],[10.56858,35.93045],[10.59428,35.89571],[10.60296,35.87912],[10.61819,35.8577],[10.63008,35.84533],[10.64001,35.8363]]]}},{"type":"Feature","properties":{"roadId":"awmc-road-3322-1317","major":true,"known":true,"timeperiod":"RL","provenance":{"dataset":"AWMC geodata","version":"commit:7ecf8bccea2efe1e1e9df2daf6001942de73fb87;path:Cultural-Data/roads/roads.geojson","upstreamFeatureIds":["awmc:roads-objectid-3322","awmc:roads-feature-1317"],"changes":[{"kind":"filter","detail":"An AWMC major road of the Roman period (Barrington \"R\", 30 BC – AD 300) in 10–40°E, 28–45°N (ADR-0037 item 5).","sources":["awmc:roads-major-filter","awmc:roads-roman-period-filter"]},{"kind":"date-exclusions","detail":"Left out as later than AD 100, by AWMC OBJECTID: 1320, 1363, 1403 and 1407 (in Dacia, conquered 101–106), 1203 (the Via Traiana Nova, Trajanic), 2169 (the Via Herculia, late third century) and 2698 (to Gheriat el-Garbia, a fort of 201); the evidence is in docs/verification/M4-ancient-geometry.md, \"Roads\". Roads with no Barrington period, such as the Via Nova Traiana and the Strata Diocletiana, are left out by the period rule.","sources":["bib:livius-trajan","bib:cassius-dio-roman-history","pleiades:469059303","pleiades:344374"]}]}},"geometry":{"type":"MultiLineString","coordinates":[[[8.87885,36.10355],[8.88409,36.10879],[8.89931,36.11545],[8.91169,36.12021],[8.91502,36.12639],[8.9174,36.13591],[8.92216,36.14257],[8.92358,36.154],[8.93072,36.16637],[8.93881,36.17018],[8.94833,36.17113]],[[8.88028,36.1045],[8.86886,36.09546],[8.85982,36.08356],[8.84839,36.07738],[8.83342,36.04592],[8.82058,36.01951],[8.80701,35.99524],[8.78131,35.97025],[8.76632,35.94884],[8.7392,35.92457],[8.71778,35.8953],[8.7085,35.8746]],[[10.12241,36.78617],[10.14144,36.8033],[10.17047,36.81377],[10.18709,36.82357],[10.19712,36.82948],[10.21663,36.83804],[10.24471,36.84471],[10.26755,36.84899],[10.31083,36.85415]],[[10.12288,36.78665],[10.09528,36.7757],[10.06292,36.76047],[10.03389,36.74524],[10.01723,36.73287],[10.00058,36.71812],[9.97916,36.71241],[9.94061,36.70289],[9.88018,36.69194],[9.85305,36.68338],[9.82402,36.67196],[9.80879,36.66529],[9.80451,36.65673],[9.79547,36.65102],[9.78214,36.64769],[9.76787,36.63484],[9.75454,36.6277],[9.73265,36.61247],[9.71694,36.59819],[9.70219,36.58868],[9.67221,36.57821],[9.65841,36.57202],[9.64128,36.55965],[9.6251,36.54347],[9.60892,36.53347],[9.58845,36.52681],[9.56085,36.52157],[9.55038,36.51348],[9.53611,36.50682],[9.50946,36.50587],[9.48328,36.50587],[9.47281,36.50159],[9.46329,36.49445],[9.42855,36.48398],[9.40714,36.47399],[9.3881,36.46018],[9.36098,36.4402],[9.33004,36.42449],[9.30673,36.41402],[9.2934,36.41164],[9.2796,36.41164],[9.26818,36.41307],[9.26056,36.41117],[9.25057,36.40688],[9.24343,36.39927],[9.23487,36.39308],[9.20945,36.38204],[9.17709,36.36872],[9.14949,36.35063],[9.13141,36.33969],[9.12094,36.33303],[9.10428,36.31827],[9.07478,36.29686],[9.05098,36.27402],[9.02433,36.24689],[9.00006,36.21738],[8.97436,36.1874],[8.96247,36.1736],[8.94676,36.17027]]]}},{"type":"Feature","properties":{"roadId":"awmc-road-3325-2215","major":true,"known":true,"timeperiod":"HR","provenance":{"dataset":"AWMC geodata","version":"commit:7ecf8bccea2efe1e1e9df2daf6001942de73fb87;path:Cultural-Data/roads/roads.geojson","upstreamFeatureIds":["awmc:roads-objectid-3325","awmc:roads-feature-2215"],"changes":[{"kind":"filter","detail":"An AWMC major road of the Roman period (Barrington \"R\", 30 BC – AD 300) in 10–40°E, 28–45°N (ADR-0037 item 5).","sources":["awmc:roads-major-filter","awmc:roads-roman-period-filter"]},{"kind":"date-exclusions","detail":"Left out as later than AD 100, by AWMC OBJECTID: 1320, 1363, 1403 and 1407 (in Dacia, conquered 101–106), 1203 (the Via Traiana Nova, Trajanic), 2169 (the Via Herculia, late third century) and 2698 (to Gheriat el-Garbia, a fort of 201); the evidence is in docs/verification/M4-ancient-geometry.md, \"Roads\". Roads with no Barrington period, such as the Via Nova Traiana and the Strata Diocletiana, are left out by the period rule.","sources":["bib:livius-trajan","bib:cassius-dio-roman-history","pleiades:469059303","pleiades:344374"]}]}},"geometry":{"type":"MultiLineString","coordinates":[[[24.95852,35.06456],[24.96946,35.07741],[24.97898,35.09073],[24.98422,35.10882]]]}},{"type":"Feature","properties":{"roadId":"awmc-road-614-2686","major":true,"known":false,"timeperiod":"RL","provenance":{"dataset":"AWMC geodata","version":"commit:7ecf8bccea2efe1e1e9df2daf6001942de73fb87;path:Cultural-Data/roads/roads.geojson","upstreamFeatureIds":["awmc:roads-objectid-614","awmc:roads-feature-2686"],"changes":[{"kind":"filter","detail":"An AWMC major road of the Roman period (Barrington \"R\", 30 BC – AD 300) in 10–40°E, 28–45°N (ADR-0037 item 5).","sources":["awmc:roads-major-filter","awmc:roads-roman-period-filter"]},{"kind":"date-exclusions","detail":"Left out as later than AD 100, by AWMC OBJECTID: 1320, 1363, 1403 and 1407 (in Dacia, conquered 101–106), 1203 (the Via Traiana Nova, Trajanic), 2169 (the Via Herculia, late third century) and 2698 (to Gheriat el-Garbia, a fort of 201); the evidence is in docs/verification/M4-ancient-geometry.md, \"Roads\". Roads with no Barrington period, such as the Via Nova Traiana and the Strata Diocletiana, are left out by the period rule.","sources":["bib:livius-trajan","bib:cassius-dio-roman-history","pleiades:469059303","pleiades:344374"]}]}},"geometry":{"type":"MultiLineString","coordinates":[[[27.35722,37.94356],[27.35754,37.93242],[27.36341,37.92371],[27.36516,37.91074],[27.36602,37.90431],[27.36701,37.89695],[27.37497,37.89018],[27.38938,37.88768],[27.40301,37.88231],[27.41419,37.87767],[27.42305,37.87284],[27.43581,37.87391],[27.45425,37.87638],[27.46689,37.87836],[27.48538,37.87967],[27.49008,37.88006],[27.49529,37.87933],[27.50343,37.87856],[27.50851,37.87608],[27.51599,37.86917],[27.51977,37.86543],[27.52235,37.86335],[27.5271,37.85978],[27.53328,37.86329],[27.54189,37.86842],[27.55811,37.87221],[27.56533,37.87379],[27.58205,37.87369],[27.59565,37.87382],[27.60581,37.87662],[27.62811,37.87648],[27.63567,37.87072],[27.65301,37.87066],[27.67507,37.86754],[27.68934,37.86722],[27.70306,37.86637],[27.72242,37.86499],[27.73891,37.8619],[27.74809,37.86264],[27.76457,37.86445],[27.77547,37.8663],[27.78398,37.86747],[27.79623,37.86845],[27.81712,37.86472],[27.82729,37.86258],[27.83865,37.86137],[27.84046,37.86118],[27.84964,37.8619],[27.87157,37.85971],[27.88952,37.85965],[27.90171,37.8611],[27.91696,37.86279],[27.93093,37.86487],[27.94624,37.86606],[27.95929,37.86561],[27.98135,37.86732],[28.00402,37.86908],[28.01811,37.87017],[28.03954,37.86692],[28.05775,37.86533],[28.08232,37.86672],[28.09808,37.86939],[28.10913,37.87514],[28.12208,37.88054],[28.13481,37.88788],[28.14318,37.89538],[28.15319,37.89957],[28.17895,37.90152],[28.18949,37.90133],[28.21119,37.901],[28.23651,37.90143],[28.2526,37.90655],[28.27004,37.91079],[28.28001,37.91546],[28.29673,37.92062],[28.32762,37.92633],[28.34034,37.92874],[28.35484,37.93177],[28.36683,37.9351],[28.39724,37.93438],[28.41309,37.93113],[28.4338,37.92871],[28.44992,37.92841],[28.46571,37.92563],[28.48251,37.92488],[28.49556,37.92435],[28.52312,37.92142],[28.55347,37.91575],[28.56334,37.91596],[28.57131,37.91113],[28.57542,37.90212],[28.5792,37.89062],[28.58191,37.88297],[28.58168,37.87518]]]}},{"type":"Feature","properties":{"roadId":"awmc-road-618-2223","major":true,"known":false,"timeperiod":"RL","provenance":{"dataset":"AWMC geodata","version":"commit:7ecf8bccea2efe1e1e9df2daf6001942de73fb87;path:Cultural-Data/roads/roads.geojson","upstreamFeatureIds":["awmc:roads-objectid-618","awmc:roads-feature-2223"],"changes":[{"kind":"filter","detail":"An AWMC major road of the Roman period (Barrington \"R\", 30 BC – AD 300) in 10–40°E, 28–45°N (ADR-0037 item 5).","sources":["awmc:roads-major-filter","awmc:roads-roman-period-filter"]},{"kind":"date-exclusions","detail":"Left out as later than AD 100, by AWMC OBJECTID: 1320, 1363, 1403 and 1407 (in Dacia, conquered 101–106), 1203 (the Via Traiana Nova, Trajanic), 2169 (the Via Herculia, late third century) and 2698 (to Gheriat el-Garbia, a fort of 201); the evidence is in docs/verification/M4-ancient-geometry.md, \"Roads\". Roads with no Barrington period, such as the Via Nova Traiana and the Strata Diocletiana, are left out by the period rule.","sources":["bib:livius-trajan","bib:cassius-dio-roman-history","pleiades:469059303","pleiades:344374"]}]}},"geometry":{"type":"MultiLineString","coordinates":[[[27.83848,37.86209],[27.83865,37.86137],[27.8405,37.85342],[27.84151,37.84541],[27.84436,37.83018],[27.84591,37.8178],[27.84545,37.80673],[27.84646,37.79872],[27.84793,37.78707],[27.84774,37.77382],[27.84783,37.76573],[27.85361,37.75663],[27.8603,37.7476],[27.87084,37.7374],[27.89109,37.73091],[27.90776,37.7234],[27.91921,37.71327],[27.9323,37.70474],[27.94136,37.69884],[27.95225,37.69307],[27.96488,37.68818],[27.97943,37.6827],[27.99223,37.67634],[28.00054,37.6689],[28.00519,37.66118],[28.00691,37.6547],[28.00193,37.64255],[27.99568,37.63325],[27.98394,37.62352],[27.97167,37.61815],[27.95684,37.61111],[27.95234,37.60268],[27.96816,37.60171],[27.97949,37.59966],[27.99273,37.58966],[27.99755,37.58049],[27.99889,37.56957],[28.00223,37.55734],[28.00148,37.54847],[28.00255,37.53973],[28.00837,37.5299],[28.01382,37.52298],[28.02084,37.51838],[28.03234,37.51487],[28.05223,37.51053],[28.06552,37.49981],[28.0705,37.48917],[28.07674,37.4757],[28.07623,37.46465],[28.07335,37.45047],[28.06472,37.43844],[28.05795,37.43351],[28.05145,37.4264],[28.04457,37.41485],[28.04354,37.40817],[28.0394,37.39683],[28.03626,37.38484],[28.03194,37.37497],[28.03063,37.36312],[28.03478,37.3517],[28.03922,37.34543],[28.04583,37.3364],[28.05215,37.32222],[28.05485,37.31509],[28.06369,37.31797],[28.07153,37.32151],[28.08137,37.32374],[28.09057,37.32371],[28.09638,37.32123],[28.11208,37.31289],[28.1218,37.3085],[28.14287,37.30131],[28.15003,37.29525],[28.15389,37.28601],[28.16203,37.27929],[28.18521,37.27739],[28.2006,37.27929],[28.20995,37.2778],[28.2229,37.26924],[28.2326,37.26484],[28.24676,37.26112],[28.2578,37.25315],[28.2736,37.2514],[28.2856,37.25084],[28.29421,37.24781],[28.30009,37.24459],[28.30705,37.23997],[28.30154,37.23223],[28.29071,37.23068],[28.28321,37.22425],[28.28696,37.21573],[28.28997,37.20569],[28.29099,37.19697],[28.28358,37.18981],[28.28071,37.183],[28.27693,37.17612],[28.27563,37.17162],[28.28261,37.15894],[28.28653,37.14897],[28.28729,37.14243],[28.27668,37.13137],[28.272,37.12442],[28.26999,37.11034],[28.27308,37.09958],[28.27821,37.09483],[28.28615,37.08956],[28.29598,37.0837],[28.30366,37.08061],[28.31242,37.07614],[28.32225,37.07028],[28.32845,37.06414],[28.35261,37.06081],[28.371,37.05998],[28.36542,37.04491],[28.35614,37.0303],[28.34463,37.01918],[28.3262,37.01268],[28.30958,37.0063],[28.30326,36.99777],[28.29138,36.98223],[28.29109,36.96902],[28.28314,36.95889],[28.27964,36.94984],[28.27876,36.94171],[28.28029,36.92864],[28.28181,36.91557],[28.27865,36.90362],[28.27424,36.89449],[28.27611,36.87852],[28.27623,36.86431]]]}},{"type":"Feature","properties":{"roadId":"awmc-road-619-2687","major":false,"known":false,"timeperiod":"C?R?","provenance":{"dataset":"AWMC geodata","version":"commit:7ecf8bccea2efe1e1e9df2daf6001942de73fb87;path:Cultural-Data/roads/roads.geojson","upstreamFeatureIds":["awmc:roads-objectid-619","awmc:roads-feature-2687"],"changes":[{"kind":"filter","detail":"An AWMC minor road of the Roman period (Barrington \"R\", 30 BC – AD 300) that passes within 50 km of one of our places (ADR-0037's update of 2026-10-08, item 1).","sources":["awmc:roads-minor-near-places-filter","awmc:roads-roman-period-filter"]},{"kind":"date-exclusions","detail":"Left out as later than AD 100, by AWMC OBJECTID: 1320, 1363, 1403 and 1407 (in Dacia, conquered 101–106), 1203 (the Via Traiana Nova, Trajanic), 2169 (the Via Herculia, late third century) and 2698 (to Gheriat el-Garbia, a fort of 201); the evidence is in docs/verification/M4-ancient-geometry.md, \"Roads\". Roads with no Barrington period, such as the Via Nova Traiana and the Strata Diocletiana, are left out by the period rule.","sources":["bib:livius-trajan","bib:cassius-dio-roman-history","pleiades:469059303","pleiades:344374"]}]}},"geometry":{"type":"MultiLineString","coordinates":[[[27.34752,37.94526],[27.34248,37.94563],[27.33294,37.94804],[27.32481,37.94815],[27.31009,37.94449],[27.3055,37.94089],[27.29433,37.93351],[27.29154,37.93167],[27.28785,37.92894],[27.2836,37.92295],[27.27666,37.91433],[27.27097,37.91143],[27.27692,37.89748],[27.27922,37.88803],[27.27064,37.88409],[27.26985,37.88241],[27.26758,37.86937],[27.2659,37.86681],[27.26343,37.86258],[27.25794,37.85087],[27.2588,37.84452],[27.25989,37.83658],[27.26376,37.83048],[27.27238,37.81918],[27.27868,37.81008],[27.28587,37.80186],[27.29195,37.79435],[27.2996,37.79018],[27.31925,37.78704],[27.32393,37.78985],[27.33696,37.7757],[27.34339,37.77303],[27.36482,37.77164],[27.37135,37.76818],[27.38667,37.76706],[27.39931,37.76331],[27.40437,37.75571]]]}},{"type":"Feature","properties":{"roadId":"awmc-road-621-2226","major":false,"known":false,"timeperiod":"R?L","provenance":{"dataset":"AWMC geodata","version":"commit:7ecf8bccea2efe1e1e9df2daf6001942de73fb87;path:Cultural-Data/roads/roads.geojson","upstreamFeatureIds":["awmc:roads-objectid-621","awmc:roads-feature-2226"],"changes":[{"kind":"filter","detail":"An AWMC minor road of the Roman period (Barrington \"R\", 30 BC – AD 300) that passes within 50 km of one of our places (ADR-0037's update of 2026-10-08, item 1).","sources":["awmc:roads-minor-near-places-filter","awmc:roads-roman-period-filter"]},{"kind":"date-exclusions","detail":"Left out as later than AD 100, by AWMC OBJECTID: 1320, 1363, 1403 and 1407 (in Dacia, conquered 101–106), 1203 (the Via Traiana Nova, Trajanic), 2169 (the Via Herculia, late third century) and 2698 (to Gheriat el-Garbia, a fort of 201); the evidence is in docs/verification/M4-ancient-geometry.md, \"Roads\". Roads with no Barrington period, such as the Via Nova Traiana and the Strata Diocletiana, are left out by the period rule.","sources":["bib:livius-trajan","bib:cassius-dio-roman-history","pleiades:469059303","pleiades:344374"]}]}},"geometry":{"type":"MultiLineString","coordinates":[[[27.27099,37.51055],[27.27643,37.50526],[27.28445,37.50281],[27.29035,37.50281],[27.29683,37.503],[27.31148,37.50509],[27.32081,37.50548],[27.32785,37.50414],[27.3349,37.50072],[27.33947,37.49596],[27.33985,37.49196],[27.33966,37.48701],[27.34194,37.48435],[27.34613,37.48054],[27.34746,37.47654],[27.34701,37.46773],[27.34917,37.4636],[27.35222,37.46188],[27.35622,37.46074],[27.36002,37.45617],[27.36507,37.44837],[27.37211,37.44094],[27.38073,37.43371],[27.39419,37.42819],[27.41342,37.4221],[27.42256,37.41867],[27.42818,37.41288],[27.4315,37.40592],[27.43227,37.39792],[27.43569,37.39507],[27.43919,37.39457],[27.45111,37.39557],[27.46122,37.39569],[27.47195,37.39278],[27.479,37.38898],[27.48376,37.38593],[27.48509,37.38155],[27.48572,37.37683],[27.4889,37.3728],[27.49534,37.36908],[27.50474,37.35864],[27.51459,37.35338],[27.52868,37.34786],[27.53801,37.34615],[27.54981,37.34558],[27.56447,37.34558],[27.57646,37.34405],[27.58466,37.34179],[27.59017,37.3391],[27.59588,37.33549],[27.60071,37.3263],[27.60404,37.31759],[27.60423,37.31283],[27.6029,37.30827],[27.59928,37.30484],[27.59852,37.30217],[27.59319,37.29589],[27.58596,37.29018],[27.58234,37.28466],[27.58265,37.27994]]]}},{"type":"Feature","properties":{"roadId":"awmc-road-621-2689","major":false,"known":false,"timeperiod":"R","provenance":{"dataset":"AWMC geodata","version":"commit:7ecf8bccea2efe1e1e9df2daf6001942de73fb87;path:Cultural-Data/roads/roads.geojson","upstreamFeatureIds":["awmc:roads-objectid-621","awmc:roads-feature-2689"],"changes":[{"kind":"filter","detail":"An AWMC minor road of the Roman period (Barrington \"R\", 30 BC – AD 300) that passes within 50 km of one of our places (ADR-0037's update of 2026-10-08, item 1).","sources":["awmc:roads-minor-near-places-filter","awmc:roads-roman-period-filter"]},{"kind":"date-exclusions","detail":"Left out as later than AD 100, by AWMC OBJECTID: 1320, 1363, 1403 and 1407 (in Dacia, conquered 101–106), 1203 (the Via Traiana Nova, Trajanic), 2169 (the Via Herculia, late third century) and 2698 (to Gheriat el-Garbia, a fort of 201); the evidence is in docs/verification/M4-ancient-geometry.md, \"Roads\". Roads with no Barrington period, such as the Via Nova Traiana and the Strata Diocletiana, are left out by the period rule.","sources":["bib:livius-trajan","bib:cassius-dio-roman-history","pleiades:469059303","pleiades:344374"]}]}},"geometry":{"type":"MultiLineString","coordinates":[[[27.27295,37.52971],[27.27316,37.52103],[27.27197,37.51389],[27.269,37.50377],[27.26543,37.49158],[27.26424,37.48742],[27.26364,37.48295],[27.26305,37.4776],[27.26602,37.47076],[27.26721,37.46511],[27.26454,37.45975],[27.25561,37.45529],[27.25383,37.45262],[27.25264,37.44845],[27.25115,37.44458],[27.24431,37.43923],[27.24253,37.43536],[27.24223,37.42912],[27.23985,37.42198],[27.23896,37.41573],[27.24253,37.40443],[27.24401,37.3967],[27.24758,37.38807]]]}},{"type":"Feature","properties":{"roadId":"awmc-road-622-2688","major":false,"known":false,"timeperiod":"CR","provenance":{"dataset":"AWMC geodata","version":"commit:7ecf8bccea2efe1e1e9df2daf6001942de73fb87;path:Cultural-Data/roads/roads.geojson","upstreamFeatureIds":["awmc:roads-objectid-622","awmc:roads-feature-2688"],"changes":[{"kind":"filter","detail":"An AWMC minor road of the Roman period (Barrington \"R\", 30 BC – AD 300) that passes within 50 km of one of our places (ADR-0037's update of 2026-10-08, item 1).","sources":["awmc:roads-minor-near-places-filter","awmc:roads-roman-period-filter"]},{"kind":"date-exclusions","detail":"Left out as later than AD 100, by AWMC OBJECTID: 1320, 1363, 1403 and 1407 (in Dacia, conquered 101–106), 1203 (the Via Traiana Nova, Trajanic), 2169 (the Via Herculia, late third century) and 2698 (to Gheriat el-Garbia, a fort of 201); the evidence is in docs/verification/M4-ancient-geometry.md, \"Roads\". Roads with no Barrington period, such as the Via Nova Traiana and the Strata Diocletiana, are left out by the period rule.","sources":["bib:livius-trajan","bib:cassius-dio-roman-history","pleiades:469059303","pleiades:344374"]}]}},"geometry":{"type":"MultiLineString","coordinates":[[[27.81386,37.41812],[27.80919,37.40733],[27.8084,37.39766],[27.80721,37.39115],[27.80175,37.3787],[27.79877,37.37045],[27.7961,37.35982],[27.79402,37.35244],[27.78926,37.34245],[27.78589,37.32936],[27.78279,37.32077]]]}},{"type":"Feature","properties":{"roadId":"awmc-road-623-2228","major":false,"known":false,"timeperiod":"H?R","provenance":{"dataset":"AWMC geodata","version":"commit:7ecf8bccea2efe1e1e9df2daf6001942de73fb87;path:Cultural-Data/roads/roads.geojson","upstreamFeatureIds":["awmc:roads-objectid-623","awmc:roads-feature-2228"],"changes":[{"kind":"filter","detail":"An AWMC minor road of the Roman period (Barrington \"R\", 30 BC – AD 300) that passes within 50 km of one of our places (ADR-0037's update of 2026-10-08, item 1).","sources":["awmc:roads-minor-near-places-filter","awmc:roads-roman-period-filter"]},{"kind":"date-exclusions","detail":"Left out as later than AD 100, by AWMC OBJECTID: 1320, 1363, 1403 and 1407 (in Dacia, conquered 101–106), 1203 (the Via Traiana Nova, Trajanic), 2169 (the Via Herculia, late third century) and 2698 (to Gheriat el-Garbia, a fort of 201); the evidence is in docs/verification/M4-ancient-geometry.md, \"Roads\". Roads with no Barrington period, such as the Via Nova Traiana and the Strata Diocletiana, are left out by the period rule.","sources":["bib:livius-trajan","bib:cassius-dio-roman-history","pleiades:469059303","pleiades:344374"]}]}},"geometry":{"type":"MultiLineString","coordinates":[[[27.5867,37.12836],[27.56535,37.12338],[27.55437,37.12327],[27.54458,37.12165],[27.54031,37.1237],[27.5351,37.11766],[27.52317,37.10946],[27.51193,37.10371],[27.50521,37.10155],[27.49881,37.09701],[27.49371,37.09018],[27.48533,37.08547],[27.47774,37.08243],[27.47035,37.07781],[27.45948,37.07689],[27.45485,37.0741],[27.45158,37.06101],[27.44893,37.05839],[27.43978,37.05201],[27.4338,37.0443],[27.43111,37.03446],[27.42345,37.04041],[27.42066,37.04158],[27.41382,37.04346],[27.40506,37.04659],[27.39953,37.04859],[27.39433,37.05132],[27.38705,37.05316],[27.37587,37.05467],[27.37025,37.06054],[27.35568,37.06105],[27.34441,37.05656],[27.33484,37.05257],[27.32425,37.04955],[27.30705,37.04349],[27.29793,37.0427],[27.29031,37.04381],[27.28312,37.04495],[27.27443,37.0442],[27.2672,37.04569],[27.26287,37.04848],[27.25474,37.05658],[27.24911,37.05927],[27.24389,37.05881],[27.23708,37.05717],[27.23014,37.06021],[27.22745,37.05573]],[[27.45948,37.07689],[27.45418,37.08069],[27.44803,37.08405],[27.44491,37.08766],[27.44654,37.09202],[27.44168,37.09549],[27.43353,37.09727],[27.41909,37.09675],[27.41243,37.09724],[27.4049,37.09766],[27.39757,37.09985],[27.39306,37.10405],[27.38598,37.10767],[27.37691,37.10972],[27.37367,37.11754],[27.37237,37.1273],[27.3757,37.13219]]]}},{"type":"Feature","properties":{"roadId":"awmc-road-642-2241","major":true,"known":false,"timeperiod":"RL","provenance":{"dataset":"AWMC geodata","version":"commit:7ecf8bccea2efe1e1e9df2daf6001942de73fb87;path:Cultural-Data/roads/roads.geojson","upstreamFeatureIds":["awmc:roads-objectid-642","awmc:roads-feature-2241"],"changes":[{"kind":"filter","detail":"An AWMC major road of the Roman period (Barrington \"R\", 30 BC – AD 300) in 10–40°E, 28–45°N (ADR-0037 item 5).","sources":["awmc:roads-major-filter","awmc:roads-roman-period-filter"]},{"kind":"date-exclusions","detail":"Left out as later than AD 100, by AWMC OBJECTID: 1320, 1363, 1403 and 1407 (in Dacia, conquered 101–106), 1203 (the Via Traiana Nova, Trajanic), 2169 (the Via Herculia, late third century) and 2698 (to Gheriat el-Garbia, a fort of 201); the evidence is in docs/verification/M4-ancient-geometry.md, \"Roads\". Roads with no Barrington period, such as the Via Nova Traiana and the Strata Diocletiana, are left out by the period rule.","sources":["bib:livius-trajan","bib:cassius-dio-roman-history","pleiades:469059303","pleiades:344374"]}]}},"geometry":{"type":"MultiLineString","coordinates":[[[27.1423,38.30518],[27.14139,38.30649],[27.13481,38.316],[27.129,38.32696],[27.12686,38.34228],[27.12443,38.35354],[27.12708,38.36523],[27.13068,38.38241],[27.1338,38.39684],[27.13598,38.4058],[27.13978,38.42771]],[[27.14066,38.30722],[27.14139,38.30649],[27.14554,38.30237],[27.15122,38.30258],[27.15862,38.29243],[27.16079,38.28723],[27.16266,38.28537],[27.16227,38.28466],[27.17022,38.27051],[27.17799,38.26377],[27.19224,38.25353],[27.19448,38.25372],[27.19825,38.24997],[27.22474,38.23475],[27.25189,38.21753],[27.27454,38.208],[27.29101,38.19997],[27.30392,38.19298],[27.32752,38.18891],[27.33388,38.18608],[27.33325,38.17188],[27.33337,38.15841],[27.32936,38.14393],[27.32801,38.13505],[27.33487,38.12216],[27.33864,38.10752],[27.3432,38.09964],[27.35455,38.09408],[27.37239,38.09279],[27.39409,38.08903],[27.40905,38.08284],[27.41537,38.07965],[27.41942,38.06696],[27.42801,38.05558],[27.43193,38.04381],[27.4298,38.03339],[27.42723,38.01736],[27.42522,38.00603],[27.41409,38.00137],[27.40204,37.99478],[27.39244,37.98746],[27.37612,37.97772],[27.3686,37.97243],[27.36391,37.96366],[27.36502,37.95538],[27.3624,37.94865],[27.35722,37.94356]]]}},{"type":"Feature","properties":{"roadId":"awmc-road-643-2242","major":true,"known":false,"timeperiod":"RL","provenance":{"dataset":"AWMC geodata","version":"commit:7ecf8bccea2efe1e1e9df2daf6001942de73fb87;path:Cultural-Data/roads/roads.geojson","upstreamFeatureIds":["awmc:roads-objectid-643","awmc:roads-feature-2242"],"changes":[{"kind":"filter","detail":"An AWMC major road of the Roman period (Barrington \"R\", 30 BC – AD 300) in 10–40°E, 28–45°N (ADR-0037 item 5).","sources":["awmc:roads-major-filter","awmc:roads-roman-period-filter"]},{"kind":"date-exclusions","detail":"Left out as later than AD 100, by AWMC OBJECTID: 1320, 1363, 1403 and 1407 (in Dacia, conquered 101–106), 1203 (the Via Traiana Nova, Trajanic), 2169 (the Via Herculia, late third century) and 2698 (to Gheriat el-Garbia, a fort of 201); the evidence is in docs/verification/M4-ancient-geometry.md, \"Roads\". Roads with no Barrington period, such as the Via Nova Traiana and the Strata Diocletiana, are left out by the period rule.","sources":["bib:livius-trajan","bib:cassius-dio-roman-history","pleiades:469059303","pleiades:344374"]}]}},"geometry":{"type":"MultiLineString","coordinates":[[[27.13978,38.42771],[27.15721,38.43191],[27.17952,38.43181],[27.19674,38.43127],[27.2136,38.43338],[27.22659,38.43247],[27.241,38.4337],[27.25786,38.43581],[27.27896,38.43828],[27.29688,38.44519],[27.3115,38.45115],[27.32764,38.45858]],[[27.32595,38.45844],[27.33567,38.46263],[27.35027,38.46251],[27.3596,38.46329],[27.37429,38.4625],[27.38353,38.46394],[27.39746,38.46241],[27.42099,38.45965],[27.44282,38.45674],[27.46166,38.45696],[27.48568,38.45692],[27.50452,38.45712],[27.52175,38.45652],[27.53433,38.45215],[27.5447,38.45277],[27.55939,38.45398],[27.57965,38.4622],[27.59112,38.46678],[27.61224,38.4685],[27.63952,38.47289],[27.66128,38.47684],[27.68765,38.48115],[27.70638,38.48703],[27.72807,38.49168],[27.74893,38.49553],[27.76933,38.49569]],[[27.76464,38.49605],[27.78606,38.49556],[27.80601,38.49203],[27.82541,38.49283],[27.84527,38.4973],[27.86016,38.50431],[27.88462,38.50914],[27.90761,38.51093],[27.93529,38.51235],[27.95627,38.51543],[27.98274,38.51164],[28.00066,38.50937],[28.01877,38.50565],[28.03411,38.50171],[28.05221,38.49799],[28.05707,38.49617],[28.06689,38.49501]],[[27.13907,38.42842],[27.16263,38.43981],[27.17919,38.44895],[27.1848,38.45995],[27.17856,38.47274],[27.16819,38.47676],[27.15379,38.47762],[27.13821,38.47418],[27.11147,38.46765],[27.09893,38.46797],[27.08973,38.47629],[27.08563,38.48646],[27.07525,38.49678],[27.06192,38.50264],[27.05389,38.50895],[27.04458,38.51796],[27.03787,38.53201],[27.03528,38.54374],[27.04421,38.56277],[27.0552,38.57355],[27.06325,38.58618],[27.06816,38.59573],[27.07258,38.60875],[27.06601,38.6173],[27.06198,38.62678],[27.05747,38.63973],[27.0499,38.65521],[27.04244,38.66369],[27.03133,38.67255],[27.02385,38.68102],[27.02051,38.68565],[27.02001,38.70175],[27.01322,38.71169],[26.99964,38.71893],[26.98636,38.72408],[26.97848,38.72901],[26.96941,38.74226],[26.9627,38.7515],[26.94999,38.75881],[26.943,38.76382],[26.94753,38.77303],[26.95264,38.7812],[26.95745,38.79146],[26.96749,38.79656],[26.9794,38.80111],[26.98451,38.80929],[26.98864,38.81808],[26.98873,38.83003],[26.98408,38.84367],[27.00241,38.84738],[27.02115,38.84831],[27.03998,38.84855],[27.05003,38.85364],[27.06345,38.86042],[27.06848,38.86929],[27.06957,38.88062],[27.07658,38.88825],[27.07915,38.90182],[27.07709,38.9164],[27.07354,38.92874],[27.06456,38.94131],[27.05636,38.94833],[27.05498,38.95805],[27.05923,38.9788],[27.0624,38.99453],[27.06636,39.01104],[27.07507,39.02585],[27.08655,39.0402],[27.09447,39.04791],[27.1024,39.05562],[27.11161,39.06696],[27.11845,39.07598],[27.12975,39.08538],[27.14323,39.09216],[27.16335,39.10302],[27.17021,39.11204],[27.17499,39.12299],[27.18165,39.14142]]]}},{"type":"Feature","properties":{"roadId":"awmc-road-649-2245","major":true,"known":false,"timeperiod":"RL","provenance":{"dataset":"AWMC geodata","version":"commit:7ecf8bccea2efe1e1e9df2daf6001942de73fb87;path:Cultural-Data/roads/roads.geojson","upstreamFeatureIds":["awmc:roads-objectid-649","awmc:roads-feature-2245"],"changes":[{"kind":"filter","detail":"An AWMC major road of the Roman period (Barrington \"R\", 30 BC – AD 300) in 10–40°E, 28–45°N (ADR-0037 item 5).","sources":["awmc:roads-major-filter","awmc:roads-roman-period-filter"]},{"kind":"date-exclusions","detail":"Left out as later than AD 100, by AWMC OBJECTID: 1320, 1363, 1403 and 1407 (in Dacia, conquered 101–106), 1203 (the Via Traiana Nova, Trajanic), 2169 (the Via Herculia, late third century) and 2698 (to Gheriat el-Garbia, a fort of 201); the evidence is in docs/verification/M4-ancient-geometry.md, \"Roads\". Roads with no Barrington period, such as the Via Nova Traiana and the Strata Diocletiana, are left out by the period rule.","sources":["bib:livius-trajan","bib:cassius-dio-roman-history","pleiades:469059303","pleiades:344374"]}]}},"geometry":{"type":"MultiLineString","coordinates":[[[28.06837,38.49484],[28.0805,38.49431],[28.09181,38.49297],[28.11204,38.4945],[28.12969,38.49438],[28.14562,38.50068],[28.17887,38.50974],[28.20024,38.50185],[28.2185,38.49665],[28.23978,38.48948],[28.26407,38.48034],[28.29019,38.47133],[28.31914,38.46179],[28.34332,38.45335],[28.37076,38.44077],[28.39033,38.43198],[28.41182,38.4226],[28.42953,38.41368],[28.45376,38.40449],[28.47731,38.39306],[28.50594,38.37762],[28.53047,38.36552],[28.54532,38.3571],[28.55999,38.35012],[28.57491,38.34098],[28.58899,38.33104],[28.5989,38.32518]]]}},{"type":"Feature","properties":{"roadId":"awmc-road-652-2248","major":true,"known":false,"timeperiod":"RL","provenance":{"dataset":"AWMC geodata","version":"commit:7ecf8bccea2efe1e1e9df2daf6001942de73fb87;path:Cultural-Data/roads/roads.geojson","upstreamFeatureIds":["awmc:roads-objectid-652","awmc:roads-feature-2248"],"changes":[{"kind":"filter","detail":"An AWMC major road of the Roman period (Barrington \"R\", 30 BC – AD 300) in 10–40°E, 28–45°N (ADR-0037 item 5).","sources":["awmc:roads-major-filter","awmc:roads-roman-period-filter"]},{"kind":"date-exclusions","detail":"Left out as later than AD 100, by AWMC OBJECTID: 1320, 1363, 1403 and 1407 (in Dacia, conquered 101–106), 1203 (the Via Traiana Nova, Trajanic), 2169 (the Via Herculia, late third century) and 2698 (to Gheriat el-Garbia, a fort of 201); the evidence is in docs/verification/M4-ancient-geometry.md, \"Roads\". Roads with no Barrington period, such as the Via Nova Traiana and the Strata Diocletiana, are left out by the period rule.","sources":["bib:livius-trajan","bib:cassius-dio-roman-history","pleiades:469059303","pleiades:344374"]}]}},"geometry":{"type":"MultiLineString","coordinates":[[[27.97743,38.5139],[27.97111,38.52883],[27.96398,38.54299],[27.95888,38.55521],[27.94954,38.5657],[27.94045,38.57411],[27.9326,38.58682],[27.93129,38.59724],[27.93158,38.60917],[27.93407,38.61778],[27.93851,38.62513],[27.93763,38.63208],[27.93349,38.64367],[27.93519,38.65152],[27.94149,38.65831],[27.94991,38.66247],[27.95595,38.67135],[27.95013,38.68212],[27.94474,38.68941],[27.93651,38.69789],[27.92483,38.70541],[27.91332,38.71153],[27.91467,38.72916],[27.91611,38.74611],[27.91374,38.75785],[27.9087,38.77639],[27.901,38.78772],[27.89489,38.80058],[27.88842,38.81621],[27.88018,38.83171],[27.86855,38.84554],[27.86145,38.85902],[27.85532,38.87187],[27.85088,38.88556],[27.84146,38.91009],[27.83297,38.92607]]]}},{"type":"Feature","properties":{"roadId":"awmc-road-652-2683","major":false,"known":false,"timeperiod":"RL","provenance":{"dataset":"AWMC geodata","version":"commit:7ecf8bccea2efe1e1e9df2daf6001942de73fb87;path:Cultural-Data/roads/roads.geojson","upstreamFeatureIds":["awmc:roads-objectid-652","awmc:roads-feature-2683"],"changes":[{"kind":"filter","detail":"An AWMC minor road of the Roman period (Barrington \"R\", 30 BC – AD 300) that passes within 50 km of one of our places (ADR-0037's update of 2026-10-08, item 1).","sources":["awmc:roads-minor-near-places-filter","awmc:roads-roman-period-filter"]},{"kind":"date-exclusions","detail":"Left out as later than AD 100, by AWMC OBJECTID: 1320, 1363, 1403 and 1407 (in Dacia, conquered 101–106), 1203 (the Via Traiana Nova, Trajanic), 2169 (the Via Herculia, late third century) and 2698 (to Gheriat el-Garbia, a fort of 201); the evidence is in docs/verification/M4-ancient-geometry.md, \"Roads\". Roads with no Barrington period, such as the Via Nova Traiana and the Strata Diocletiana, are left out by the period rule.","sources":["bib:livius-trajan","bib:cassius-dio-roman-history","pleiades:469059303","pleiades:344374"]}]}},"geometry":{"type":"MultiLineString","coordinates":[[[27.88722,39.63565],[27.87812,39.62862],[27.86812,39.62152],[27.85631,39.61428],[27.83929,39.60523],[27.81678,39.59645],[27.79257,39.58683],[27.77511,39.58125],[27.75667,39.57629],[27.735,39.56826],[27.71692,39.56051],[27.70102,39.55011],[27.6881,39.53783],[27.68247,39.52543],[27.67333,39.50889],[27.66717,39.49363],[27.66281,39.47851],[27.65774,39.46193],[27.65197,39.44389],[27.65167,39.42558],[27.65086,39.39738],[27.64652,39.38227],[27.64298,39.36792],[27.63542,39.34974],[27.62422,39.32494],[27.60998,39.30271],[27.60448,39.28961],[27.59685,39.27213],[27.58565,39.25435],[27.57748,39.24104],[27.56503,39.22598],[27.5565,39.21545],[27.54473,39.20195],[27.52789,39.20295],[27.48788,39.20234],[27.46657,39.20216],[27.43779,39.20121],[27.39072,39.19522],[27.34565,39.18797],[27.31397,39.18181],[27.28508,39.17518],[27.23683,39.15846],[27.22048,39.15406],[27.20637,39.15026],[27.18165,39.14142]]]}},{"type":"Feature","properties":{"roadId":"awmc-road-652-2684","major":true,"known":false,"timeperiod":"RL","provenance":{"dataset":"AWMC geodata","version":"commit:7ecf8bccea2efe1e1e9df2daf6001942de73fb87;path:Cultural-Data/roads/roads.geojson","upstreamFeatureIds":["awmc:roads-objectid-652","awmc:roads-feature-2684"],"changes":[{"kind":"filter","detail":"An AWMC major road of the Roman period (Barrington \"R\", 30 BC – AD 300) in 10–40°E, 28–45°N (ADR-0037 item 5).","sources":["awmc:roads-major-filter","awmc:roads-roman-period-filter"]},{"kind":"date-exclusions","detail":"Left out as later than AD 100, by AWMC OBJECTID: 1320, 1363, 1403 and 1407 (in Dacia, conquered 101–106), 1203 (the Via Traiana Nova, Trajanic), 2169 (the Via Herculia, late third century) and 2698 (to Gheriat el-Garbia, a fort of 201); the evidence is in docs/verification/M4-ancient-geometry.md, \"Roads\". Roads with no Barrington period, such as the Via Nova Traiana and the Strata Diocletiana, are left out by the period rule.","sources":["bib:livius-trajan","bib:cassius-dio-roman-history","pleiades:469059303","pleiades:344374"]}]}},"geometry":{"type":"MultiLineString","coordinates":[[[27.83297,38.92607],[27.81834,38.95358],[27.81169,38.96353],[27.80275,38.97692],[27.78813,38.99965],[27.78531,39.00323],[27.77305,39.01882],[27.75697,39.04564],[27.74053,39.06822],[27.72095,39.09406],[27.69974,39.11837],[27.68451,39.13824],[27.66731,39.15935],[27.65171,39.17497],[27.63613,39.18356],[27.61331,39.19227],[27.58351,39.19901],[27.55794,39.20116],[27.54473,39.20195],[27.48788,39.20234],[27.46657,39.20216],[27.43779,39.20121],[27.39072,39.19522],[27.34565,39.18797],[27.31397,39.18181],[27.28508,39.17518],[27.23683,39.15846],[27.22048,39.15406],[27.20637,39.15026],[27.18165,39.14142]]]}},{"type":"Feature","properties":{"roadId":"awmc-road-659-2253","major":true,"known":true,"timeperiod":"RL","provenance":{"dataset":"AWMC geodata","version":"commit:7ecf8bccea2efe1e1e9df2daf6001942de73fb87;path:Cultural-Data/roads/roads.geojson","upstreamFeatureIds":["awmc:roads-objectid-659","awmc:roads-feature-2253"],"changes":[{"kind":"filter","detail":"An AWMC major road of the Roman period (Barrington \"R\", 30 BC – AD 300) in 10–40°E, 28–45°N (ADR-0037 item 5).","sources":["awmc:roads-major-filter","awmc:roads-roman-period-filter"]},{"kind":"date-exclusions","detail":"Left out as later than AD 100, by AWMC OBJECTID: 1320, 1363, 1403 and 1407 (in Dacia, conquered 101–106), 1203 (the Via Traiana Nova, Trajanic), 2169 (the Via Herculia, late third century) and 2698 (to Gheriat el-Garbia, a fort of 201); the evidence is in docs/verification/M4-ancient-geometry.md, \"Roads\". Roads with no Barrington period, such as the Via Nova Traiana and the Strata Diocletiana, are left out by the period rule.","sources":["bib:livius-trajan","bib:cassius-dio-roman-history","pleiades:469059303","pleiades:344374"]}]}},"geometry":{"type":"MultiLineString","coordinates":[[[26.98625,38.84105],[26.99671,38.83073],[27.00894,38.82688],[27.02204,38.8231],[27.04028,38.81486]]]}},{"type":"Feature","properties":{"roadId":"awmc-road-660-2254","major":false,"known":false,"timeperiod":"RL","provenance":{"dataset":"AWMC geodata","version":"commit:7ecf8bccea2efe1e1e9df2daf6001942de73fb87;path:Cultural-Data/roads/roads.geojson","upstreamFeatureIds":["awmc:roads-objectid-660","awmc:roads-feature-2254"],"changes":[{"kind":"filter","detail":"An AWMC minor road of the Roman period (Barrington \"R\", 30 BC – AD 300) that passes within 50 km of one of our places (ADR-0037's update of 2026-10-08, item 1).","sources":["awmc:roads-minor-near-places-filter","awmc:roads-roman-period-filter"]},{"kind":"date-exclusions","detail":"Left out as later than AD 100, by AWMC OBJECTID: 1320, 1363, 1403 and 1407 (in Dacia, conquered 101–106), 1203 (the Via Traiana Nova, Trajanic), 2169 (the Via Herculia, late third century) and 2698 (to Gheriat el-Garbia, a fort of 201); the evidence is in docs/verification/M4-ancient-geometry.md, \"Roads\". Roads with no Barrington period, such as the Via Nova Traiana and the Strata Diocletiana, are left out by the period rule.","sources":["bib:livius-trajan","bib:cassius-dio-roman-history","pleiades:469059303","pleiades:344374"]}]}},"geometry":{"type":"MultiLineString","coordinates":[[[27.83297,38.92607],[27.81159,38.92217],[27.79113,38.92056],[27.77218,38.92117],[27.75884,38.92012],[27.73305,38.91808],[27.72069,38.9164],[27.69782,38.91949],[27.66925,38.92494],[27.64816,38.92816],[27.63053,38.93236],[27.60014,38.94466]]]}},{"type":"Feature","properties":{"roadId":"awmc-road-661-2255","major":false,"known":false,"timeperiod":"RL","provenance":{"dataset":"AWMC geodata","version":"commit:7ecf8bccea2efe1e1e9df2daf6001942de73fb87;path:Cultural-Data/roads/roads.geojson","upstreamFeatureIds":["awmc:roads-objectid-661","awmc:roads-feature-2255"],"changes":[{"kind":"filter","detail":"An AWMC minor road of the Roman period (Barrington \"R\", 30 BC – AD 300) that passes within 50 km of one of our places (ADR-0037's update of 2026-10-08, item 1).","sources":["awmc:roads-minor-near-places-filter","awmc:roads-roman-period-filter"]},{"kind":"date-exclusions","detail":"Left out as later than AD 100, by AWMC OBJECTID: 1320, 1363, 1403 and 1407 (in Dacia, conquered 101–106), 1203 (the Via Traiana Nova, Trajanic), 2169 (the Via Herculia, late third century) and 2698 (to Gheriat el-Garbia, a fort of 201); the evidence is in docs/verification/M4-ancient-geometry.md, \"Roads\". Roads with no Barrington period, such as the Via Nova Traiana and the Strata Diocletiana, are left out by the period rule.","sources":["bib:livius-trajan","bib:cassius-dio-roman-history","pleiades:469059303","pleiades:344374"]}]}},"geometry":{"type":"MultiLineString","coordinates":[[[27.22047,39.15405],[27.22048,39.15406],[27.23133,39.16123],[27.244,39.16855],[27.25744,39.18234],[27.27299,39.20052],[27.29923,39.23296],[27.31123,39.25084],[27.31844,39.2641],[27.32636,39.27882],[27.33378,39.29069],[27.34477,39.30286],[27.35667,39.3151],[27.36509,39.32635],[27.37747,39.33511],[27.39136,39.34611],[27.40059,39.35812],[27.41053,39.3716],[27.42047,39.38508],[27.42202,39.39365],[27.41734,39.40804],[27.40529,39.42323],[27.39262,39.43626],[27.3875,39.44709],[27.37742,39.46104],[27.37637,39.46869],[27.37933,39.48019],[27.38541,39.49547],[27.39396,39.50918],[27.4098,39.51963],[27.42762,39.52883],[27.44436,39.53935],[27.45619,39.54595],[27.46655,39.55664],[27.47261,39.56558],[27.48701,39.58013],[27.49596,39.58789],[27.51212,39.59624],[27.52387,39.60352],[27.52923,39.61099],[27.53289,39.61762],[27.54502,39.62212],[27.5512,39.63036],[27.55675,39.63643],[27.55732,39.63749],[27.56184,39.64599],[27.57273,39.66658],[27.57547,39.68017],[27.57478,39.69208],[27.57617,39.70205],[27.57474,39.71954],[27.57477,39.73292],[27.57825,39.74094],[27.58976,39.75031],[27.60399,39.75989],[27.61379,39.76842],[27.62099,39.77603],[27.62647,39.78281],[27.63187,39.79028],[27.63735,39.79705],[27.64354,39.81233],[27.65579,39.82316],[27.67141,39.82932],[27.6958,39.83828],[27.71053,39.84437],[27.72778,39.85206],[27.74451,39.85689],[27.75662,39.86206],[27.77018,39.87015],[27.78157,39.8809],[27.78754,39.89122],[27.79386,39.90579],[27.79575,39.91932],[27.79719,39.92929],[27.79872,39.95266],[27.80315,39.96779],[27.80704,39.98007],[27.81628,39.99346],[27.82118,40.00511],[27.83269,40.01515],[27.84222,40.02645],[27.84704,40.03057],[27.8513,40.0342]]]}},{"type":"Feature","properties":{"roadId":"awmc-road-662-2256","major":false,"known":false,"timeperiod":"RL","provenance":{"dataset":"AWMC geodata","version":"commit:7ecf8bccea2efe1e1e9df2daf6001942de73fb87;path:Cultural-Data/roads/roads.geojson","upstreamFeatureIds":["awmc:roads-objectid-662","awmc:roads-feature-2256"],"changes":[{"kind":"filter","detail":"An AWMC minor road of the Roman period (Barrington \"R\", 30 BC – AD 300) that passes within 50 km of one of our places (ADR-0037's update of 2026-10-08, item 1).","sources":["awmc:roads-minor-near-places-filter","awmc:roads-roman-period-filter"]},{"kind":"date-exclusions","detail":"Left out as later than AD 100, by AWMC OBJECTID: 1320, 1363, 1403 and 1407 (in Dacia, conquered 101–106), 1203 (the Via Traiana Nova, Trajanic), 2169 (the Via Herculia, late third century) and 2698 (to Gheriat el-Garbia, a fort of 201); the evidence is in docs/verification/M4-ancient-geometry.md, \"Roads\". Roads with no Barrington period, such as the Via Nova Traiana and the Strata Diocletiana, are left out by the period rule.","sources":["bib:livius-trajan","bib:cassius-dio-roman-history","pleiades:469059303","pleiades:344374"]}]}},"geometry":{"type":"MultiLineString","coordinates":[[[27.17586,39.14239],[27.16618,39.15352],[27.1541,39.16233],[27.14866,39.1689],[27.13926,39.18427],[27.13304,39.20273],[27.12383,39.21671],[27.1169,39.22737],[27.11116,39.24235],[27.10472,39.25587],[27.10076,39.27101],[27.10465,39.28823],[27.10756,39.30606],[27.11284,39.31989],[27.11574,39.33139],[27.11406,39.34321],[27.11249,39.36067],[27.10774,39.38137],[27.10059,39.39976],[27.09164,39.41167],[27.0776,39.42736],[27.06635,39.43624],[27.05768,39.43972],[27.04562,39.4415],[27.02599,39.44544],[27.00805,39.45022],[26.98432,39.46366],[26.96805,39.47562],[26.95856,39.48465],[26.95075,39.49195],[26.93818,39.50612]]]}},{"type":"Feature","properties":{"roadId":"awmc-road-663-1","major":false,"known":false,"timeperiod":"RL","provenance":{"dataset":"AWMC geodata","version":"commit:7ecf8bccea2efe1e1e9df2daf6001942de73fb87;path:Cultural-Data/roads/roads.geojson","upstreamFeatureIds":["awmc:roads-objectid-663","awmc:roads-feature-1"],"changes":[{"kind":"filter","detail":"An AWMC minor road of the Roman period (Barrington \"R\", 30 BC – AD 300) that passes within 50 km of one of our places (ADR-0037's update of 2026-10-08, item 1).","sources":["awmc:roads-minor-near-places-filter","awmc:roads-roman-period-filter"]},{"kind":"date-exclusions","detail":"Left out as later than AD 100, by AWMC OBJECTID: 1320, 1363, 1403 and 1407 (in Dacia, conquered 101–106), 1203 (the Via Traiana Nova, Trajanic), 2169 (the Via Herculia, late third century) and 2698 (to Gheriat el-Garbia, a fort of 201); the evidence is in docs/verification/M4-ancient-geometry.md, \"Roads\". Roads with no Barrington period, such as the Via Nova Traiana and the Strata Diocletiana, are left out by the period rule.","sources":["bib:livius-trajan","bib:cassius-dio-roman-history","pleiades:469059303","pleiades:344374"]}]}},"geometry":{"type":"MultiLineString","coordinates":[[[26.97074,39.53252],[26.97988,39.54531],[26.98895,39.55807],[26.99452,39.56418],[26.99892,39.5709],[27.00521,39.58413],[27.01169,39.59596],[27.01788,39.60353],[27.02847,39.61219],[27.04507,39.62348],[27.05517,39.63562],[27.06577,39.64428],[27.07727,39.65301],[27.09049,39.6626],[27.101,39.67195],[27.11381,39.67797],[27.12783,39.68198],[27.14165,39.68738],[27.15758,39.69718],[27.17754,39.71085],[27.19019,39.72459],[27.19963,39.73525],[27.20979,39.74738],[27.21363,39.75897],[27.21796,39.76709],[27.22411,39.77535],[27.23296,39.78384],[27.24381,39.79109],[27.25557,39.79842],[27.2833,39.80918],[27.31484,39.81884],[27.33936,39.82651],[27.36369,39.83556],[27.38181,39.84338],[27.39479,39.84867],[27.40025,39.85546],[27.40557,39.86999],[27.40455,39.884],[27.40796,39.89908],[27.40834,39.90968],[27.41061,39.91973],[27.40979,39.93235],[27.41636,39.93782],[27.42765,39.94226],[27.43685,39.94865],[27.44676,39.9565],[27.45486,39.9642],[27.46678,39.97081],[27.4788,39.97671],[27.49654,39.98097],[27.51129,39.98709],[27.52522,39.99243],[27.53353,39.99874],[27.53896,40.00712]]]}},{"type":"Feature","properties":{"roadId":"awmc-road-665-2","major":false,"known":false,"timeperiod":"RL","provenance":{"dataset":"AWMC geodata","version":"commit:7ecf8bccea2efe1e1e9df2daf6001942de73fb87;path:Cultural-Data/roads/roads.geojson","upstreamFeatureIds":["awmc:roads-objectid-665","awmc:roads-feature-2"],"changes":[{"kind":"filter","detail":"An AWMC minor road of the Roman period (Barrington \"R\", 30 BC – AD 300) that passes within 50 km of one of our places (ADR-0037's update of 2026-10-08, item 1).","sources":["awmc:roads-minor-near-places-filter","awmc:roads-roman-period-filter"]},{"kind":"date-exclusions","detail":"Left out as later than AD 100, by AWMC OBJECTID: 1320, 1363, 1403 and 1407 (in Dacia, conquered 101–106), 1203 (the Via Traiana Nova, Trajanic), 2169 (the Via Herculia, late third century) and 2698 (to Gheriat el-Garbia, a fort of 201); the evidence is in docs/verification/M4-ancient-geometry.md, \"Roads\". Roads with no Barrington period, such as the Via Nova Traiana and the Strata Diocletiana, are left out by the period rule.","sources":["bib:livius-trajan","bib:cassius-dio-roman-history","pleiades:469059303","pleiades:344374"]}]}},"geometry":{"type":"MultiLineString","coordinates":[[[26.97074,39.53252],[26.98949,39.54119],[27.00476,39.54885],[27.01943,39.55435],[27.04619,39.55806],[27.07375,39.56254],[27.09752,39.56809],[27.1173,39.56978],[27.12998,39.57016],[27.14986,39.57114],[27.16614,39.57182],[27.18273,39.57674],[27.20912,39.58319],[27.23102,39.58926],[27.24913,39.59641],[27.26284,39.60249],[27.27855,39.60732],[27.29696,39.61237],[27.31139,39.61991],[27.33232,39.62657],[27.35254,39.63177],[27.36964,39.63318],[27.39183,39.63078],[27.41562,39.62991],[27.44381,39.63011],[27.46888,39.62652],[27.48565,39.62365],[27.50375,39.62442],[27.52157,39.62727],[27.5338,39.63107],[27.54803,39.63362],[27.55732,39.63749],[27.56268,39.63973],[27.58131,39.64333],[27.60203,39.64499],[27.62897,39.64784],[27.65239,39.6497],[27.68302,39.65212],[27.70527,39.65599],[27.7269,39.65769],[27.75132,39.6589],[27.77665,39.66017],[27.80261,39.6636],[27.82334,39.66521],[27.84542,39.6634],[27.86039,39.66033],[27.87399,39.65363],[27.88869,39.63837],[27.88975,39.63726]]]}},{"type":"Feature","properties":{"roadId":"awmc-road-667-3","major":true,"known":true,"timeperiod":"RL","provenance":{"dataset":"AWMC geodata","version":"commit:7ecf8bccea2efe1e1e9df2daf6001942de73fb87;path:Cultural-Data/roads/roads.geojson","upstreamFeatureIds":["awmc:roads-objectid-667","awmc:roads-feature-3"],"changes":[{"kind":"filter","detail":"An AWMC major road of the Roman period (Barrington \"R\", 30 BC – AD 300) in 10–40°E, 28–45°N (ADR-0037 item 5).","sources":["awmc:roads-major-filter","awmc:roads-roman-period-filter"]},{"kind":"date-exclusions","detail":"Left out as later than AD 100, by AWMC OBJECTID: 1320, 1363, 1403 and 1407 (in Dacia, conquered 101–106), 1203 (the Via Traiana Nova, Trajanic), 2169 (the Via Herculia, late third century) and 2698 (to Gheriat el-Garbia, a fort of 201); the evidence is in docs/verification/M4-ancient-geometry.md, \"Roads\". Roads with no Barrington period, such as the Via Nova Traiana and the Strata Diocletiana, are left out by the period rule.","sources":["bib:livius-trajan","bib:cassius-dio-roman-history","pleiades:469059303","pleiades:344374"]}]}},"geometry":{"type":"MultiLineString","coordinates":[[[27.88832,39.63802],[27.88869,39.63837],[27.89885,39.64795],[27.90905,39.66047],[27.92026,39.67176],[27.93474,39.68395],[27.94529,39.69388],[27.95684,39.70258],[27.96831,39.71193],[27.98071,39.72069],[27.98919,39.73372],[28.00102,39.747],[28.00767,39.7612],[28.01531,39.76764],[28.02848,39.77711],[28.04325,39.78735],[28.05543,39.79804],[28.07054,39.80569],[28.0817,39.81109],[28.09438,39.8179],[28.10638,39.82335],[28.11731,39.83069],[28.12672,39.8366],[28.13171,39.84414],[28.1341,39.85215],[28.1406,39.8611],[28.14635,39.86935],[28.15928,39.87422]],[[27.78531,39.00323],[27.78531,39.00323],[27.78766,39.02418],[27.78934,39.03906],[27.79147,39.05046],[27.79191,39.06103],[27.79056,39.07146],[27.79456,39.08933],[27.79143,39.10664],[27.79079,39.11853],[27.78917,39.13105],[27.78648,39.14488],[27.78468,39.15879],[27.78378,39.17277],[27.80147,39.17556],[27.81978,39.1805],[27.83578,39.18948],[27.85196,39.19706],[27.86072,39.20617],[27.87548,39.21785],[27.88864,39.228],[27.89903,39.23864],[27.9078,39.24774],[27.92734,39.2647],[27.93801,39.28027],[27.94896,39.29376],[27.95758,39.30426],[27.96712,39.32185],[27.97585,39.33868],[27.97938,39.3537],[27.98408,39.36671],[27.98494,39.38856],[27.98688,39.40909],[27.98595,39.42766],[27.9781,39.44674],[27.96691,39.46347],[27.95616,39.47671],[27.94757,39.49434],[27.93591,39.50752],[27.92523,39.52006],[27.91654,39.53839],[27.90999,39.55406],[27.90191,39.56751],[27.89877,39.57782],[27.89456,39.58945],[27.89277,39.60339],[27.88828,39.61711],[27.88857,39.63613]]]}},{"type":"Feature","properties":{"roadId":"awmc-road-669-2680","major":false,"known":false,"timeperiod":"RL","provenance":{"dataset":"AWMC geodata","version":"commit:7ecf8bccea2efe1e1e9df2daf6001942de73fb87;path:Cultural-Data/roads/roads.geojson","upstreamFeatureIds":["awmc:roads-objectid-669","awmc:roads-feature-2680"],"changes":[{"kind":"filter","detail":"An AWMC minor road of the Roman period (Barrington \"R\", 30 BC – AD 300) that passes within 50 km of one of our places (ADR-0037's update of 2026-10-08, item 1).","sources":["awmc:roads-minor-near-places-filter","awmc:roads-roman-period-filter"]},{"kind":"date-exclusions","detail":"Left out as later than AD 100, by AWMC OBJECTID: 1320, 1363, 1403 and 1407 (in Dacia, conquered 101–106), 1203 (the Via Traiana Nova, Trajanic), 2169 (the Via Herculia, late third century) and 2698 (to Gheriat el-Garbia, a fort of 201); the evidence is in docs/verification/M4-ancient-geometry.md, \"Roads\". Roads with no Barrington period, such as the Via Nova Traiana and the Strata Diocletiana, are left out by the period rule.","sources":["bib:livius-trajan","bib:cassius-dio-roman-history","pleiades:469059303","pleiades:344374"]}]}},"geometry":{"type":"MultiLineString","coordinates":[[[26.15083,39.759],[26.15446,39.76035],[26.17418,39.7642],[26.19736,39.77294],[26.2196,39.78224],[26.23653,39.78777],[26.25575,39.79482],[26.26914,39.80131],[26.27802,39.80411],[26.29328,39.80946],[26.3051,39.81515],[26.31726,39.82414],[26.33098,39.83392],[26.33602,39.83962]]]}},{"type":"Feature","properties":{"roadId":"awmc-road-669-2681","major":false,"known":false,"timeperiod":"RL","provenance":{"dataset":"AWMC geodata","version":"commit:7ecf8bccea2efe1e1e9df2daf6001942de73fb87;path:Cultural-Data/roads/roads.geojson","upstreamFeatureIds":["awmc:roads-objectid-669","awmc:roads-feature-2681"],"changes":[{"kind":"filter","detail":"An AWMC minor road of the Roman period (Barrington \"R\", 30 BC – AD 300) that passes within 50 km of one of our places (ADR-0037's update of 2026-10-08, item 1).","sources":["awmc:roads-minor-near-places-filter","awmc:roads-roman-period-filter"]},{"kind":"date-exclusions","detail":"Left out as later than AD 100, by AWMC OBJECTID: 1320, 1363, 1403 and 1407 (in Dacia, conquered 101–106), 1203 (the Via Traiana Nova, Trajanic), 2169 (the Via Herculia, late third century) and 2698 (to Gheriat el-Garbia, a fort of 201); the evidence is in docs/verification/M4-ancient-geometry.md, \"Roads\". Roads with no Barrington period, such as the Via Nova Traiana and the Strata Diocletiana, are left out by the period rule.","sources":["bib:livius-trajan","bib:cassius-dio-roman-history","pleiades:469059303","pleiades:344374"]}]}},"geometry":{"type":"MultiLineString","coordinates":[[[26.55192,39.54328],[26.55377,39.55324],[26.5528,39.55965],[26.5523,39.56291],[26.54823,39.57298],[26.54083,39.58276],[26.53235,39.58851],[26.5203,39.59002],[26.50086,39.5902],[26.47735,39.58934],[26.46487,39.58819],[26.44829,39.58606],[26.44665,39.58585],[26.43613,39.58292],[26.41849,39.57148],[26.41416,39.56128],[26.40258,39.55433],[26.39463,39.54575],[26.38585,39.53709],[26.37864,39.52923],[26.37113,39.5233],[26.36445,39.51745],[26.35757,39.51289],[26.35039,39.51026],[26.33936,39.50531],[26.33218,39.50267]]]}},{"type":"Feature","properties":{"roadId":"awmc-road-669-4","major":false,"known":false,"timeperiod":"RL","provenance":{"dataset":"AWMC geodata","version":"commit:7ecf8bccea2efe1e1e9df2daf6001942de73fb87;path:Cultural-Data/roads/roads.geojson","upstreamFeatureIds":["awmc:roads-objectid-669","awmc:roads-feature-4"],"changes":[{"kind":"filter","detail":"An AWMC minor road of the Roman period (Barrington \"R\", 30 BC – AD 300) that passes within 50 km of one of our places (ADR-0037's update of 2026-10-08, item 1).","sources":["awmc:roads-minor-near-places-filter","awmc:roads-roman-period-filter"]},{"kind":"date-exclusions","detail":"Left out as later than AD 100, by AWMC OBJECTID: 1320, 1363, 1403 and 1407 (in Dacia, conquered 101–106), 1203 (the Via Traiana Nova, Trajanic), 2169 (the Via Herculia, late third century) and 2698 (to Gheriat el-Garbia, a fort of 201); the evidence is in docs/verification/M4-ancient-geometry.md, \"Roads\". Roads with no Barrington period, such as the Via Nova Traiana and the Strata Diocletiana, are left out by the period rule.","sources":["bib:livius-trajan","bib:cassius-dio-roman-history","pleiades:469059303","pleiades:344374"]}]}},"geometry":{"type":"MultiLineString","coordinates":[[[26.80725,39.20173],[26.77732,39.21454],[26.7618,39.2216],[26.75549,39.2337],[26.74906,39.24649],[26.73724,39.26514],[26.72332,39.2808],[26.71372,39.29541],[26.70512,39.30449],[26.68991,39.31227],[26.71065,39.31907],[26.72513,39.3253],[26.7425,39.33038],[26.75857,39.33815],[26.76797,39.34815],[26.78522,39.36025],[26.79921,39.36994],[26.8109,39.38295],[26.81602,39.39749],[26.82864,39.40424],[26.85419,39.41565],[26.8682,39.42534],[26.87415,39.43431],[26.88528,39.44515],[26.89441,39.45722],[26.90596,39.46527],[26.9181,39.47549],[26.93005,39.48076],[26.93722,39.48772],[26.9376,39.49762],[26.93818,39.50612],[26.95437,39.51422],[26.96304,39.52342],[26.97074,39.53252],[26.97326,39.5508],[26.97352,39.56061],[26.97138,39.56956],[26.96989,39.57987],[26.96849,39.58954],[26.96348,39.59498],[26.95431,39.60006],[26.94282,39.60363],[26.92532,39.6021],[26.91115,39.60087],[26.89413,39.59611],[26.8747,39.59049],[26.85787,39.58444],[26.83983,39.58089],[26.82292,39.57548],[26.81209,39.57452],[26.802,39.57428],[26.77117,39.57742],[26.75016,39.57685],[26.73463,39.57351],[26.71808,39.57156],[26.71141,39.57078],[26.69569,39.56871],[26.67943,39.56464],[26.6577,39.56333],[26.64041,39.56047],[26.62793,39.55934],[26.61197,39.55332],[26.59469,39.55044],[26.56865,39.54415],[26.55857,39.54389],[26.55192,39.54328]]]}},{"type":"Feature","properties":{"roadId":"awmc-road-670-5","major":false,"known":false,"timeperiod":"RL","provenance":{"dataset":"AWMC geodata","version":"commit:7ecf8bccea2efe1e1e9df2daf6001942de73fb87;path:Cultural-Data/roads/roads.geojson","upstreamFeatureIds":["awmc:roads-objectid-670","awmc:roads-feature-5"],"changes":[{"kind":"filter","detail":"An AWMC minor road of the Roman period (Barrington \"R\", 30 BC – AD 300) that passes within 50 km of one of our places (ADR-0037's update of 2026-10-08, item 1).","sources":["awmc:roads-minor-near-places-filter","awmc:roads-roman-period-filter"]},{"kind":"date-exclusions","detail":"Left out as later than AD 100, by AWMC OBJECTID: 1320, 1363, 1403 and 1407 (in Dacia, conquered 101–106), 1203 (the Via Traiana Nova, Trajanic), 2169 (the Via Herculia, late third century) and 2698 (to Gheriat el-Garbia, a fort of 201); the evidence is in docs/verification/M4-ancient-geometry.md, \"Roads\". Roads with no Barrington period, such as the Via Nova Traiana and the Strata Diocletiana, are left out by the period rule.","sources":["bib:livius-trajan","bib:cassius-dio-roman-history","pleiades:469059303","pleiades:344374"]}]}},"geometry":{"type":"MultiLineString","coordinates":[[[26.33218,39.50267],[26.31589,39.50441],[26.29295,39.50552],[26.28965,39.51043],[26.28791,39.51614],[26.28367,39.52162],[26.27611,39.52679],[26.26334,39.52754],[26.24921,39.52621],[26.2353,39.52881],[26.2193,39.52859],[26.20185,39.52693],[26.18678,39.52615],[26.17474,39.52761],[26.16737,39.53148],[26.15875,39.53262],[26.14628,39.53142],[26.13558,39.52974],[26.12644,39.52887],[26.11855,39.53072],[26.11367,39.53483],[26.10942,39.5403],[26.10765,39.54601],[26.106,39.55631],[26.1058,39.56283],[26.10716,39.57015],[26.10976,39.5802],[26.11445,39.58784],[26.12454,39.59339],[26.13193,39.59998],[26.14245,39.60818],[26.15152,39.62016],[26.1584,39.62997],[26.16113,39.64461],[26.16647,39.65885],[26.17097,39.673],[26.17485,39.6858],[26.17176,39.69988],[26.16845,39.71526],[26.16566,39.72742],[26.16391,39.73837],[26.15083,39.759],[26.15857,39.76889],[26.16307,39.77782],[26.16403,39.78772],[26.16979,39.79939],[26.17524,39.81299],[26.17557,39.82152],[26.17862,39.82901],[26.18397,39.84325],[26.18787,39.85605],[26.19719,39.86675],[26.20652,39.87744],[26.21502,39.88806],[26.22121,39.89715],[26.2273,39.90688],[26.23895,39.9191],[26.24662,39.92964],[26.25671,39.94106],[26.27172,39.95359],[26.28443,39.9646],[26.29021,39.97103],[26.30176,39.97865],[26.31006,39.98531],[26.32464,39.99701],[26.32667,39.99864]]]}},{"type":"Feature","properties":{"roadId":"awmc-road-671-6","major":false,"known":false,"timeperiod":"RL","provenance":{"dataset":"AWMC geodata","version":"commit:7ecf8bccea2efe1e1e9df2daf6001942de73fb87;path:Cultural-Data/roads/roads.geojson","upstreamFeatureIds":["awmc:roads-objectid-671","awmc:roads-feature-6"],"changes":[{"kind":"filter","detail":"An AWMC minor road of the Roman period (Barrington \"R\", 30 BC – AD 300) that passes within 50 km of one of our places (ADR-0037's update of 2026-10-08, item 1).","sources":["awmc:roads-minor-near-places-filter","awmc:roads-roman-period-filter"]},{"kind":"date-exclusions","detail":"Left out as later than AD 100, by AWMC OBJECTID: 1320, 1363, 1403 and 1407 (in Dacia, conquered 101–106), 1203 (the Via Traiana Nova, Trajanic), 2169 (the Via Herculia, late third century) and 2698 (to Gheriat el-Garbia, a fort of 201); the evidence is in docs/verification/M4-ancient-geometry.md, \"Roads\". Roads with no Barrington period, such as the Via Nova Traiana and the Strata Diocletiana, are left out by the period rule.","sources":["bib:livius-trajan","bib:cassius-dio-roman-history","pleiades:469059303","pleiades:344374"]}]}},"geometry":{"type":"MultiLineString","coordinates":[[[26.49716,40.04578],[26.49751,40.04488],[26.50281,40.03125],[26.50899,40.01873],[26.51113,40.01042],[26.51607,40.00041],[26.51836,39.98558],[26.52079,39.97533],[26.52386,39.96646],[26.52909,39.95451],[26.53561,39.94529],[26.54769,39.93855],[26.56238,39.93138],[26.58145,39.9233],[26.59485,39.9134],[26.60425,39.90183],[26.61375,39.88961],[26.62128,39.87918],[26.63077,39.86696],[26.64374,39.84852],[26.65902,39.83159],[26.66904,39.82138],[26.68127,39.81333],[26.6989,39.80315],[26.71196,39.79517],[26.7227,39.78567],[26.73067,39.77201],[26.73398,39.7612],[26.73405,39.74945],[26.73181,39.72804],[26.72941,39.71019],[26.7254,39.69742],[26.72319,39.67828],[26.72188,39.66445],[26.71669,39.64831],[26.71362,39.63497],[26.71286,39.62315],[26.71293,39.6114],[26.71354,39.60166],[26.71602,39.59078],[26.71808,39.57156],[26.71817,39.57073]]]}},{"type":"Feature","properties":{"roadId":"awmc-road-672-7","major":false,"known":true,"timeperiod":"RL","provenance":{"dataset":"AWMC geodata","version":"commit:7ecf8bccea2efe1e1e9df2daf6001942de73fb87;path:Cultural-Data/roads/roads.geojson","upstreamFeatureIds":["awmc:roads-objectid-672","awmc:roads-feature-7"],"changes":[{"kind":"filter","detail":"An AWMC minor road of the Roman period (Barrington \"R\", 30 BC – AD 300) that passes within 50 km of one of our places (ADR-0037's update of 2026-10-08, item 1).","sources":["awmc:roads-minor-near-places-filter","awmc:roads-roman-period-filter"]},{"kind":"date-exclusions","detail":"Left out as later than AD 100, by AWMC OBJECTID: 1320, 1363, 1403 and 1407 (in Dacia, conquered 101–106), 1203 (the Via Traiana Nova, Trajanic), 2169 (the Via Herculia, late third century) and 2698 (to Gheriat el-Garbia, a fort of 201); the evidence is in docs/verification/M4-ancient-geometry.md, \"Roads\". Roads with no Barrington period, such as the Via Nova Traiana and the Strata Diocletiana, are left out by the period rule.","sources":["bib:livius-trajan","bib:cassius-dio-roman-history","pleiades:469059303","pleiades:344374"]}]}},"geometry":{"type":"MultiLineString","coordinates":[[[26.36057,40.04889],[26.34781,40.03538],[26.33788,40.02565],[26.32964,40.01256],[26.32466,39.99817],[26.32464,39.99701],[26.32438,39.98375],[26.31872,39.96032],[26.31654,39.9418],[26.31721,39.92682],[26.31881,39.91127],[26.31942,39.9074],[26.32363,39.89144],[26.32845,39.87161],[26.33202,39.85429],[26.33458,39.84341],[26.33891,39.83204],[26.34873,39.81269],[26.35721,39.79648],[26.3613,39.78117],[26.36656,39.76924],[26.36887,39.75442],[26.3764,39.73878],[26.37968,39.72862],[26.38676,39.71033],[26.39344,39.69461],[26.41102,39.65768],[26.42459,39.63019],[26.43145,39.61319],[26.4376,39.60069],[26.44586,39.591],[26.44829,39.58606],[26.45324,39.57601],[26.46265,39.56969],[26.47153,39.56137],[26.48476,39.55214],[26.50312,39.54795],[26.51443,39.54572],[26.5276,39.54236],[26.55192,39.54328]]]}},{"type":"Feature","properties":{"roadId":"awmc-road-673-8","major":false,"known":false,"timeperiod":"R","provenance":{"dataset":"AWMC geodata","version":"commit:7ecf8bccea2efe1e1e9df2daf6001942de73fb87;path:Cultural-Data/roads/roads.geojson","upstreamFeatureIds":["awmc:roads-objectid-673","awmc:roads-feature-8"],"changes":[{"kind":"filter","detail":"An AWMC minor road of the Roman period (Barrington \"R\", 30 BC – AD 300) that passes within 50 km of one of our places (ADR-0037's update of 2026-10-08, item 1).","sources":["awmc:roads-minor-near-places-filter","awmc:roads-roman-period-filter"]},{"kind":"date-exclusions","detail":"Left out as later than AD 100, by AWMC OBJECTID: 1320, 1363, 1403 and 1407 (in Dacia, conquered 101–106), 1203 (the Via Traiana Nova, Trajanic), 2169 (the Via Herculia, late third century) and 2698 (to Gheriat el-Garbia, a fort of 201); the evidence is in docs/verification/M4-ancient-geometry.md, \"Roads\". Roads with no Barrington period, such as the Via Nova Traiana and the Strata Diocletiana, are left out by the period rule.","sources":["bib:livius-trajan","bib:cassius-dio-roman-history","pleiades:469059303","pleiades:344374"]}]}},"geometry":{"type":"MultiLineString","coordinates":[[[27.33461,38.18479],[27.34599,38.178],[27.35482,38.17565],[27.37725,38.17909],[27.39499,38.17851],[27.41419,38.18167],[27.43165,38.18313],[27.44977,38.18463],[27.47313,38.18606],[27.48171,38.19039],[27.49036,38.1942],[27.50085,38.19403],[27.51645,38.19481],[27.53049,38.19751],[27.54064,38.19989],[27.55137,38.20284],[27.56608,38.20043],[27.57664,38.19975],[27.58673,38.20264],[27.59579,38.20338],[27.608,38.21005],[27.61711,38.21544],[27.63277,38.22084],[27.65213,38.22293],[27.66657,38.22255],[27.68284,38.21818],[27.69329,38.21334],[27.70691,38.20411],[27.71521,38.19549],[27.72391,38.1838],[27.72982,38.17344],[27.73507,38.16818]]]}},{"type":"Feature","properties":{"roadId":"awmc-road-674-9","major":false,"known":true,"timeperiod":"R","provenance":{"dataset":"AWMC geodata","version":"commit:7ecf8bccea2efe1e1e9df2daf6001942de73fb87;path:Cultural-Data/roads/roads.geojson","upstreamFeatureIds":["awmc:roads-objectid-674","awmc:roads-feature-9"],"changes":[{"kind":"filter","detail":"An AWMC minor road of the Roman period (Barrington \"R\", 30 BC – AD 300) that passes within 50 km of one of our places (ADR-0037's update of 2026-10-08, item 1).","sources":["awmc:roads-minor-near-places-filter","awmc:roads-roman-period-filter"]},{"kind":"date-exclusions","detail":"Left out as later than AD 100, by AWMC OBJECTID: 1320, 1363, 1403 and 1407 (in Dacia, conquered 101–106), 1203 (the Via Traiana Nova, Trajanic), 2169 (the Via Herculia, late third century) and 2698 (to Gheriat el-Garbia, a fort of 201); the evidence is in docs/verification/M4-ancient-geometry.md, \"Roads\". Roads with no Barrington period, such as the Via Nova Traiana and the Strata Diocletiana, are left out by the period rule.","sources":["bib:livius-trajan","bib:cassius-dio-roman-history","pleiades:469059303","pleiades:344374"]}]}},"geometry":{"type":"MultiLineString","coordinates":[[[26.3617,40.049],[26.36472,40.05896],[26.36674,40.06796],[26.36778,40.07598],[26.37374,40.08181],[26.38069,40.08862],[26.39217,40.09585],[26.40252,40.10297],[26.41035,40.11161],[26.41663,40.12276],[26.41641,40.13154],[26.41858,40.13967],[26.41926,40.15735],[26.41722,40.17037],[26.41718,40.18534],[26.41781,40.19597],[26.42248,40.19551],[26.43715,40.18982],[26.46219,40.19123],[26.48271,40.19222],[26.49929,40.19638],[26.51167,40.20543],[26.52972,40.215],[26.53958,40.22558],[26.5565,40.23504],[26.56297,40.24531],[26.5727,40.25676],[26.58978,40.26535],[26.60172,40.26994],[26.6158,40.27561],[26.6212,40.27786],[26.62976,40.29712],[26.6462,40.31004],[26.6615,40.32286],[26.67267,40.33266],[26.68524,40.34083],[26.69541,40.34966],[26.70519,40.3611],[26.71297,40.37059],[26.72368,40.37595],[26.73967,40.38441],[26.74899,40.3914],[26.76854,40.39928],[26.78586,40.39904],[26.81445,40.39274],[26.82507,40.39103],[26.83771,40.39125],[26.85048,40.3906],[26.85958,40.39139],[26.88459,40.39356],[26.89597,40.39455],[26.91024,40.3993],[26.92024,40.394],[26.92455,40.38821],[26.9286,40.38416],[26.9295,40.37807],[26.93936,40.37364],[26.953,40.37481],[26.96045,40.37897],[26.96929,40.38149],[26.99103,40.38248],[27.00619,40.38113],[27.01984,40.38229],[27.03121,40.38326],[27.04246,40.3851],[27.05661,40.3907]]]}},{"type":"Feature","properties":{"roadId":"awmc-road-675-10","major":false,"known":false,"timeperiod":"R","provenance":{"dataset":"AWMC geodata","version":"commit:7ecf8bccea2efe1e1e9df2daf6001942de73fb87;path:Cultural-Data/roads/roads.geojson","upstreamFeatureIds":["awmc:roads-objectid-675","awmc:roads-feature-10"],"changes":[{"kind":"filter","detail":"An AWMC minor road of the Roman period (Barrington \"R\", 30 BC – AD 300) that passes within 50 km of one of our places (ADR-0037's update of 2026-10-08, item 1).","sources":["awmc:roads-minor-near-places-filter","awmc:roads-roman-period-filter"]},{"kind":"date-exclusions","detail":"Left out as later than AD 100, by AWMC OBJECTID: 1320, 1363, 1403 and 1407 (in Dacia, conquered 101–106), 1203 (the Via Traiana Nova, Trajanic), 2169 (the Via Herculia, late third century) and 2698 (to Gheriat el-Garbia, a fort of 201); the evidence is in docs/verification/M4-ancient-geometry.md, \"Roads\". Roads with no Barrington period, such as the Via Nova Traiana and the Strata Diocletiana, are left out by the period rule.","sources":["bib:livius-trajan","bib:cassius-dio-roman-history","pleiades:469059303","pleiades:344374"]}]}},"geometry":{"type":"MultiLineString","coordinates":[[[26.49766,40.04391],[26.49751,40.04488],[26.49565,40.05693],[26.4925,40.06985],[26.48411,40.07964],[26.48169,40.09527],[26.48659,40.10804],[26.48877,40.11617],[26.49068,40.12603],[26.49014,40.1295],[26.48088,40.13746],[26.46351,40.13851],[26.44541,40.13685],[26.43356,40.13929],[26.41858,40.13967]]]}},{"type":"Feature","properties":{"roadId":"awmc-road-676-11","major":true,"known":false,"timeperiod":"R","provenance":{"dataset":"AWMC geodata","version":"commit:7ecf8bccea2efe1e1e9df2daf6001942de73fb87;path:Cultural-Data/roads/roads.geojson","upstreamFeatureIds":["awmc:roads-objectid-676","awmc:roads-feature-11"],"changes":[{"kind":"filter","detail":"An AWMC major road of the Roman period (Barrington \"R\", 30 BC – AD 300) in 10–40°E, 28–45°N (ADR-0037 item 5).","sources":["awmc:roads-major-filter","awmc:roads-roman-period-filter"]},{"kind":"date-exclusions","detail":"Left out as later than AD 100, by AWMC OBJECTID: 1320, 1363, 1403 and 1407 (in Dacia, conquered 101–106), 1203 (the Via Traiana Nova, Trajanic), 2169 (the Via Herculia, late third century) and 2698 (to Gheriat el-Garbia, a fort of 201); the evidence is in docs/verification/M4-ancient-geometry.md, \"Roads\". Roads with no Barrington period, such as the Via Nova Traiana and the Strata Diocletiana, are left out by the period rule.","sources":["bib:livius-trajan","bib:cassius-dio-roman-history","pleiades:469059303","pleiades:344374"]}]}},"geometry":{"type":"MultiLineString","coordinates":[[[27.08309,40.97394],[27.08115,40.97391],[27.0531,40.97349],[27.02041,40.97281],[26.99462,40.97166],[26.97445,40.96883],[26.95714,40.9664],[26.92627,40.96273],[26.90125,40.95645],[26.87234,40.94879],[26.84105,40.93884],[26.8147,40.93241],[26.79791,40.9351],[26.77557,40.93833],[26.7555,40.93554],[26.73139,40.9324],[26.6866,40.93054],[26.63912,40.92841],[26.58324,40.92759],[26.5368,40.92758],[26.50716,40.92491],[26.47451,40.92404],[26.44051,40.92303],[26.40905,40.92328],[26.38264,40.92605]]]}},{"type":"Feature","properties":{"roadId":"awmc-road-677-12","major":true,"known":false,"timeperiod":"R","provenance":{"dataset":"AWMC geodata","version":"commit:7ecf8bccea2efe1e1e9df2daf6001942de73fb87;path:Cultural-Data/roads/roads.geojson","upstreamFeatureIds":["awmc:roads-objectid-677","awmc:roads-feature-12"],"changes":[{"kind":"filter","detail":"An AWMC major road of the Roman period (Barrington \"R\", 30 BC – AD 300) in 10–40°E, 28–45°N (ADR-0037 item 5).","sources":["awmc:roads-major-filter","awmc:roads-roman-period-filter"]},{"kind":"date-exclusions","detail":"Left out as later than AD 100, by AWMC OBJECTID: 1320, 1363, 1403 and 1407 (in Dacia, conquered 101–106), 1203 (the Via Traiana Nova, Trajanic), 2169 (the Via Herculia, late third century) and 2698 (to Gheriat el-Garbia, a fort of 201); the evidence is in docs/verification/M4-ancient-geometry.md, \"Roads\". Roads with no Barrington period, such as the Via Nova Traiana and the Strata Diocletiana, are left out by the period rule.","sources":["bib:livius-trajan","bib:cassius-dio-roman-history","pleiades:469059303","pleiades:344374"]}]}},"geometry":{"type":"MultiLineString","coordinates":[[[26.97453,40.96892],[26.97445,40.96883],[26.9675,40.96107],[26.96631,40.95062],[26.96423,40.93698],[26.96155,40.92743],[26.96037,40.91697],[26.95649,40.90629],[26.93734,40.89741],[26.92193,40.89091],[26.89888,40.88997],[26.87313,40.88879],[26.85262,40.88909],[26.81132,40.88241],[26.77916,40.87857],[26.75238,40.8752],[26.7241,40.87272],[26.69568,40.87126],[26.65814,40.86691],[26.61871,40.85719],[26.57913,40.84849],[26.53062,40.83585],[26.48381,40.82127],[26.44444,40.81149],[26.41583,40.80267],[26.38138,40.79641],[26.3486,40.78822],[26.31217,40.7859],[26.2774,40.78165],[26.24986,40.77495],[26.2287,40.77091],[26.20166,40.76113],[26.17967,40.75389],[26.14209,40.75035],[26.11994,40.74412],[26.08522,40.73151]]]}},{"type":"Feature","properties":{"roadId":"awmc-road-678-13","major":true,"known":false,"timeperiod":"R","provenance":{"dataset":"AWMC geodata","version":"commit:7ecf8bccea2efe1e1e9df2daf6001942de73fb87;path:Cultural-Data/roads/roads.geojson","upstreamFeatureIds":["awmc:roads-objectid-678","awmc:roads-feature-13"],"changes":[{"kind":"filter","detail":"An AWMC major road of the Roman period (Barrington \"R\", 30 BC – AD 300) in 10–40°E, 28–45°N (ADR-0037 item 5).","sources":["awmc:roads-major-filter","awmc:roads-roman-period-filter"]},{"kind":"date-exclusions","detail":"Left out as later than AD 100, by AWMC OBJECTID: 1320, 1363, 1403 and 1407 (in Dacia, conquered 101–106), 1203 (the Via Traiana Nova, Trajanic), 2169 (the Via Herculia, late third century) and 2698 (to Gheriat el-Garbia, a fort of 201); the evidence is in docs/verification/M4-ancient-geometry.md, \"Roads\". Roads with no Barrington period, such as the Via Nova Traiana and the Strata Diocletiana, are left out by the period rule.","sources":["bib:livius-trajan","bib:cassius-dio-roman-history","pleiades:469059303","pleiades:344374"]}]}},"geometry":{"type":"MultiLineString","coordinates":[[[26.13806,40.74997],[26.14714,40.76119],[26.15152,40.77611],[26.15356,40.78874],[26.14737,40.80163],[26.14604,40.8098],[26.138,40.82563],[26.1323,40.83546],[26.12559,40.84312],[26.10661,40.85066],[26.08561,40.85385],[26.06359,40.85488],[26.04342,40.86126]]]}},{"type":"Feature","properties":{"roadId":"awmc-road-679-14","major":true,"known":true,"timeperiod":"R","provenance":{"dataset":"AWMC geodata","version":"commit:7ecf8bccea2efe1e1e9df2daf6001942de73fb87;path:Cultural-Data/roads/roads.geojson","upstreamFeatureIds":["awmc:roads-objectid-679","awmc:roads-feature-14"],"changes":[{"kind":"filter","detail":"An AWMC major road of the Roman period (Barrington \"R\", 30 BC – AD 300) in 10–40°E, 28–45°N (ADR-0037 item 5).","sources":["awmc:roads-major-filter","awmc:roads-roman-period-filter"]},{"kind":"date-exclusions","detail":"Left out as later than AD 100, by AWMC OBJECTID: 1320, 1363, 1403 and 1407 (in Dacia, conquered 101–106), 1203 (the Via Traiana Nova, Trajanic), 2169 (the Via Herculia, late third century) and 2698 (to Gheriat el-Garbia, a fort of 201); the evidence is in docs/verification/M4-ancient-geometry.md, \"Roads\". Roads with no Barrington period, such as the Via Nova Traiana and the Strata Diocletiana, are left out by the period rule.","sources":["bib:livius-trajan","bib:cassius-dio-roman-history","pleiades:469059303","pleiades:344374"]}]}},"geometry":{"type":"MultiLineString","coordinates":[[[24.78277,41.08386],[24.78158,41.08892],[24.77623,41.09249],[24.76866,41.09312],[24.76152,41.08812],[24.75188,41.07598],[24.73171,41.05171],[24.71994,41.03744],[24.71351,41.03208],[24.70138,41.02851],[24.67461,41.0203],[24.65141,41.01245],[24.63963,41.00674],[24.62928,40.99853],[24.61893,40.99389],[24.59323,40.98568],[24.57717,40.97819],[24.56575,40.97462],[24.54754,40.97069],[24.50739,40.96463],[24.48919,40.96284],[24.48134,40.95963],[24.47241,40.95285],[24.46599,40.94963],[24.45956,40.94999],[24.45314,40.95249],[24.44295,40.95243],[24.43315,40.95035],[24.4253,40.94143],[24.41887,40.93857],[24.40281,40.93964],[24.38818,40.94499],[24.3764,40.9532],[24.36391,40.96213],[24.35596,40.97083],[24.35035,40.97533],[24.33,40.99175],[24.31858,41.00282],[24.31019,41.00674],[24.29199,41.01781],[24.28628,41.02459],[24.28128,41.03601],[24.26986,41.04458],[24.25059,41.05493],[24.23274,41.05992],[24.21097,41.06206],[24.19421,41.06073],[24.17403,41.05921],[24.15939,41.05707],[24.14226,41.05421],[24.13013,41.05029],[24.12026,41.04585],[24.11264,41.04243],[24.08301,41.03322],[24.04875,41.02073],[23.99593,41.00139],[23.96844,40.99211],[23.93596,40.98711],[23.90706,40.98217]]]}},{"type":"Feature","properties":{"roadId":"awmc-road-679-2659","major":true,"known":true,"timeperiod":"R","provenance":{"dataset":"AWMC geodata","version":"commit:7ecf8bccea2efe1e1e9df2daf6001942de73fb87;path:Cultural-Data/roads/roads.geojson","upstreamFeatureIds":["awmc:roads-objectid-679","awmc:roads-feature-2659"],"changes":[{"kind":"filter","detail":"An AWMC major road of the Roman period (Barrington \"R\", 30 BC – AD 300) in 10–40°E, 28–45°N (ADR-0037 item 5).","sources":["awmc:roads-major-filter","awmc:roads-roman-period-filter"]},{"kind":"date-exclusions","detail":"Left out as later than AD 100, by AWMC OBJECTID: 1320, 1363, 1403 and 1407 (in Dacia, conquered 101–106), 1203 (the Via Traiana Nova, Trajanic), 2169 (the Via Herculia, late third century) and 2698 (to Gheriat el-Garbia, a fort of 201); the evidence is in docs/verification/M4-ancient-geometry.md, \"Roads\". Roads with no Barrington period, such as the Via Nova Traiana and the Strata Diocletiana, are left out by the period rule.","sources":["bib:livius-trajan","bib:cassius-dio-roman-history","pleiades:469059303","pleiades:344374"]}]}},"geometry":{"type":"MultiLineString","coordinates":[[[26.3813,40.92593],[26.34681,40.92796],[26.33236,40.93285],[26.30918,40.94108],[26.29893,40.94532],[26.28194,40.94893],[26.26272,40.94094],[26.24735,40.92603],[26.23048,40.91203],[26.20757,40.9016],[26.18366,40.889],[26.16363,40.87779],[26.13621,40.87003],[26.11503,40.86596],[26.08712,40.86125],[26.05939,40.86381],[26.03653,40.86164],[26.01536,40.85755],[25.98662,40.85791],[25.96006,40.86159],[25.93889,40.85748],[25.90529,40.85424],[25.87706,40.85151],[25.85537,40.85459],[25.82863,40.85925],[25.80141,40.85867],[25.77536,40.85923],[25.74457,40.86347],[25.72775,40.86597],[25.71625,40.87728],[25.70761,40.88784],[25.70212,40.9039],[25.69599,40.91575],[25.69072,40.92249],[25.68008,40.9287],[25.67259,40.94042],[25.66563,40.94907],[25.66791,40.95967],[25.67628,40.96672],[25.68916,40.97941],[25.69197,40.98696],[25.69004,40.99818],[25.68911,41.01158],[25.69186,41.02743],[25.69702,41.03728],[25.66912,41.04802],[25.6289,41.05857],[25.59792,41.07106],[25.57134,41.08191],[25.52855,41.09113],[25.48269,41.1021],[25.45067,41.11237],[25.41674,41.12556],[25.38415,41.13887],[25.35336,41.14197],[25.33897,41.14237],[25.32371,41.1404],[25.28267,41.13398],[25.25304,41.13255],[25.21914,41.13184],[25.17367,41.1239],[25.13544,41.12006],[25.08369,41.12006],[25.03943,41.12398],[25.00766,41.12506],[24.98875,41.1272],[24.97447,41.13112],[24.96215,41.13219],[24.94716,41.13077],[24.9311,41.12648],[24.90219,41.12541],[24.88577,41.12327],[24.85544,41.11363],[24.84294,41.10935],[24.80654,41.099],[24.77623,41.09249]]]}},{"type":"Feature","properties":{"roadId":"awmc-road-680-15","major":true,"known":false,"timeperiod":"R","provenance":{"dataset":"AWMC geodata","version":"commit:7ecf8bccea2efe1e1e9df2daf6001942de73fb87;path:Cultural-Data/roads/roads.geojson","upstreamFeatureIds":["awmc:roads-objectid-680","awmc:roads-feature-15"],"changes":[{"kind":"filter","detail":"An AWMC major road of the Roman period (Barrington \"R\", 30 BC – AD 300) in 10–40°E, 28–45°N (ADR-0037 item 5).","sources":["awmc:roads-major-filter","awmc:roads-roman-period-filter"]},{"kind":"date-exclusions","detail":"Left out as later than AD 100, by AWMC OBJECTID: 1320, 1363, 1403 and 1407 (in Dacia, conquered 101–106), 1203 (the Via Traiana Nova, Trajanic), 2169 (the Via Herculia, late third century) and 2698 (to Gheriat el-Garbia, a fort of 201); the evidence is in docs/verification/M4-ancient-geometry.md, \"Roads\". Roads with no Barrington period, such as the Via Nova Traiana and the Strata Diocletiana, are left out by the period rule.","sources":["bib:livius-trajan","bib:cassius-dio-roman-history","pleiades:469059303","pleiades:344374"]}]}},"geometry":{"type":"MultiLineString","coordinates":[[[26.26576,40.94329],[26.27206,40.96357],[26.27417,40.9845],[26.27055,41.00698],[26.27604,41.03237],[26.28226,41.07028],[26.29337,41.10345],[26.30024,41.12898],[26.30506,41.15017],[26.30632,41.16792],[26.30656,41.1835],[26.31291,41.20379],[26.31315,41.21938],[26.31634,41.24058],[26.31647,41.24147]]]}},{"type":"Feature","properties":{"roadId":"awmc-road-681-16","major":true,"known":true,"timeperiod":"R","provenance":{"dataset":"AWMC geodata","version":"commit:7ecf8bccea2efe1e1e9df2daf6001942de73fb87;path:Cultural-Data/roads/roads.geojson","upstreamFeatureIds":["awmc:roads-objectid-681","awmc:roads-feature-16"],"changes":[{"kind":"filter","detail":"An AWMC major road of the Roman period (Barrington \"R\", 30 BC – AD 300) in 10–40°E, 28–45°N (ADR-0037 item 5).","sources":["awmc:roads-major-filter","awmc:roads-roman-period-filter"]},{"kind":"date-exclusions","detail":"Left out as later than AD 100, by AWMC OBJECTID: 1320, 1363, 1403 and 1407 (in Dacia, conquered 101–106), 1203 (the Via Traiana Nova, Trajanic), 2169 (the Via Herculia, late third century) and 2698 (to Gheriat el-Garbia, a fort of 201); the evidence is in docs/verification/M4-ancient-geometry.md, \"Roads\". Roads with no Barrington period, such as the Via Nova Traiana and the Strata Diocletiana, are left out by the period rule.","sources":["bib:livius-trajan","bib:cassius-dio-roman-history","pleiades:469059303","pleiades:344374"]}]}},"geometry":{"type":"MultiLineString","coordinates":[[[26.31567,41.23945],[26.31634,41.24058],[26.32486,41.255],[26.33227,41.26549],[26.344,41.27342],[26.36163,41.27699],[26.38741,41.27836],[26.40791,41.28022],[26.4238,41.28656],[26.43939,41.29483],[26.45581,41.30612],[26.46643,41.31296],[26.47849,41.31895],[26.49364,41.33011],[26.49627,41.33819],[26.49089,41.34752],[26.48582,41.35491],[26.48943,41.36504],[26.4935,41.37227]]]}},{"type":"Feature","properties":{"roadId":"awmc-road-682-17","major":true,"known":false,"timeperiod":"R","provenance":{"dataset":"AWMC geodata","version":"commit:7ecf8bccea2efe1e1e9df2daf6001942de73fb87;path:Cultural-Data/roads/roads.geojson","upstreamFeatureIds":["awmc:roads-objectid-682","awmc:roads-feature-17"],"changes":[{"kind":"filter","detail":"An AWMC major road of the Roman period (Barrington \"R\", 30 BC – AD 300) in 10–40°E, 28–45°N (ADR-0037 item 5).","sources":["awmc:roads-major-filter","awmc:roads-roman-period-filter"]},{"kind":"date-exclusions","detail":"Left out as later than AD 100, by AWMC OBJECTID: 1320, 1363, 1403 and 1407 (in Dacia, conquered 101–106), 1203 (the Via Traiana Nova, Trajanic), 2169 (the Via Herculia, late third century) and 2698 (to Gheriat el-Garbia, a fort of 201); the evidence is in docs/verification/M4-ancient-geometry.md, \"Roads\". Roads with no Barrington period, such as the Via Nova Traiana and the Strata Diocletiana, are left out by the period rule.","sources":["bib:livius-trajan","bib:cassius-dio-roman-history","pleiades:469059303","pleiades:344374"]}]}},"geometry":{"type":"MultiLineString","coordinates":[[[26.49294,41.37346],[26.50567,41.38669],[26.50745,41.39893],[26.51345,41.40784],[26.53359,41.41336],[26.55007,41.41854],[26.55867,41.42675],[26.56303,41.43829],[26.56317,41.45319],[26.55599,41.46743],[26.54364,41.48308],[26.53006,41.49861],[26.52918,41.51993],[26.52615,41.5392],[26.52325,41.55755],[26.51812,41.58221],[26.51659,41.59976],[26.52024,41.6159],[26.52864,41.6334],[26.54302,41.65236],[26.55244,41.66343],[26.56698,41.68147],[26.54731,41.6881],[26.52008,41.68755],[26.49703,41.69201],[26.47475,41.69933],[26.4436,41.70772],[26.4074,41.71657],[26.37883,41.72424],[26.35299,41.73028],[26.32408,41.73231],[26.30005,41.73478],[26.27146,41.74242],[26.25496,41.75208],[26.23738,41.76072],[26.22377,41.76785],[26.2042,41.78096]]]}},{"type":"Feature","properties":{"roadId":"awmc-road-691-24","major":true,"known":false,"timeperiod":"RL","provenance":{"dataset":"AWMC geodata","version":"commit:7ecf8bccea2efe1e1e9df2daf6001942de73fb87;path:Cultural-Data/roads/roads.geojson","upstreamFeatureIds":["awmc:roads-objectid-691","awmc:roads-feature-24"],"changes":[{"kind":"filter","detail":"An AWMC major road of the Roman period (Barrington \"R\", 30 BC – AD 300) in 10–40°E, 28–45°N (ADR-0037 item 5).","sources":["awmc:roads-major-filter","awmc:roads-roman-period-filter"]},{"kind":"date-exclusions","detail":"Left out as later than AD 100, by AWMC OBJECTID: 1320, 1363, 1403 and 1407 (in Dacia, conquered 101–106), 1203 (the Via Traiana Nova, Trajanic), 2169 (the Via Herculia, late third century) and 2698 (to Gheriat el-Garbia, a fort of 201); the evidence is in docs/verification/M4-ancient-geometry.md, \"Roads\". Roads with no Barrington period, such as the Via Nova Traiana and the Strata Diocletiana, are left out by the period rule.","sources":["bib:livius-trajan","bib:cassius-dio-roman-history","pleiades:469059303","pleiades:344374"]}]}},"geometry":{"type":"MultiLineString","coordinates":[[[27.70169,42.42072],[27.69757,42.41267],[27.69547,42.4115],[27.68543,42.40594],[27.66216,42.40417],[27.64478,42.41641],[27.62767,42.42673],[27.61055,42.43704],[27.5787,42.44041],[27.5407,42.43168],[27.48951,42.42384],[27.46393,42.41991],[27.42651,42.4073],[27.39059,42.40254],[27.35496,42.39585],[27.30448,42.40153],[27.29839,42.38942],[27.26648,42.37525],[27.22055,42.36768],[27.17492,42.35818],[27.1425,42.3478],[27.08945,42.35315],[27.0539,42.3638],[27.01258,42.37783],[26.979,42.39249],[26.9256,42.39967],[26.88628,42.40026],[26.84718,42.41635],[26.79972,42.4356],[26.75998,42.45549],[26.71961,42.4792],[26.65286,42.48704],[26.60054,42.48638],[26.55248,42.4919],[26.49179,42.49434],[26.40658,42.50232],[26.34618,42.50276],[26.28452,42.51081],[26.21894,42.5107],[26.17503,42.52223],[26.13884,42.51892],[26.10168,42.52133],[26.04611,42.50843],[25.95764,42.48854],[25.8834,42.47768],[25.79921,42.46387],[25.72796,42.45122],[25.67479,42.44027],[25.64126,42.43702],[25.60082,42.41366],[25.56468,42.38099],[25.52208,42.35543],[25.49359,42.33902],[25.45585,42.31586],[25.40599,42.28759],[25.35666,42.271],[25.30667,42.2582],[25.25484,42.2413],[25.20852,42.22299],[25.12755,42.22248],[25.11216,42.2209],[25.07699,42.2207],[25.03654,42.21594],[24.98895,42.21356],[24.93184,42.21713],[24.87354,42.21475],[24.83309,42.20761],[24.79264,42.19571],[24.75933,42.18501],[24.72721,42.17073],[24.73527,42.14591],[24.63783,42.14234],[24.59203,42.14115],[24.53254,42.14055],[24.47365,42.1352],[24.44117,42.13163],[24.4025,42.13639],[24.37038,42.14948],[24.33885,42.1703],[24.299,42.18517],[24.25319,42.20361],[24.21929,42.21313],[24.19335,42.22831],[24.17455,42.24109],[24.14838,42.25239],[24.11902,42.25829],[24.10555,42.26726],[24.0526,42.28213],[24.02465,42.29819],[23.96283,42.31723],[23.92178,42.344],[23.85694,42.37969],[23.804,42.41954],[23.78128,42.44286],[23.75391,42.48331],[23.73607,42.53269],[23.72476,42.55886],[23.69383,42.58682],[23.66263,42.60588]],[[27.69675,42.41722],[27.69547,42.4115],[27.69275,42.3994],[27.69644,42.37261],[27.71265,42.34835],[27.72777,42.33198],[27.74586,42.30946],[27.75564,42.30064],[27.73681,42.2658],[27.73896,42.25004],[27.74769,42.23319],[27.77633,42.21147],[27.80539,42.18659],[27.86552,42.13696],[27.90042,42.11568],[27.9279,42.1018],[27.96104,42.07719],[27.98757,42.03778],[28.00458,42.00562],[28.02491,41.96417],[28.03555,41.93156],[28.047,41.89265],[28.03122,41.89945],[28.00762,41.90091],[27.98105,41.89261],[27.96771,41.86461],[27.96301,41.83566]]]}},{"type":"Feature","properties":{"roadId":"awmc-road-700-28","major":true,"known":false,"timeperiod":"R","provenance":{"dataset":"AWMC geodata","version":"commit:7ecf8bccea2efe1e1e9df2daf6001942de73fb87;path:Cultural-Data/roads/roads.geojson","upstreamFeatureIds":["awmc:roads-objectid-700","awmc:roads-feature-28"],"changes":[{"kind":"filter","detail":"An AWMC major road of the Roman period (Barrington \"R\", 30 BC – AD 300) in 10–40°E, 28–45°N (ADR-0037 item 5).","sources":["awmc:roads-major-filter","awmc:roads-roman-period-filter"]},{"kind":"date-exclusions","detail":"Left out as later than AD 100, by AWMC OBJECTID: 1320, 1363, 1403 and 1407 (in Dacia, conquered 101–106), 1203 (the Via Traiana Nova, Trajanic), 2169 (the Via Herculia, late third century) and 2698 (to Gheriat el-Garbia, a fort of 201); the evidence is in docs/verification/M4-ancient-geometry.md, \"Roads\". Roads with no Barrington period, such as the Via Nova Traiana and the Strata Diocletiana, are left out by the period rule.","sources":["bib:livius-trajan","bib:cassius-dio-roman-history","pleiades:469059303","pleiades:344374"]}]}},"geometry":{"type":"MultiLineString","coordinates":[[[27.96556,41.83606],[27.98417,41.8008],[28.00253,41.76726],[28.02251,41.73907],[28.03926,41.71762],[28.06677,41.68475],[28.08862,41.67761],[28.07888,41.66296],[28.08266,41.6336],[28.1044,41.60903],[28.1248,41.59481],[28.1511,41.57056],[28.17596,41.53924],[28.2183,41.51612],[28.26792,41.49002],[28.33441,41.45812],[28.40958,41.43026],[28.50656,41.39339],[28.59842,41.35958],[28.66375,41.33436],[28.70949,41.31826],[28.76646,41.30461],[28.81215,41.28846],[28.86049,41.26898],[28.8939,41.25895],[28.92881,41.25597],[28.95972,41.2475],[28.99481,41.24277],[29.03008,41.2363],[29.05239,41.24292],[29.07051,41.24579],[29.09014,41.23484],[29.10023,41.22677],[29.09735,41.21094],[29.0758,41.19743],[29.05559,41.17936],[29.03407,41.16584],[29.02398,41.15303],[29.04453,41.13347],[29.05574,41.11505],[29.043,41.10556],[29.03786,41.0896],[29.03082,41.07004],[29.02987,41.05781],[29.0122,41.05148],[28.9989,41.04717],[28.97726,41.03536]]]}},{"type":"Feature","properties":{"roadId":"awmc-road-704-32","major":true,"known":false,"timeperiod":"RL","provenance":{"dataset":"AWMC geodata","version":"commit:7ecf8bccea2efe1e1e9df2daf6001942de73fb87;path:Cultural-Data/roads/roads.geojson","upstreamFeatureIds":["awmc:roads-objectid-704","awmc:roads-feature-32"],"changes":[{"kind":"filter","detail":"An AWMC major road of the Roman period (Barrington \"R\", 30 BC – AD 300) in 10–40°E, 28–45°N (ADR-0037 item 5).","sources":["awmc:roads-major-filter","awmc:roads-roman-period-filter"]},{"kind":"date-exclusions","detail":"Left out as later than AD 100, by AWMC OBJECTID: 1320, 1363, 1403 and 1407 (in Dacia, conquered 101–106), 1203 (the Via Traiana Nova, Trajanic), 2169 (the Via Herculia, late third century) and 2698 (to Gheriat el-Garbia, a fort of 201); the evidence is in docs/verification/M4-ancient-geometry.md, \"Roads\". Roads with no Barrington period, such as the Via Nova Traiana and the Strata Diocletiana, are left out by the period rule.","sources":["bib:livius-trajan","bib:cassius-dio-roman-history","pleiades:469059303","pleiades:344374"]}]}},"geometry":{"type":"MultiLineString","coordinates":[[[27.05863,40.97202],[27.08115,40.97391],[27.09269,40.97488],[27.11866,40.97008],[27.13456,40.9714],[27.15979,40.97176],[27.17568,40.97308],[27.18807,40.98281],[27.2168,40.97473],[27.23038,40.96018],[27.26517,40.95781],[27.29769,40.95524],[27.32494,40.95746],[27.35195,40.96139],[27.38625,40.96242],[27.43017,40.96544],[27.4571,40.96662],[27.47941,40.97329],[27.50017,40.98178],[27.51778,40.98514],[27.5368,40.98762],[27.56207,40.99157],[27.57444,40.99547],[27.60545,41.00475],[27.63417,41.01188],[27.66789,41.02037],[27.69076,41.02312],[27.71632,41.02509],[27.74598,41.02541],[27.77193,41.02447],[27.79622,41.01654],[27.81769,41.01035],[27.83916,41.00416],[27.85283,40.99835],[27.86548,40.9905],[27.87135,40.98508],[27.87722,40.97966],[27.89038,40.97772],[27.90966,40.97819],[27.92639,40.97846],[27.94631,40.97409],[27.9577,40.98569],[27.96975,41.00222],[27.97719,41.01451],[27.98579,41.02785],[28.00232,41.03983],[28.02051,41.049],[28.05752,41.06247],[28.08543,41.06647],[28.10797,41.07202],[28.1346,41.07591],[28.16404,41.07804],[28.18837,41.07979],[28.20257,41.07984],[28.21757,41.08384],[28.22989,41.08864],[28.24446,41.08577],[28.25286,41.0805],[28.26651,41.07463],[28.28491,41.07203],[28.31228,41.07005],[28.34115,41.06623],[28.35535,41.06625],[28.38435,41.06144],[28.40158,41.05775],[28.43068,41.05196],[28.44476,41.04219],[28.47571,41.03162],[28.51246,41.01559],[28.54212,41.01566],[28.55584,41.01953],[28.57469,41.02374],[28.5897,41.02769],[28.61447,41.02546],[28.63574,41.02005],[28.6505,41.01518],[28.68489,41.00772],[28.70671,40.99745],[28.72634,40.99485],[28.77851,40.9895],[28.79591,40.98381],[28.81426,40.98111],[28.83728,40.98261],[28.8588,40.98596],[28.89184,40.99005],[28.91901,41.00059],[28.94128,41.00885]]]}},{"type":"Feature","properties":{"roadId":"awmc-road-705-2677","major":true,"known":false,"timeperiod":"RL","provenance":{"dataset":"AWMC geodata","version":"commit:7ecf8bccea2efe1e1e9df2daf6001942de73fb87;path:Cultural-Data/roads/roads.geojson","upstreamFeatureIds":["awmc:roads-objectid-705","awmc:roads-feature-2677"],"changes":[{"kind":"filter","detail":"An AWMC major road of the Roman period (Barrington \"R\", 30 BC – AD 300) in 10–40°E, 28–45°N (ADR-0037 item 5).","sources":["awmc:roads-major-filter","awmc:roads-roman-period-filter"]},{"kind":"date-exclusions","detail":"Left out as later than AD 100, by AWMC OBJECTID: 1320, 1363, 1403 and 1407 (in Dacia, conquered 101–106), 1203 (the Via Traiana Nova, Trajanic), 2169 (the Via Herculia, late third century) and 2698 (to Gheriat el-Garbia, a fort of 201); the evidence is in docs/verification/M4-ancient-geometry.md, \"Roads\". Roads with no Barrington period, such as the Via Nova Traiana and the Strata Diocletiana, are left out by the period rule.","sources":["bib:livius-trajan","bib:cassius-dio-roman-history","pleiades:469059303","pleiades:344374"]}]}},"geometry":{"type":"MultiLineString","coordinates":[[[29.92526,40.76662],[29.94914,40.76658],[29.9602,40.76627],[29.9828,40.77138],[29.99838,40.76928],[30.01923,40.76551],[30.04272,40.7609],[30.06,40.75401],[30.07354,40.74595],[30.09464,40.73925],[30.11947,40.73372],[30.14514,40.7331],[30.17404,40.73945],[30.19665,40.7445],[30.22598,40.74599],[30.25251,40.75025],[30.27777,40.75444],[30.30863,40.75306],[30.33838,40.74966],[30.36447,40.74413],[30.39261,40.74453],[30.42561,40.74808],[30.44841,40.75113],[30.47448,40.76115],[30.4972,40.76516]]]}},{"type":"Feature","properties":{"roadId":"awmc-road-705-33","major":true,"known":false,"timeperiod":"RL","provenance":{"dataset":"AWMC geodata","version":"commit:7ecf8bccea2efe1e1e9df2daf6001942de73fb87;path:Cultural-Data/roads/roads.geojson","upstreamFeatureIds":["awmc:roads-objectid-705","awmc:roads-feature-33"],"changes":[{"kind":"filter","detail":"An AWMC major road of the Roman period (Barrington \"R\", 30 BC – AD 300) in 10–40°E, 28–45°N (ADR-0037 item 5).","sources":["awmc:roads-major-filter","awmc:roads-roman-period-filter"]},{"kind":"date-exclusions","detail":"Left out as later than AD 100, by AWMC OBJECTID: 1320, 1363, 1403 and 1407 (in Dacia, conquered 101–106), 1203 (the Via Traiana Nova, Trajanic), 2169 (the Via Herculia, late third century) and 2698 (to Gheriat el-Garbia, a fort of 201); the evidence is in docs/verification/M4-ancient-geometry.md, \"Roads\". Roads with no Barrington period, such as the Via Nova Traiana and the Strata Diocletiana, are left out by the period rule.","sources":["bib:livius-trajan","bib:cassius-dio-roman-history","pleiades:469059303","pleiades:344374"]}]}},"geometry":{"type":"MultiLineString","coordinates":[[[29.02628,40.99766],[29.03215,40.99119],[29.04569,40.98521],[29.05943,40.97729],[29.08266,40.96508],[29.10535,40.95772],[29.11801,40.94777],[29.12842,40.93475],[29.13703,40.9265],[29.14564,40.91825],[29.16181,40.91145],[29.1885,40.90236],[29.20021,40.90113],[29.21764,40.89439],[29.23487,40.88959],[29.24677,40.88641],[29.26675,40.87982],[29.27543,40.87059],[29.29953,40.86132],[29.31694,40.85456],[29.33209,40.84474],[29.34106,40.8326],[29.34697,40.82515],[29.35583,40.81398],[29.37204,40.80617],[29.39953,40.80098],[29.43231,40.79414],[29.46479,40.7902],[29.50462,40.7896],[29.53954,40.78675],[29.57544,40.78687],[29.60851,40.78974],[29.64158,40.7926],[29.67758,40.79171],[29.71151,40.78582],[29.75435,40.78041],[29.79308,40.77768],[29.82306,40.77251],[29.8554,40.7694],[29.87845,40.76968],[29.92526,40.76662]]]}},{"type":"Feature","properties":{"roadId":"awmc-road-710-130","major":true,"known":false,"timeperiod":"RL","provenance":{"dataset":"AWMC geodata","version":"commit:7ecf8bccea2efe1e1e9df2daf6001942de73fb87;path:Cultural-Data/roads/roads.geojson","upstreamFeatureIds":["awmc:roads-objectid-710","awmc:roads-feature-130"],"changes":[{"kind":"filter","detail":"An AWMC major road of the Roman period (Barrington \"R\", 30 BC – AD 300) in 10–40°E, 28–45°N (ADR-0037 item 5).","sources":["awmc:roads-major-filter","awmc:roads-roman-period-filter"]},{"kind":"date-exclusions","detail":"Left out as later than AD 100, by AWMC OBJECTID: 1320, 1363, 1403 and 1407 (in Dacia, conquered 101–106), 1203 (the Via Traiana Nova, Trajanic), 2169 (the Via Herculia, late third century) and 2698 (to Gheriat el-Garbia, a fort of 201); the evidence is in docs/verification/M4-ancient-geometry.md, \"Roads\". Roads with no Barrington period, such as the Via Nova Traiana and the Strata Diocletiana, are left out by the period rule.","sources":["bib:livius-trajan","bib:cassius-dio-roman-history","pleiades:469059303","pleiades:344374"]}]}},"geometry":{"type":"MultiLineString","coordinates":[[[29.86336,40.4258],[29.89315,40.43019],[29.91512,40.42769],[29.93863,40.42158],[29.95689,40.40687],[29.96167,40.39421],[29.97109,40.38364],[29.97918,40.37759],[29.98145,40.37589]],[[29.65845,40.54548],[29.65833,40.54435],[29.65654,40.52783],[29.6565,40.51582],[29.66007,40.50402],[29.66872,40.48973],[29.68569,40.47684],[29.70858,40.46521],[29.72967,40.44701],[29.72557,40.43939],[29.7297,40.43409],[29.74577,40.43037],[29.76303,40.42672],[29.79101,40.42458],[29.80715,40.41994],[29.83376,40.41956],[29.86697,40.426]],[[29.97751,40.37937],[29.97918,40.37759],[29.98821,40.36795],[30.01194,40.35906],[30.03702,40.3484],[30.05585,40.34017],[30.08059,40.33317],[30.09325,40.32645],[30.11094,40.31723],[30.12072,40.30206],[30.1241,40.29116],[30.12611,40.28204],[30.14428,40.26731],[30.1605,40.26077],[30.18599,40.25839],[30.20876,40.25956],[30.23113,40.26531],[30.26302,40.27246],[30.29035,40.27661],[30.31889,40.2808],[30.35501,40.28076],[30.39833,40.28105],[30.43303,40.28367],[30.46188,40.28415],[30.49179,40.28651]],[[29.92526,40.76662],[29.94914,40.76658],[29.95551,40.75029],[29.95263,40.72889],[29.94873,40.71852],[29.9098,40.70627],[29.88297,40.70759],[29.86011,40.70542],[29.83286,40.69839],[29.80519,40.68301],[29.78192,40.67248],[29.75876,40.66104],[29.72604,40.64813],[29.69212,40.63513],[29.68458,40.62547],[29.67841,40.61404],[29.67252,40.59985],[29.66445,40.5957],[29.65387,40.59233],[29.63866,40.58684],[29.63603,40.57653],[29.65259,40.56824],[29.66147,40.56412],[29.66255,40.5531],[29.65833,40.54435],[29.65751,40.54266]]]}},{"type":"Feature","properties":{"roadId":"awmc-road-723-138","major":false,"known":false,"timeperiod":"RL","provenance":{"dataset":"AWMC geodata","version":"commit:7ecf8bccea2efe1e1e9df2daf6001942de73fb87;path:Cultural-Data/roads/roads.geojson","upstreamFeatureIds":["awmc:roads-objectid-723","awmc:roads-feature-138"],"changes":[{"kind":"filter","detail":"An AWMC minor road of the Roman period (Barrington \"R\", 30 BC – AD 300) that passes within 50 km of one of our places (ADR-0037's update of 2026-10-08, item 1).","sources":["awmc:roads-minor-near-places-filter","awmc:roads-roman-period-filter"]},{"kind":"date-exclusions","detail":"Left out as later than AD 100, by AWMC OBJECTID: 1320, 1363, 1403 and 1407 (in Dacia, conquered 101–106), 1203 (the Via Traiana Nova, Trajanic), 2169 (the Via Herculia, late third century) and 2698 (to Gheriat el-Garbia, a fort of 201); the evidence is in docs/verification/M4-ancient-geometry.md, \"Roads\". Roads with no Barrington period, such as the Via Nova Traiana and the Strata Diocletiana, are left out by the period rule.","sources":["bib:livius-trajan","bib:cassius-dio-roman-history","pleiades:469059303","pleiades:344374"]}]}},"geometry":{"type":"MultiLineString","coordinates":[[[28.0661,40.13897],[28.04729,40.13117],[28.02323,40.12378],[27.99927,40.11559],[27.97223,40.10716],[27.94643,40.09722],[27.92023,40.09044],[27.8995,40.08166],[27.87878,40.07289],[27.85971,40.05944],[27.84744,40.03371],[27.84704,40.03057],[27.84693,40.02967]]]}},{"type":"Feature","properties":{"roadId":"awmc-road-726-141","major":false,"known":false,"timeperiod":"RL","provenance":{"dataset":"AWMC geodata","version":"commit:7ecf8bccea2efe1e1e9df2daf6001942de73fb87;path:Cultural-Data/roads/roads.geojson","upstreamFeatureIds":["awmc:roads-objectid-726","awmc:roads-feature-141"],"changes":[{"kind":"filter","detail":"An AWMC minor road of the Roman period (Barrington \"R\", 30 BC – AD 300) that passes within 50 km of one of our places (ADR-0037's update of 2026-10-08, item 1).","sources":["awmc:roads-minor-near-places-filter","awmc:roads-roman-period-filter"]},{"kind":"date-exclusions","detail":"Left out as later than AD 100, by AWMC OBJECTID: 1320, 1363, 1403 and 1407 (in Dacia, conquered 101–106), 1203 (the Via Traiana Nova, Trajanic), 2169 (the Via Herculia, late third century) and 2698 (to Gheriat el-Garbia, a fort of 201); the evidence is in docs/verification/M4-ancient-geometry.md, \"Roads\". Roads with no Barrington period, such as the Via Nova Traiana and the Strata Diocletiana, are left out by the period rule.","sources":["bib:livius-trajan","bib:cassius-dio-roman-history","pleiades:469059303","pleiades:344374"]}]}},"geometry":{"type":"MultiLineString","coordinates":[[[29.16108,40.44015],[29.16155,40.422],[29.15193,40.41526],[29.14297,40.4024],[29.14778,40.38953],[29.14955,40.37296],[29.14855,40.35007],[29.14727,40.3298],[29.14106,40.31273],[29.134,40.29298],[29.12677,40.2855],[29.10959,40.27477],[29.1017,40.26286],[29.09532,40.24753],[29.09662,40.2248],[29.09148,40.20868],[29.08674,40.1996],[29.07584,40.19452],[29.05964,40.1856],[29.05462,40.18966],[29.04193,40.20114],[29.03644,40.20957],[29.03218,40.2172],[29.01494,40.21785],[28.9957,40.21574],[28.95914,40.20461],[28.92373,40.19354],[28.90055,40.18588],[28.87338,40.18323],[28.84621,40.18057],[28.81979,40.18146],[28.79278,40.18757],[28.76907,40.19477],[28.74555,40.20022],[28.72099,40.20472],[28.69282,40.21073],[28.6607,40.21119],[28.63055,40.21441],[28.60216,40.22213],[28.56735,40.22589],[28.53275,40.2279],[28.49896,40.23258],[28.47396,40.23084],[28.45175,40.2249],[28.4342,40.20873],[28.42492,40.19052],[28.41431,40.17396],[28.39937,40.15534],[28.39094,40.13982],[28.37879,40.12666],[28.36696,40.11089],[28.36348,40.10187],[28.35662,40.08294],[28.34808,40.07794],[28.32881,40.07656],[28.30884,40.07162],[28.2859,40.06295],[28.26608,40.04747],[28.24475,40.02573],[28.2357,40.01745],[28.22175,40.00665],[28.21278,39.99686],[28.20208,39.98042],[28.19527,39.96688],[28.1919,39.95293],[28.18678,39.93951],[28.17946,39.92332],[28.17291,39.90783],[28.164,39.89087],[28.15928,39.87422],[28.14993,39.88136],[28.14705,39.90463],[28.15567,39.9307],[28.16271,39.94231],[28.16806,39.95379],[28.16978,39.97415],[28.17238,39.98738],[28.1713,40.00297],[28.17169,40.02685],[28.17232,40.06366],[28.168,40.08173],[28.16127,40.09403],[28.14658,40.10334],[28.12706,40.11789],[28.1102,40.12784],[28.09253,40.14413],[28.08814,40.15419],[28.08325,40.16823],[28.08126,40.18407],[28.076,40.20927],[28.07227,40.23059],[28.071,40.24889],[28.06333,40.26832],[28.05168,40.27785],[28.03992,40.28818],[28.03127,40.29873],[28.02826,40.30699],[28.00778,40.32413],[27.98275,40.34094],[27.95558,40.35057],[27.92054,40.36194],[27.89972,40.37489],[27.88845,40.38482],[27.88108,40.36905],[27.87299,40.35883],[27.86439,40.34457],[27.85672,40.33118],[27.85413,40.31898],[27.84471,40.31106],[27.83301,40.30456],[27.80828,40.30186],[27.78448,40.30003],[27.76875,40.30042],[27.7496,40.30294],[27.72942,40.30537],[27.71059,40.30551],[27.68875,40.3046],[27.66164,40.30408],[27.65068,40.30002],[27.62981,40.29198],[27.61151,40.28813],[27.59269,40.28824],[27.5695,40.28961],[27.54175,40.2938],[27.5196,40.29523],[27.48379,40.29717],[27.46349,40.30034],[27.43415,40.30838],[27.40675,40.31737],[27.39269,40.32824],[27.36735,40.33739],[27.33627,40.35006],[27.31668,40.36287],[27.30259,40.37373],[27.29656,40.38685],[27.29684,40.39969],[27.3001,40.40637],[27.31186,40.41214],[27.32211,40.41378],[27.30171,40.43214],[27.29253,40.43779],[27.27379,40.44426],[27.25409,40.44264],[27.23566,40.43951],[27.21998,40.4318],[27.21018,40.42698],[27.18853,40.42437],[27.1699,40.43003],[27.16151,40.43734],[27.13906,40.44027],[27.12352,40.43896],[27.11212,40.43801],[27.09462,40.43573],[27.07746,40.42386]]]}},{"type":"Feature","properties":{"roadId":"awmc-road-729-143","major":true,"known":true,"timeperiod":"R","provenance":{"dataset":"AWMC geodata","version":"commit:7ecf8bccea2efe1e1e9df2daf6001942de73fb87;path:Cultural-Data/roads/roads.geojson","upstreamFeatureIds":["awmc:roads-objectid-729","awmc:roads-feature-143"],"changes":[{"kind":"filter","detail":"An AWMC major road of the Roman period (Barrington \"R\", 30 BC – AD 300) in 10–40°E, 28–45°N (ADR-0037 item 5).","sources":["awmc:roads-major-filter","awmc:roads-roman-period-filter"]},{"kind":"date-exclusions","detail":"Left out as later than AD 100, by AWMC OBJECTID: 1320, 1363, 1403 and 1407 (in Dacia, conquered 101–106), 1203 (the Via Traiana Nova, Trajanic), 2169 (the Via Herculia, late third century) and 2698 (to Gheriat el-Garbia, a fort of 201); the evidence is in docs/verification/M4-ancient-geometry.md, \"Roads\". Roads with no Barrington period, such as the Via Nova Traiana and the Strata Diocletiana, are left out by the period rule.","sources":["bib:livius-trajan","bib:cassius-dio-roman-history","pleiades:469059303","pleiades:344374"]}]}},"geometry":{"type":"MultiLineString","coordinates":[[[28.62196,39.58729],[28.63401,39.59642],[28.64232,39.60713],[28.65654,39.61824],[28.66634,39.62628],[28.68336,39.6339],[28.70413,39.63992],[28.72491,39.64594],[28.74178,39.64431],[28.76025,39.6391],[28.7817,39.62856],[28.80777,39.61925],[28.82447,39.60838],[28.83819,39.60284],[28.85377,39.60204],[28.87722,39.60543],[28.89604,39.60759],[28.92176,39.61205],[28.94068,39.61329],[28.95981,39.61269],[28.96799,39.61415],[28.97173,39.6236],[28.98355,39.63543],[28.99933,39.64382],[29.00505,39.64603],[29.02724,39.65023],[29.04934,39.65534],[29.07046,39.65853],[29.08299,39.66394],[29.10392,39.66896],[29.12524,39.67031],[29.1503,39.67005],[29.16973,39.66666],[29.193,39.66075],[29.21096,39.66003],[29.22773,39.65923],[29.24369,39.6547],[29.25966,39.65016],[29.27979,39.6514],[29.31865,39.63261],[29.34965,39.62068],[29.36696,39.61437],[29.38037,39.59953],[29.40542,39.58723],[29.42226,39.58548],[29.43946,39.58007],[29.44984,39.57148],[29.46294,39.55937],[29.47086,39.53959],[29.47804,39.52713],[29.48477,39.51925],[29.49822,39.51544],[29.52331,39.51417],[29.54857,39.51106],[29.56692,39.50569],[29.58754,39.50138],[29.6078,39.50072],[29.6236,39.49703],[29.6394,39.49335],[29.66364,39.48831],[29.68796,39.48234],[29.7174,39.48495],[29.7335,39.49047],[29.75359,39.49161],[29.7762,39.49104],[29.79891,39.48956],[29.81495,39.4831],[29.83706,39.47513],[29.85335,39.46592],[29.86482,39.45736],[29.88683,39.45029],[29.90699,39.45049],[29.92385,39.44773],[29.94148,39.44962],[29.95032,39.44366],[29.9584,39.43306],[29.96867,39.42442],[29.98374,39.41512]]]}},{"type":"Feature","properties":{"roadId":"awmc-road-731-145","major":true,"known":true,"timeperiod":"R","provenance":{"dataset":"AWMC geodata","version":"commit:7ecf8bccea2efe1e1e9df2daf6001942de73fb87;path:Cultural-Data/roads/roads.geojson","upstreamFeatureIds":["awmc:roads-objectid-731","awmc:roads-feature-145"],"changes":[{"kind":"filter","detail":"An AWMC major road of the Roman period (Barrington \"R\", 30 BC – AD 300) in 10–40°E, 28–45°N (ADR-0037 item 5).","sources":["awmc:roads-major-filter","awmc:roads-roman-period-filter"]},{"kind":"date-exclusions","detail":"Left out as later than AD 100, by AWMC OBJECTID: 1320, 1363, 1403 and 1407 (in Dacia, conquered 101–106), 1203 (the Via Traiana Nova, Trajanic), 2169 (the Via Herculia, late third century) and 2698 (to Gheriat el-Garbia, a fort of 201); the evidence is in docs/verification/M4-ancient-geometry.md, \"Roads\". Roads with no Barrington period, such as the Via Nova Traiana and the Strata Diocletiana, are left out by the period rule.","sources":["bib:livius-trajan","bib:cassius-dio-roman-history","pleiades:469059303","pleiades:344374"]}]}},"geometry":{"type":"MultiLineString","coordinates":[[[28.78126,39.16531],[28.80651,39.16149],[28.82772,39.162],[28.85736,39.16122],[28.8644,39.16169],[28.87965,39.1627],[28.9094,39.14995],[28.92879,39.13467],[28.942,39.12175],[28.95882,39.10813],[28.97359,39.09163],[28.99127,39.09186],[29.01129,39.09225],[29.03395,39.09004],[29.06324,39.0809],[29.07378,39.07054],[29.09836,39.06109],[29.12197,39.04973],[29.13805,39.04248],[29.1555,39.03348],[29.16718,39.02319],[29.17418,39.0126],[29.18272,38.99844],[29.1935,38.98533],[29.20039,38.97565],[29.2149,38.97197],[29.22707,38.96814],[29.2543,38.95515],[29.26801,38.94773],[29.28522,38.94053],[29.30168,38.94064],[29.3194,38.9399],[29.33719,38.95019],[29.34688,38.95905],[29.36794,38.96035],[29.38762,38.97533],[29.3948,38.98588],[29.39731,38.99614],[29.40207,39.00746],[29.40926,39.01801],[29.4133,39.02468],[29.40959,39.03825],[29.4112,39.0457],[29.41346,39.04675],[29.42228,39.0528],[29.44877,39.07095],[29.47988,39.09028],[29.50406,39.10828],[29.52617,39.12338],[29.54307,39.14369],[29.55952,39.15661],[29.57571,39.17228],[29.59227,39.18428],[29.61036,39.1927],[29.6243,39.19964],[29.62501,39.19999],[29.68024,39.22802],[29.70799,39.24708],[29.73064,39.25757],[29.79243,39.30522],[29.83312,39.3259],[29.86139,39.34035],[29.88033,39.35335],[29.89658,39.36989],[29.91225,39.37995],[29.92759,39.39367],[29.94791,39.4049],[29.97329,39.41272],[29.999,39.41687],[30.03062,39.42133],[30.05955,39.42932],[30.08109,39.44059],[30.10586,39.45569],[30.12009,39.46932],[30.14101,39.4879],[30.15983,39.5036],[30.18582,39.51876],[30.20033,39.52963],[30.22106,39.53714],[30.2407,39.54367],[30.26405,39.54855],[30.28858,39.55348],[30.30595,39.55896],[30.32923,39.56473],[30.34068,39.56991],[30.35863,39.58277],[30.36783,39.60071],[30.38258,39.62352],[30.39493,39.63242],[30.42048,39.64012],[30.44825,39.64977],[30.47194,39.66565],[30.48691,39.68662],[30.49572,39.71006],[30.50143,39.72782],[30.50707,39.7465],[30.51843,39.78294],[30.52422,39.79979],[30.52898,39.81475]]]}},{"type":"Feature","properties":{"roadId":"awmc-road-732-146","major":true,"known":false,"timeperiod":"R","provenance":{"dataset":"AWMC geodata","version":"commit:7ecf8bccea2efe1e1e9df2daf6001942de73fb87;path:Cultural-Data/roads/roads.geojson","upstreamFeatureIds":["awmc:roads-objectid-732","awmc:roads-feature-146"],"changes":[{"kind":"filter","detail":"An AWMC major road of the Roman period (Barrington \"R\", 30 BC – AD 300) in 10–40°E, 28–45°N (ADR-0037 item 5).","sources":["awmc:roads-major-filter","awmc:roads-roman-period-filter"]},{"kind":"date-exclusions","detail":"Left out as later than AD 100, by AWMC OBJECTID: 1320, 1363, 1403 and 1407 (in Dacia, conquered 101–106), 1203 (the Via Traiana Nova, Trajanic), 2169 (the Via Herculia, late third century) and 2698 (to Gheriat el-Garbia, a fort of 201); the evidence is in docs/verification/M4-ancient-geometry.md, \"Roads\". Roads with no Barrington period, such as the Via Nova Traiana and the Strata Diocletiana, are left out by the period rule.","sources":["bib:livius-trajan","bib:cassius-dio-roman-history","pleiades:469059303","pleiades:344374"]}]}},"geometry":{"type":"MultiLineString","coordinates":[[[28.58764,38.58751],[28.6058,38.59246],[28.62533,38.59566],[28.65235,38.59478],[28.66724,38.59765],[28.67888,38.60856],[28.68705,38.61923],[28.69754,38.63006],[28.71436,38.63673],[28.73063,38.63785],[28.75721,38.63048],[28.78176,38.62021],[28.80969,38.61109],[28.83479,38.60636],[28.86509,38.60748],[28.9011,38.60989],[28.9345,38.61487],[28.95676,38.62552],[28.96721,38.63723],[28.98261,38.64651],[28.99336,38.65548],[29.01381,38.66141],[29.03465,38.66369],[29.06266,38.6646],[29.09494,38.66944],[29.11918,38.67284],[29.14031,38.67236],[29.16085,38.66633],[29.17779,38.66098],[29.20153,38.6579],[29.21907,38.65809],[29.24494,38.65697],[29.26626,38.65464],[29.28622,38.65405],[29.31013,38.64911],[29.33125,38.64859],[29.35252,38.65817],[29.37846,38.66802],[29.38866,38.6714],[29.41657,38.67916],[29.41829,38.67964],[29.45285,38.68541],[29.48177,38.689],[29.51294,38.69363],[29.53631,38.69411],[29.56094,38.69374],[29.58333,38.69231]]]}},{"type":"Feature","properties":{"roadId":"awmc-road-733-147","major":true,"known":true,"timeperiod":"R","provenance":{"dataset":"AWMC geodata","version":"commit:7ecf8bccea2efe1e1e9df2daf6001942de73fb87;path:Cultural-Data/roads/roads.geojson","upstreamFeatureIds":["awmc:roads-objectid-733","awmc:roads-feature-147"],"changes":[{"kind":"filter","detail":"An AWMC major road of the Roman period (Barrington \"R\", 30 BC – AD 300) in 10–40°E, 28–45°N (ADR-0037 item 5).","sources":["awmc:roads-major-filter","awmc:roads-roman-period-filter"]},{"kind":"date-exclusions","detail":"Left out as later than AD 100, by AWMC OBJECTID: 1320, 1363, 1403 and 1407 (in Dacia, conquered 101–106), 1203 (the Via Traiana Nova, Trajanic), 2169 (the Via Herculia, late third century) and 2698 (to Gheriat el-Garbia, a fort of 201); the evidence is in docs/verification/M4-ancient-geometry.md, \"Roads\". Roads with no Barrington period, such as the Via Nova Traiana and the Strata Diocletiana, are left out by the period rule.","sources":["bib:livius-trajan","bib:cassius-dio-roman-history","pleiades:469059303","pleiades:344374"]}]}},"geometry":{"type":"MultiLineString","coordinates":[[[29.57578,38.69317],[29.60024,38.69462],[29.62577,38.69704],[29.65148,38.69763],[29.67883,38.70564],[29.70761,38.71098],[29.7329,38.71611],[29.74771,38.72063],[29.76175,38.73337],[29.7758,38.7461],[29.79527,38.76373],[29.80575,38.77718],[29.81398,38.78958],[29.8243,38.80485],[29.83964,38.81673],[29.86323,38.82815],[29.8805,38.83187],[29.89735,38.84016],[29.90361,38.84877],[29.91939,38.85607],[29.93859,38.86447],[29.95429,38.87268],[29.96608,38.88527],[29.97086,38.89746],[29.9714,38.91769],[29.96725,38.93767],[29.96678,38.95601],[29.96808,38.98088],[29.9773,38.99608],[29.9821,39.00828],[29.99569,39.02739],[29.99109,39.06573],[29.99248,39.08969],[29.99117,39.10432],[29.99147,39.12731],[29.98638,39.14449],[29.98373,39.16089],[29.97529,39.17606],[29.95751,39.18979],[29.93646,39.20059],[29.9122,39.20753],[29.88919,39.21361],[29.86173,39.21668],[29.83216,39.21687],[29.78866,39.21442],[29.74055,39.21077],[29.69823,39.20835],[29.6749,39.20516],[29.64552,39.20346],[29.6243,39.19964],[29.61532,39.19802]]]}},{"type":"Feature","properties":{"roadId":"awmc-road-734-148","major":true,"known":true,"timeperiod":"R","provenance":{"dataset":"AWMC geodata","version":"commit:7ecf8bccea2efe1e1e9df2daf6001942de73fb87;path:Cultural-Data/roads/roads.geojson","upstreamFeatureIds":["awmc:roads-objectid-734","awmc:roads-feature-148"],"changes":[{"kind":"filter","detail":"An AWMC major road of the Roman period (Barrington \"R\", 30 BC – AD 300) in 10–40°E, 28–45°N (ADR-0037 item 5).","sources":["awmc:roads-major-filter","awmc:roads-roman-period-filter"]},{"kind":"date-exclusions","detail":"Left out as later than AD 100, by AWMC OBJECTID: 1320, 1363, 1403 and 1407 (in Dacia, conquered 101–106), 1203 (the Via Traiana Nova, Trajanic), 2169 (the Via Herculia, late third century) and 2698 (to Gheriat el-Garbia, a fort of 201); the evidence is in docs/verification/M4-ancient-geometry.md, \"Roads\". Roads with no Barrington period, such as the Via Nova Traiana and the Strata Diocletiana, are left out by the period rule.","sources":["bib:livius-trajan","bib:cassius-dio-roman-history","pleiades:469059303","pleiades:344374"]}]}},"geometry":{"type":"MultiLineString","coordinates":[[[29.97638,39.17703],[30.00338,39.16563],[30.02927,39.15325],[30.05884,39.13922],[30.08422,39.13231],[30.10726,39.12526],[30.12895,39.11998],[30.14829,39.11457],[30.16912,39.10556],[30.20558,39.09276],[30.22726,39.08746],[30.25487,39.08154],[30.28615,39.07396]]]}},{"type":"Feature","properties":{"roadId":"awmc-road-735-149","major":false,"known":false,"timeperiod":"R","provenance":{"dataset":"AWMC geodata","version":"commit:7ecf8bccea2efe1e1e9df2daf6001942de73fb87;path:Cultural-Data/roads/roads.geojson","upstreamFeatureIds":["awmc:roads-objectid-735","awmc:roads-feature-149"],"changes":[{"kind":"filter","detail":"An AWMC minor road of the Roman period (Barrington \"R\", 30 BC – AD 300) that passes within 50 km of one of our places (ADR-0037's update of 2026-10-08, item 1).","sources":["awmc:roads-minor-near-places-filter","awmc:roads-roman-period-filter"]},{"kind":"date-exclusions","detail":"Left out as later than AD 100, by AWMC OBJECTID: 1320, 1363, 1403 and 1407 (in Dacia, conquered 101–106), 1203 (the Via Traiana Nova, Trajanic), 2169 (the Via Herculia, late third century) and 2698 (to Gheriat el-Garbia, a fort of 201); the evidence is in docs/verification/M4-ancient-geometry.md, \"Roads\". Roads with no Barrington period, such as the Via Nova Traiana and the Strata Diocletiana, are left out by the period rule.","sources":["bib:livius-trajan","bib:cassius-dio-roman-history","pleiades:469059303","pleiades:344374"]}]}},"geometry":{"type":"MultiLineString","coordinates":[[[28.73665,38.63642],[28.74381,38.6562],[28.73911,38.6669],[28.7343,38.67851],[28.73171,38.6912],[28.73474,38.7061],[28.73468,38.71712],[28.73655,38.73195],[28.7329,38.74365]]]}},{"type":"Feature","properties":{"roadId":"awmc-road-736-150","major":false,"known":false,"timeperiod":"R","provenance":{"dataset":"AWMC geodata","version":"commit:7ecf8bccea2efe1e1e9df2daf6001942de73fb87;path:Cultural-Data/roads/roads.geojson","upstreamFeatureIds":["awmc:roads-objectid-736","awmc:roads-feature-150"],"changes":[{"kind":"filter","detail":"An AWMC minor road of the Roman period (Barrington \"R\", 30 BC – AD 300) that passes within 50 km of one of our places (ADR-0037's update of 2026-10-08, item 1).","sources":["awmc:roads-minor-near-places-filter","awmc:roads-roman-period-filter"]},{"kind":"date-exclusions","detail":"Left out as later than AD 100, by AWMC OBJECTID: 1320, 1363, 1403 and 1407 (in Dacia, conquered 101–106), 1203 (the Via Traiana Nova, Trajanic), 2169 (the Via Herculia, late third century) and 2698 (to Gheriat el-Garbia, a fort of 201); the evidence is in docs/verification/M4-ancient-geometry.md, \"Roads\". Roads with no Barrington period, such as the Via Nova Traiana and the Strata Diocletiana, are left out by the period rule.","sources":["bib:livius-trajan","bib:cassius-dio-roman-history","pleiades:469059303","pleiades:344374"]}]}},"geometry":{"type":"MultiLineString","coordinates":[[[28.73746,38.72374],[28.75345,38.72759],[28.76575,38.73303]]]}},{"type":"Feature","properties":{"roadId":"awmc-road-737-151","major":true,"known":false,"timeperiod":"R","provenance":{"dataset":"AWMC geodata","version":"commit:7ecf8bccea2efe1e1e9df2daf6001942de73fb87;path:Cultural-Data/roads/roads.geojson","upstreamFeatureIds":["awmc:roads-objectid-737","awmc:roads-feature-151"],"changes":[{"kind":"filter","detail":"An AWMC major road of the Roman period (Barrington \"R\", 30 BC – AD 300) in 10–40°E, 28–45°N (ADR-0037 item 5).","sources":["awmc:roads-major-filter","awmc:roads-roman-period-filter"]},{"kind":"date-exclusions","detail":"Left out as later than AD 100, by AWMC OBJECTID: 1320, 1363, 1403 and 1407 (in Dacia, conquered 101–106), 1203 (the Via Traiana Nova, Trajanic), 2169 (the Via Herculia, late third century) and 2698 (to Gheriat el-Garbia, a fort of 201); the evidence is in docs/verification/M4-ancient-geometry.md, \"Roads\". Roads with no Barrington period, such as the Via Nova Traiana and the Strata Diocletiana, are left out by the period rule.","sources":["bib:livius-trajan","bib:cassius-dio-roman-history","pleiades:469059303","pleiades:344374"]}]}},"geometry":{"type":"MultiLineString","coordinates":[[[28.59378,38.32814],[28.61317,38.31115],[28.63109,38.29681],[28.65267,38.28089],[28.6798,38.26718],[28.69864,38.25473],[28.72094,38.24252],[28.73936,38.2337],[28.77683,38.22068],[28.79995,38.21126],[28.8196,38.20159],[28.83704,38.19086],[28.84794,38.17601],[28.85588,38.15638],[28.86161,38.13569],[28.86618,38.11491],[28.8667,38.09937],[28.86356,38.08944]]]}},{"type":"Feature","properties":{"roadId":"awmc-road-738-152","major":true,"known":true,"timeperiod":"R","provenance":{"dataset":"AWMC geodata","version":"commit:7ecf8bccea2efe1e1e9df2daf6001942de73fb87;path:Cultural-Data/roads/roads.geojson","upstreamFeatureIds":["awmc:roads-objectid-738","awmc:roads-feature-152"],"changes":[{"kind":"filter","detail":"An AWMC major road of the Roman period (Barrington \"R\", 30 BC – AD 300) in 10–40°E, 28–45°N (ADR-0037 item 5).","sources":["awmc:roads-major-filter","awmc:roads-roman-period-filter"]},{"kind":"date-exclusions","detail":"Left out as later than AD 100, by AWMC OBJECTID: 1320, 1363, 1403 and 1407 (in Dacia, conquered 101–106), 1203 (the Via Traiana Nova, Trajanic), 2169 (the Via Herculia, late third century) and 2698 (to Gheriat el-Garbia, a fort of 201); the evidence is in docs/verification/M4-ancient-geometry.md, \"Roads\". Roads with no Barrington period, such as the Via Nova Traiana and the Strata Diocletiana, are left out by the period rule.","sources":["bib:livius-trajan","bib:cassius-dio-roman-history","pleiades:469059303","pleiades:344374"]}]}},"geometry":{"type":"MultiLineString","coordinates":[[[28.59601,38.33931],[28.62814,38.3333],[28.66961,38.32702],[28.71665,38.32294],[28.74092,38.32461],[28.77761,38.32988],[28.8141,38.33696],[28.84079,38.33785],[28.86768,38.33691],[28.90035,38.33635],[28.93707,38.33055],[28.96368,38.32131],[28.9921,38.31678],[29.0235,38.306],[29.05961,38.29461],[29.07925,38.28489],[29.09715,38.28055],[29.1215,38.28121],[29.1377,38.29326],[29.16993,38.31917],[29.1984,38.33657],[29.22393,38.3602],[29.26989,38.40071],[29.29673,38.42348],[29.3176,38.44772],[29.33731,38.4838],[29.34821,38.51475],[29.36306,38.54135],[29.36686,38.56177],[29.37853,38.58543],[29.38655,38.59877],[29.39287,38.61751],[29.40339,38.6411],[29.41657,38.67916],[29.41703,38.68048]]]}},{"type":"Feature","properties":{"roadId":"awmc-road-739-153","major":true,"known":true,"timeperiod":"R","provenance":{"dataset":"AWMC geodata","version":"commit:7ecf8bccea2efe1e1e9df2daf6001942de73fb87;path:Cultural-Data/roads/roads.geojson","upstreamFeatureIds":["awmc:roads-objectid-739","awmc:roads-feature-153"],"changes":[{"kind":"filter","detail":"An AWMC major road of the Roman period (Barrington \"R\", 30 BC – AD 300) in 10–40°E, 28–45°N (ADR-0037 item 5).","sources":["awmc:roads-major-filter","awmc:roads-roman-period-filter"]},{"kind":"date-exclusions","detail":"Left out as later than AD 100, by AWMC OBJECTID: 1320, 1363, 1403 and 1407 (in Dacia, conquered 101–106), 1203 (the Via Traiana Nova, Trajanic), 2169 (the Via Herculia, late third century) and 2698 (to Gheriat el-Garbia, a fort of 201); the evidence is in docs/verification/M4-ancient-geometry.md, \"Roads\". Roads with no Barrington period, such as the Via Nova Traiana and the Strata Diocletiana, are left out by the period rule.","sources":["bib:livius-trajan","bib:cassius-dio-roman-history","pleiades:469059303","pleiades:344374"]}]}},"geometry":{"type":"MultiLineString","coordinates":[[[29.746,38.71831],[29.73581,38.70212],[29.72846,38.68059],[29.72111,38.65907],[29.7123,38.62828],[29.70342,38.59841],[29.6954,38.55942],[29.68611,38.53412],[29.66535,38.49439]]]}},{"type":"Feature","properties":{"roadId":"awmc-road-742-156","major":false,"known":true,"timeperiod":"R","provenance":{"dataset":"AWMC geodata","version":"commit:7ecf8bccea2efe1e1e9df2daf6001942de73fb87;path:Cultural-Data/roads/roads.geojson","upstreamFeatureIds":["awmc:roads-objectid-742","awmc:roads-feature-156"],"changes":[{"kind":"filter","detail":"An AWMC minor road of the Roman period (Barrington \"R\", 30 BC – AD 300) that passes within 50 km of one of our places (ADR-0037's update of 2026-10-08, item 1).","sources":["awmc:roads-minor-near-places-filter","awmc:roads-roman-period-filter"]},{"kind":"date-exclusions","detail":"Left out as later than AD 100, by AWMC OBJECTID: 1320, 1363, 1403 and 1407 (in Dacia, conquered 101–106), 1203 (the Via Traiana Nova, Trajanic), 2169 (the Via Herculia, late third century) and 2698 (to Gheriat el-Garbia, a fort of 201); the evidence is in docs/verification/M4-ancient-geometry.md, \"Roads\". Roads with no Barrington period, such as the Via Nova Traiana and the Strata Diocletiana, are left out by the period rule.","sources":["bib:livius-trajan","bib:cassius-dio-roman-history","pleiades:469059303","pleiades:344374"]}]}},"geometry":{"type":"MultiLineString","coordinates":[[[29.12844,38.28166],[29.14275,38.267],[29.15887,38.24603],[29.16874,38.22925],[29.18456,38.21101],[29.20018,38.1946],[29.2353,38.18034],[29.25718,38.17073],[29.28808,38.16351],[29.30335,38.16172]]]}},{"type":"Feature","properties":{"roadId":"awmc-road-745-158","major":false,"known":true,"timeperiod":"R","provenance":{"dataset":"AWMC geodata","version":"commit:7ecf8bccea2efe1e1e9df2daf6001942de73fb87;path:Cultural-Data/roads/roads.geojson","upstreamFeatureIds":["awmc:roads-objectid-745","awmc:roads-feature-158"],"changes":[{"kind":"filter","detail":"An AWMC minor road of the Roman period (Barrington \"R\", 30 BC – AD 300) that passes within 50 km of one of our places (ADR-0037's update of 2026-10-08, item 1).","sources":["awmc:roads-minor-near-places-filter","awmc:roads-roman-period-filter"]},{"kind":"date-exclusions","detail":"Left out as later than AD 100, by AWMC OBJECTID: 1320, 1363, 1403 and 1407 (in Dacia, conquered 101–106), 1203 (the Via Traiana Nova, Trajanic), 2169 (the Via Herculia, late third century) and 2698 (to Gheriat el-Garbia, a fort of 201); the evidence is in docs/verification/M4-ancient-geometry.md, \"Roads\". Roads with no Barrington period, such as the Via Nova Traiana and the Strata Diocletiana, are left out by the period rule.","sources":["bib:livius-trajan","bib:cassius-dio-roman-history","pleiades:469059303","pleiades:344374"]}]}},"geometry":{"type":"MultiLineString","coordinates":[[[29.75783,38.35307],[29.74044,38.32732],[29.69552,38.26058],[29.65972,38.20901],[29.61775,38.14975]]]}},{"type":"Feature","properties":{"roadId":"awmc-road-746-159","major":false,"known":true,"timeperiod":"R","provenance":{"dataset":"AWMC geodata","version":"commit:7ecf8bccea2efe1e1e9df2daf6001942de73fb87;path:Cultural-Data/roads/roads.geojson","upstreamFeatureIds":["awmc:roads-objectid-746","awmc:roads-feature-159"],"changes":[{"kind":"filter","detail":"An AWMC minor road of the Roman period (Barrington \"R\", 30 BC – AD 300) that passes within 50 km of one of our places (ADR-0037's update of 2026-10-08, item 1).","sources":["awmc:roads-minor-near-places-filter","awmc:roads-roman-period-filter"]},{"kind":"date-exclusions","detail":"Left out as later than AD 100, by AWMC OBJECTID: 1320, 1363, 1403 and 1407 (in Dacia, conquered 101–106), 1203 (the Via Traiana Nova, Trajanic), 2169 (the Via Herculia, late third century) and 2698 (to Gheriat el-Garbia, a fort of 201); the evidence is in docs/verification/M4-ancient-geometry.md, \"Roads\". Roads with no Barrington period, such as the Via Nova Traiana and the Strata Diocletiana, are left out by the period rule.","sources":["bib:livius-trajan","bib:cassius-dio-roman-history","pleiades:469059303","pleiades:344374"]}]}},"geometry":{"type":"MultiLineString","coordinates":[[[30.18961,38.10227],[30.1975,38.12618],[30.19763,38.15055],[30.19587,38.17135],[30.18517,38.20646],[30.17607,38.23558],[30.16799,38.26562],[30.1676,38.29607],[30.17447,38.33213],[30.17885,38.35849],[30.1817,38.38999],[30.18631,38.41375],[30.19306,38.4385],[30.19813,38.45706],[30.194,38.47949],[30.18516,38.50517],[30.17727,38.53263],[30.18794,38.55063],[30.19824,38.57296],[30.20089,38.59401],[30.20826,38.61183],[30.22064,38.62294],[30.23997,38.63092],[30.26012,38.64243],[30.28294,38.66191],[30.28923,38.67967]]]}},{"type":"Feature","properties":{"roadId":"awmc-road-750-163","major":false,"known":false,"timeperiod":"R","provenance":{"dataset":"AWMC geodata","version":"commit:7ecf8bccea2efe1e1e9df2daf6001942de73fb87;path:Cultural-Data/roads/roads.geojson","upstreamFeatureIds":["awmc:roads-objectid-750","awmc:roads-feature-163"],"changes":[{"kind":"filter","detail":"An AWMC minor road of the Roman period (Barrington \"R\", 30 BC – AD 300) that passes within 50 km of one of our places (ADR-0037's update of 2026-10-08, item 1).","sources":["awmc:roads-minor-near-places-filter","awmc:roads-roman-period-filter"]},{"kind":"date-exclusions","detail":"Left out as later than AD 100, by AWMC OBJECTID: 1320, 1363, 1403 and 1407 (in Dacia, conquered 101–106), 1203 (the Via Traiana Nova, Trajanic), 2169 (the Via Herculia, late third century) and 2698 (to Gheriat el-Garbia, a fort of 201); the evidence is in docs/verification/M4-ancient-geometry.md, \"Roads\". Roads with no Barrington period, such as the Via Nova Traiana and the Strata Diocletiana, are left out by the period rule.","sources":["bib:livius-trajan","bib:cassius-dio-roman-history","pleiades:469059303","pleiades:344374"]}]}},"geometry":{"type":"MultiLineString","coordinates":[[[30.19437,38.47516],[30.13627,38.46772]]]}},{"type":"Feature","properties":{"roadId":"awmc-road-781-223","major":true,"known":true,"timeperiod":"R","provenance":{"dataset":"AWMC geodata","version":"commit:7ecf8bccea2efe1e1e9df2daf6001942de73fb87;path:Cultural-Data/roads/roads.geojson","upstreamFeatureIds":["awmc:roads-objectid-781","awmc:roads-feature-223"],"changes":[{"kind":"filter","detail":"An AWMC major road of the Roman period (Barrington \"R\", 30 BC – AD 300) in 10–40°E, 28–45°N (ADR-0037 item 5).","sources":["awmc:roads-major-filter","awmc:roads-roman-period-filter"]},{"kind":"date-exclusions","detail":"Left out as later than AD 100, by AWMC OBJECTID: 1320, 1363, 1403 and 1407 (in Dacia, conquered 101–106), 1203 (the Via Traiana Nova, Trajanic), 2169 (the Via Herculia, late third century) and 2698 (to Gheriat el-Garbia, a fort of 201); the evidence is in docs/verification/M4-ancient-geometry.md, \"Roads\". Roads with no Barrington period, such as the Via Nova Traiana and the Strata Diocletiana, are left out by the period rule.","sources":["bib:livius-trajan","bib:cassius-dio-roman-history","pleiades:469059303","pleiades:344374"]}]}},"geometry":{"type":"MultiLineString","coordinates":[[[30.47141,38.07188],[30.47716,38.07704],[30.49976,38.08338],[30.50935,38.08733],[30.53725,38.10546],[30.56639,38.11718],[30.59411,38.13436],[30.62715,38.14783],[30.66384,38.16622],[30.68874,38.18165],[30.71535,38.20112],[30.73504,38.21946],[30.74969,38.23836],[30.77635,38.25782],[30.79825,38.27388],[30.82694,38.27995],[30.86347,38.28874],[30.89111,38.29554],[30.91509,38.29741],[30.93501,38.29988],[30.95554,38.30792],[30.97903,38.31688],[31.00558,38.32518],[31.02229,38.33066],[31.06149,38.33078],[31.08694,38.32633],[31.12372,38.31761],[31.15243,38.30932],[31.18096,38.30065],[31.18218,38.30028],[31.19221,38.28565],[31.2045,38.26717],[31.22642,38.25462],[31.24254,38.23866],[31.2518,38.22005],[31.27832,38.19818],[31.30423,38.16996],[31.32356,38.15016],[31.34046,38.1366],[31.36151,38.12083],[31.3829,38.09954],[31.40532,38.07748]]]}},{"type":"Feature","properties":{"roadId":"awmc-road-782-224","major":false,"known":true,"timeperiod":"R","provenance":{"dataset":"AWMC geodata","version":"commit:7ecf8bccea2efe1e1e9df2daf6001942de73fb87;path:Cultural-Data/roads/roads.geojson","upstreamFeatureIds":["awmc:roads-objectid-782","awmc:roads-feature-224"],"changes":[{"kind":"filter","detail":"An AWMC minor road of the Roman period (Barrington \"R\", 30 BC – AD 300) that passes within 50 km of one of our places (ADR-0037's update of 2026-10-08, item 1).","sources":["awmc:roads-minor-near-places-filter","awmc:roads-roman-period-filter"]},{"kind":"date-exclusions","detail":"Left out as later than AD 100, by AWMC OBJECTID: 1320, 1363, 1403 and 1407 (in Dacia, conquered 101–106), 1203 (the Via Traiana Nova, Trajanic), 2169 (the Via Herculia, late third century) and 2698 (to Gheriat el-Garbia, a fort of 201); the evidence is in docs/verification/M4-ancient-geometry.md, \"Roads\". Roads with no Barrington period, such as the Via Nova Traiana and the Strata Diocletiana, are left out by the period rule.","sources":["bib:livius-trajan","bib:cassius-dio-roman-history","pleiades:469059303","pleiades:344374"]}]}},"geometry":{"type":"MultiLineString","coordinates":[[[31.18096,38.30065],[31.18096,38.30065],[31.18212,38.31611],[31.18665,38.32343],[31.20026,38.33033],[31.24564,38.3433],[31.28909,38.35537],[31.30969,38.36334],[31.32724,38.37196],[31.35703,38.37791],[31.38046,38.39091],[31.39074,38.3974],[31.39639,38.40323]]]}},{"type":"Feature","properties":{"roadId":"awmc-road-785-227","major":true,"known":true,"timeperiod":"R","provenance":{"dataset":"AWMC geodata","version":"commit:7ecf8bccea2efe1e1e9df2daf6001942de73fb87;path:Cultural-Data/roads/roads.geojson","upstreamFeatureIds":["awmc:roads-objectid-785","awmc:roads-feature-227"],"changes":[{"kind":"filter","detail":"An AWMC major road of the Roman period (Barrington \"R\", 30 BC – AD 300) in 10–40°E, 28–45°N (ADR-0037 item 5).","sources":["awmc:roads-major-filter","awmc:roads-roman-period-filter"]},{"kind":"date-exclusions","detail":"Left out as later than AD 100, by AWMC OBJECTID: 1320, 1363, 1403 and 1407 (in Dacia, conquered 101–106), 1203 (the Via Traiana Nova, Trajanic), 2169 (the Via Herculia, late third century) and 2698 (to Gheriat el-Garbia, a fort of 201); the evidence is in docs/verification/M4-ancient-geometry.md, \"Roads\". Roads with no Barrington period, such as the Via Nova Traiana and the Strata Diocletiana, are left out by the period rule.","sources":["bib:livius-trajan","bib:cassius-dio-roman-history","pleiades:469059303","pleiades:344374"]}]}},"geometry":{"type":"MultiLineString","coordinates":[[[30.17407,38.07824],[30.19203,38.08225],[30.20445,38.08747],[30.21473,38.09187],[30.2329,38.09738],[30.24201,38.09996],[30.25226,38.09945],[30.26553,38.09453],[30.27727,38.08742],[30.28454,38.07939],[30.28915,38.07191],[30.29141,38.06607],[30.29797,38.06185],[30.30674,38.06301],[30.31889,38.06538],[30.32626,38.0699],[30.33316,38.07704],[30.34102,38.08394],[30.34815,38.08846],[30.35387,38.08893],[30.35886,38.08798],[30.36457,38.08251],[30.37005,38.07632],[30.37457,38.0737],[30.3798,38.07299],[30.38623,38.07394],[30.39432,38.07608],[30.39979,38.07632],[30.40598,38.07585],[30.41549,38.07085],[30.42073,38.0699],[30.42977,38.07109],[30.44072,38.07228],[30.45404,38.07264],[30.46213,38.07394],[30.46808,38.07323],[30.47141,38.07188]]]}},{"type":"Feature","properties":{"roadId":"awmc-road-805-2693","major":true,"known":true,"timeperiod":"RL","provenance":{"dataset":"AWMC geodata","version":"commit:7ecf8bccea2efe1e1e9df2daf6001942de73fb87;path:Cultural-Data/roads/roads.geojson","upstreamFeatureIds":["awmc:roads-objectid-805","awmc:roads-feature-2693"],"changes":[{"kind":"filter","detail":"An AWMC major road of the Roman period (Barrington \"R\", 30 BC – AD 300) in 10–40°E, 28–45°N (ADR-0037 item 5).","sources":["awmc:roads-major-filter","awmc:roads-roman-period-filter"]},{"kind":"date-exclusions","detail":"Left out as later than AD 100, by AWMC OBJECTID: 1320, 1363, 1403 and 1407 (in Dacia, conquered 101–106), 1203 (the Via Traiana Nova, Trajanic), 2169 (the Via Herculia, late third century) and 2698 (to Gheriat el-Garbia, a fort of 201); the evidence is in docs/verification/M4-ancient-geometry.md, \"Roads\". Roads with no Barrington period, such as the Via Nova Traiana and the Strata Diocletiana, are left out by the period rule.","sources":["bib:livius-trajan","bib:cassius-dio-roman-history","pleiades:469059303","pleiades:344374"]}]}},"geometry":{"type":"MultiLineString","coordinates":[[[34.28778,37.98751],[34.26529,38],[34.23709,38.01464],[34.18441,38.03822],[34.15452,38.05225],[34.12256,38.07121],[34.09806,38.08509],[34.07898,38.0978],[34.06161,38.11327],[34.05542,38.11921],[34.05923,38.12421],[34.06072,38.13191],[34.05578,38.20523],[34.05899,38.25734],[34.05828,38.30981],[34.05901,38.35163],[34.05505,38.36894],[34.04671,38.38526],[34.04186,38.39119],[34.0308,38.40225],[34.01828,38.41599],[34.00695,38.43323],[34.00046,38.44794],[33.9951,38.46685],[33.99592,38.48598],[33.9993,38.50339],[34.00151,38.51692],[34.01692,38.54892],[34.03008,38.56786],[34.00916,38.58902],[33.99165,38.60523],[33.96644,38.62171],[33.93887,38.64842],[33.91005,38.67511],[33.86982,38.71277],[33.8574,38.72602],[33.83378,38.74739],[33.82057,38.76488],[33.79171,38.79529],[33.76953,38.81342],[33.75269,38.8385],[33.73271,38.86318],[33.70764,38.88521],[33.68056,38.91521],[33.65246,38.95084],[33.61891,39.00794],[33.61403,39.02526],[33.60929,39.04799],[33.60214,39.0597],[33.58738,39.08534],[33.55395,39.13501],[33.53896,39.15963],[33.5117,39.20688],[33.48578,39.23958],[33.46972,39.25672],[33.45259,39.27492],[33.42418,39.29018],[33.38485,39.29602],[33.3609,39.30212],[33.33134,39.30812],[33.30308,39.31738],[33.26912,39.3298],[33.242,39.33952],[33.21735,39.35412],[33.19005,39.37533],[33.15204,39.41441],[33.12739,39.43893],[33.10802,39.45819],[33.08776,39.47627],[33.05767,39.49413],[33.01468,39.51878],[32.99737,39.53146],[32.98723,39.53994],[32.97653,39.56364],[32.96575,39.58952],[32.95117,39.60512],[32.92832,39.61441],[32.89488,39.61828],[32.87193,39.62973],[32.85372,39.65011],[32.84163,39.6716],[32.83366,39.69536],[32.8311,39.72469],[32.82735,39.74855],[32.83056,39.77475],[32.82992,39.79107],[32.82782,39.80844],[32.82285,39.82435],[32.82987,39.83728],[32.83963,39.85723],[32.84492,39.87592],[32.8635,39.90188],[32.87013,39.92524],[32.87389,39.94506],[32.8729,39.94897],[32.86432,39.95877],[32.83532,39.96739],[32.80824,39.96559],[32.78426,39.96155],[32.7601,39.96213],[32.73152,39.96028],[32.69497,39.96867],[32.63364,39.99152],[32.5966,40.01031]]]}},{"type":"Feature","properties":{"roadId":"awmc-road-806-249","major":true,"known":false,"timeperiod":"RL","provenance":{"dataset":"AWMC geodata","version":"commit:7ecf8bccea2efe1e1e9df2daf6001942de73fb87;path:Cultural-Data/roads/roads.geojson","upstreamFeatureIds":["awmc:roads-objectid-806","awmc:roads-feature-249"],"changes":[{"kind":"filter","detail":"An AWMC major road of the Roman period (Barrington \"R\", 30 BC – AD 300) in 10–40°E, 28–45°N (ADR-0037 item 5).","sources":["awmc:roads-major-filter","awmc:roads-roman-period-filter"]},{"kind":"date-exclusions","detail":"Left out as later than AD 100, by AWMC OBJECTID: 1320, 1363, 1403 and 1407 (in Dacia, conquered 101–106), 1203 (the Via Traiana Nova, Trajanic), 2169 (the Via Herculia, late third century) and 2698 (to Gheriat el-Garbia, a fort of 201); the evidence is in docs/verification/M4-ancient-geometry.md, \"Roads\". Roads with no Barrington period, such as the Via Nova Traiana and the Strata Diocletiana, are left out by the period rule.","sources":["bib:livius-trajan","bib:cassius-dio-roman-history","pleiades:469059303","pleiades:344374"]}]}},"geometry":{"type":"MultiLineString","coordinates":[[[32.8729,39.94897],[32.93422,39.97163],[32.98641,39.99118],[33.03594,40.00303],[33.06807,40.00625],[33.12196,40.00089],[33.17014,39.99411],[33.20334,39.98697],[33.25616,39.98412],[33.2915,39.98554],[33.31041,39.99197],[33.32362,39.99447],[33.34325,39.9909],[33.36456,39.9788],[33.38135,39.97213],[33.4054,39.97073],[33.43177,39.97591],[33.44497,39.97734],[33.45604,39.97627],[33.4646,39.9702],[33.48745,39.93379],[33.49994,39.91416],[33.51421,39.89846],[33.52706,39.88704],[33.54648,39.88253],[33.57168,39.88311],[33.59845,39.88846],[33.64547,39.89971],[33.6858,39.9122],[33.71652,39.92334],[33.75076,39.94503],[33.78967,39.96681],[33.82072,39.98073],[33.86569,39.99607],[33.91423,40.00678],[33.96427,40.01788],[33.99873,40.03218],[34.03689,40.04557],[34.0655,40.0505],[34.11689,40.04868],[34.16684,40.04101],[34.2219,40.02391],[34.24866,40.01178],[34.27436,40.00428],[34.31148,39.99786],[34.35467,39.99215],[34.37965,39.98858],[34.41713,39.97823],[34.4439,39.96609],[34.47674,39.94254],[34.49244,39.92933],[34.516,39.89935],[34.53313,39.86794],[34.53527,39.85937]]]}},{"type":"Feature","properties":{"roadId":"awmc-road-809-251","major":true,"known":false,"timeperiod":"RL","provenance":{"dataset":"AWMC geodata","version":"commit:7ecf8bccea2efe1e1e9df2daf6001942de73fb87;path:Cultural-Data/roads/roads.geojson","upstreamFeatureIds":["awmc:roads-objectid-809","awmc:roads-feature-251"],"changes":[{"kind":"filter","detail":"An AWMC major road of the Roman period (Barrington \"R\", 30 BC – AD 300) in 10–40°E, 28–45°N (ADR-0037 item 5).","sources":["awmc:roads-major-filter","awmc:roads-roman-period-filter"]},{"kind":"date-exclusions","detail":"Left out as later than AD 100, by AWMC OBJECTID: 1320, 1363, 1403 and 1407 (in Dacia, conquered 101–106), 1203 (the Via Traiana Nova, Trajanic), 2169 (the Via Herculia, late third century) and 2698 (to Gheriat el-Garbia, a fort of 201); the evidence is in docs/verification/M4-ancient-geometry.md, \"Roads\". Roads with no Barrington period, such as the Via Nova Traiana and the Strata Diocletiana, are left out by the period rule.","sources":["bib:livius-trajan","bib:cassius-dio-roman-history","pleiades:469059303","pleiades:344374"]}]}},"geometry":{"type":"MultiLineString","coordinates":[[[34.53527,39.85937],[34.55215,39.86081],[34.58522,39.86677],[34.61962,39.86237],[34.65526,39.85377],[34.68691,39.84692],[34.71443,39.84453],[34.75205,39.84116],[34.79165,39.83825],[34.83378,39.83486],[34.86505,39.83206],[34.9162,39.8298],[34.96584,39.82486],[34.99303,39.82561],[35.05916,39.82182],[35.08588,39.81222],[35.12606,39.79861],[35.16245,39.78208],[35.18251,39.77332],[35.20133,39.76747],[35.21764,39.7655],[35.23644,39.75576],[35.27152,39.74307],[35.31536,39.72646],[35.34791,39.71569],[35.388,39.70778],[35.4218,39.69891],[35.43678,39.69012],[35.42919,39.68143],[35.42405,39.665],[35.42008,39.63789],[35.41492,39.61758],[35.41095,39.58854],[35.40699,39.56144],[35.40685,39.54208],[35.39914,39.51307],[35.3965,39.49372],[35.3939,39.47921],[35.38694,39.46279],[35.37557,39.44251],[35.36108,39.4261],[35.33977,39.4107],[35.32222,39.39528],[35.30215,39.37502],[35.27583,39.34704],[35.25332,39.32872],[35.23202,39.29976]]]}},{"type":"Feature","properties":{"roadId":"awmc-road-817-230","major":true,"known":false,"timeperiod":"RL","provenance":{"dataset":"AWMC geodata","version":"commit:7ecf8bccea2efe1e1e9df2daf6001942de73fb87;path:Cultural-Data/roads/roads.geojson","upstreamFeatureIds":["awmc:roads-objectid-817","awmc:roads-feature-230"],"changes":[{"kind":"filter","detail":"An AWMC major road of the Roman period (Barrington \"R\", 30 BC – AD 300) in 10–40°E, 28–45°N (ADR-0037 item 5).","sources":["awmc:roads-major-filter","awmc:roads-roman-period-filter"]},{"kind":"date-exclusions","detail":"Left out as later than AD 100, by AWMC OBJECTID: 1320, 1363, 1403 and 1407 (in Dacia, conquered 101–106), 1203 (the Via Traiana Nova, Trajanic), 2169 (the Via Herculia, late third century) and 2698 (to Gheriat el-Garbia, a fort of 201); the evidence is in docs/verification/M4-ancient-geometry.md, \"Roads\". Roads with no Barrington period, such as the Via Nova Traiana and the Strata Diocletiana, are left out by the period rule.","sources":["bib:livius-trajan","bib:cassius-dio-roman-history","pleiades:469059303","pleiades:344374"]}]}},"geometry":{"type":"MultiLineString","coordinates":[[[28.61925,37.89159],[28.63532,37.89783],[28.65127,37.90508],[28.66456,37.91317],[28.68264,37.92466],[28.6985,37.93292],[28.70958,37.93778],[28.72812,37.9452],[28.7499,37.9467],[28.77535,37.93824],[28.79557,37.93042],[28.81383,37.92861],[28.83422,37.93102],[28.86123,37.93183],[28.88644,37.92536],[28.90514,37.91947],[28.91541,37.9079],[28.92758,37.90258],[28.95,37.89795],[28.96601,37.89289],[28.98341,37.8869],[29.00859,37.8804],[29.02235,37.87211],[29.06586,37.86272],[29.09144,37.85213],[29.11414,37.84442],[29.11625,37.84337],[29.13586,37.83357],[29.15748,37.82374],[29.17089,37.81848],[29.18292,37.81414],[29.18804,37.81447],[29.20124,37.81124],[29.20974,37.80361],[29.22754,37.80577],[29.25802,37.80976],[29.28053,37.81629],[29.29962,37.81851],[29.3251,37.82114],[29.34813,37.82258],[29.36839,37.82589],[29.39456,37.83466],[29.40696,37.83951],[29.4231,37.84561],[29.44348,37.84789],[29.46179,37.84493],[29.49261,37.84579],[29.51063,37.84586],[29.53406,37.8432],[29.55177,37.83304],[29.56336,37.81944],[29.59894,37.79707],[29.63961,37.775],[29.68455,37.74806],[29.73272,37.72741],[29.77622,37.70137],[29.80753,37.68176],[29.84175,37.65822],[29.87994,37.63286],[29.94666,37.597]]]}},{"type":"Feature","properties":{"roadId":"awmc-road-818-259","major":true,"known":false,"timeperiod":"RL","provenance":{"dataset":"AWMC geodata","version":"commit:7ecf8bccea2efe1e1e9df2daf6001942de73fb87;path:Cultural-Data/roads/roads.geojson","upstreamFeatureIds":["awmc:roads-objectid-818","awmc:roads-feature-259"],"changes":[{"kind":"filter","detail":"An AWMC major road of the Roman period (Barrington \"R\", 30 BC – AD 300) in 10–40°E, 28–45°N (ADR-0037 item 5).","sources":["awmc:roads-major-filter","awmc:roads-roman-period-filter"]},{"kind":"date-exclusions","detail":"Left out as later than AD 100, by AWMC OBJECTID: 1320, 1363, 1403 and 1407 (in Dacia, conquered 101–106), 1203 (the Via Traiana Nova, Trajanic), 2169 (the Via Herculia, late third century) and 2698 (to Gheriat el-Garbia, a fort of 201); the evidence is in docs/verification/M4-ancient-geometry.md, \"Roads\". Roads with no Barrington period, such as the Via Nova Traiana and the Strata Diocletiana, are left out by the period rule.","sources":["bib:livius-trajan","bib:cassius-dio-roman-history","pleiades:469059303","pleiades:344374"]}]}},"geometry":{"type":"MultiLineString","coordinates":[[[28.86356,38.08944],[28.86627,38.07633],[28.87882,38.06797],[28.90677,38.06065],[28.92957,38.05298],[28.9467,38.05003],[28.95762,38.04463],[28.97591,38.04278],[28.98811,38.03745],[28.99421,38.02866],[29.01603,38.01783],[29.0402,38.0092],[29.05527,38.00099],[29.07001,37.98356],[29.08068,37.96791],[29.0937,37.95445],[29.10286,37.94074],[29.11896,37.92237],[29.12599,37.9167],[29.14281,37.91537],[29.1509,37.90823],[29.14709,37.89968],[29.14312,37.88818],[29.14223,37.87178],[29.12951,37.85768],[29.11628,37.84351]]]}},{"type":"Feature","properties":{"roadId":"awmc-road-833-273","major":false,"known":true,"timeperiod":"RL","provenance":{"dataset":"AWMC geodata","version":"commit:7ecf8bccea2efe1e1e9df2daf6001942de73fb87;path:Cultural-Data/roads/roads.geojson","upstreamFeatureIds":["awmc:roads-objectid-833","awmc:roads-feature-273"],"changes":[{"kind":"filter","detail":"An AWMC minor road of the Roman period (Barrington \"R\", 30 BC – AD 300) that passes within 50 km of one of our places (ADR-0037's update of 2026-10-08, item 1).","sources":["awmc:roads-minor-near-places-filter","awmc:roads-roman-period-filter"]},{"kind":"date-exclusions","detail":"Left out as later than AD 100, by AWMC OBJECTID: 1320, 1363, 1403 and 1407 (in Dacia, conquered 101–106), 1203 (the Via Traiana Nova, Trajanic), 2169 (the Via Herculia, late third century) and 2698 (to Gheriat el-Garbia, a fort of 201); the evidence is in docs/verification/M4-ancient-geometry.md, \"Roads\". Roads with no Barrington period, such as the Via Nova Traiana and the Strata Diocletiana, are left out by the period rule.","sources":["bib:livius-trajan","bib:cassius-dio-roman-history","pleiades:469059303","pleiades:344374"]}]}},"geometry":{"type":"MultiLineString","coordinates":[[[30.54379,36.52677],[30.54996,36.53435],[30.55678,36.54833],[30.55798,36.56203],[30.5634,36.57958],[30.56791,36.59435],[30.5618,36.60041],[30.55205,36.60993],[30.5496,36.62709],[30.54877,36.63796],[30.55018,36.64895],[30.55483,36.66192],[30.55757,36.67024],[30.56236,36.6814],[30.5647,36.69516],[30.56485,36.7079],[30.55979,36.71493],[30.55564,36.72473],[30.55889,36.74127],[30.56256,36.75238],[30.56885,36.77362],[30.56583,36.78348],[30.57042,36.79736],[30.57642,36.80767],[30.58475,36.81719],[30.59315,36.82579],[30.59704,36.83418],[30.59635,36.84325],[30.60208,36.85718],[30.60895,36.87118],[30.62533,36.87926],[30.63925,36.88996],[30.65366,36.8943],[30.6807,36.89652],[30.70223,36.89665]]]}},{"type":"Feature","properties":{"roadId":"awmc-road-835-275","major":true,"known":true,"timeperiod":"RL","provenance":{"dataset":"AWMC geodata","version":"commit:7ecf8bccea2efe1e1e9df2daf6001942de73fb87;path:Cultural-Data/roads/roads.geojson","upstreamFeatureIds":["awmc:roads-objectid-835","awmc:roads-feature-275"],"changes":[{"kind":"filter","detail":"An AWMC major road of the Roman period (Barrington \"R\", 30 BC – AD 300) in 10–40°E, 28–45°N (ADR-0037 item 5).","sources":["awmc:roads-major-filter","awmc:roads-roman-period-filter"]},{"kind":"date-exclusions","detail":"Left out as later than AD 100, by AWMC OBJECTID: 1320, 1363, 1403 and 1407 (in Dacia, conquered 101–106), 1203 (the Via Traiana Nova, Trajanic), 2169 (the Via Herculia, late third century) and 2698 (to Gheriat el-Garbia, a fort of 201); the evidence is in docs/verification/M4-ancient-geometry.md, \"Roads\". Roads with no Barrington period, such as the Via Nova Traiana and the Strata Diocletiana, are left out by the period rule.","sources":["bib:livius-trajan","bib:cassius-dio-roman-history","pleiades:469059303","pleiades:344374"]}]}},"geometry":{"type":"MultiLineString","coordinates":[[[29.11628,37.84351],[29.11625,37.84337],[29.11154,37.81974],[29.10832,37.80114],[29.11436,37.78009],[29.12539,37.76039],[29.13666,37.74666],[29.15686,37.73776],[29.17036,37.73573],[29.1911,37.73401],[29.20439,37.73118],[29.21551,37.71742],[29.22291,37.70439],[29.22528,37.69296],[29.22827,37.68737],[29.23971,37.68231],[29.25254,37.67541],[29.26003,37.66775],[29.26128,37.65529],[29.27309,37.64006],[29.27912,37.62651],[29.28152,37.60255],[29.28589,37.58494],[29.29392,37.56519],[29.29956,37.55369],[29.30351,37.53233],[29.31204,37.49527],[29.31536,37.48364],[29.3278,37.46804],[29.33877,37.44271],[29.34888,37.426],[29.36019,37.40936],[29.36483,37.39906],[29.36643,37.38278],[29.37791,37.36423],[29.38033,37.35186],[29.39901,37.33225],[29.42393,37.31164],[29.43463,37.30146],[29.44211,37.28652],[29.45993,37.27043],[29.48204,37.2535],[29.50356,37.23638],[29.5135,37.22062],[29.52101,37.19701],[29.51851,37.17279],[29.51948,37.15743],[29.54275,37.15246],[29.57046,37.14867],[29.59016,37.1453],[29.60418,37.14159],[29.61976,37.1334],[29.62863,37.1239],[29.63635,37.11433],[29.65167,37.10886],[29.66665,37.10701],[29.6846,37.1099],[29.6914,37.11031],[29.70192,37.10728],[29.71135,37.09142],[29.72782,37.07324],[29.73821,37.05926],[29.74817,37.04982],[29.765,37.03986],[29.78368,37.03457],[29.79758,37.03173],[29.82214,37.0368],[29.84226,37.0407],[29.85907,37.04349],[29.87128,37.04693],[29.88211,37.04025],[29.89148,37.03714],[29.90635,37.03617],[29.9162,37.02761],[29.91999,37.01051],[29.9224,36.99606],[29.92344,36.98427],[29.92343,36.97151],[29.92431,36.96153],[29.93181,36.95376],[29.94261,36.94708],[29.9501,36.9393],[29.95074,36.93205],[29.98476,36.91938],[30.00926,36.91165],[30.02982,36.91006],[30.05014,36.91119],[30.07023,36.91503],[30.0885,36.92697],[30.10023,36.93581],[30.12123,36.94243],[30.13924,36.94432],[30.16055,36.9473],[30.17268,36.9516],[30.19106,36.94894],[30.20492,36.94604],[30.21637,36.94483],[30.23325,36.94665],[30.24862,36.95293],[30.26069,36.97179],[30.26439,36.98201],[30.27149,36.99241],[30.28778,37.00147],[30.30861,37.01076],[30.32959,37.01824],[30.34656,37.01912],[30.3593,37.01614],[30.37274,37.01866],[30.37986,37.02905],[30.39117,37.02963],[30.39088,37.03326],[30.39625,37.03718],[30.41316,37.03896],[30.4271,37.03512],[30.4402,37.02758],[30.44906,37.01619],[30.45437,37.00644],[30.47509,37.00293],[30.48633,37.00949],[30.48704,37.00991],[30.48994,37.01644],[30.49644,37.02041],[30.50522,37.02449],[30.5188,37.02518],[30.5362,37.02058],[30.55388,37.01235],[30.56518,36.99833],[30.58192,36.98732],[30.60305,36.97834],[30.6264,36.97082],[30.64792,36.95638],[30.66387,36.93942],[30.67493,36.92811],[30.68872,36.91057],[30.70223,36.89665]]]}},{"type":"Feature","properties":{"roadId":"awmc-road-836-276","major":true,"known":true,"timeperiod":"RL","provenance":{"dataset":"AWMC geodata","version":"commit:7ecf8bccea2efe1e1e9df2daf6001942de73fb87;path:Cultural-Data/roads/roads.geojson","upstreamFeatureIds":["awmc:roads-objectid-836","awmc:roads-feature-276"],"changes":[{"kind":"filter","detail":"An AWMC major road of the Roman period (Barrington \"R\", 30 BC – AD 300) in 10–40°E, 28–45°N (ADR-0037 item 5).","sources":["awmc:roads-major-filter","awmc:roads-roman-period-filter"]},{"kind":"date-exclusions","detail":"Left out as later than AD 100, by AWMC OBJECTID: 1320, 1363, 1403 and 1407 (in Dacia, conquered 101–106), 1203 (the Via Traiana Nova, Trajanic), 2169 (the Via Herculia, late third century) and 2698 (to Gheriat el-Garbia, a fort of 201); the evidence is in docs/verification/M4-ancient-geometry.md, \"Roads\". Roads with no Barrington period, such as the Via Nova Traiana and the Strata Diocletiana, are left out by the period rule.","sources":["bib:livius-trajan","bib:cassius-dio-roman-history","pleiades:469059303","pleiades:344374"]}]}},"geometry":{"type":"MultiLineString","coordinates":[[[30.48633,37.00949],[30.48633,37.00949],[30.47699,37.02216],[30.47515,37.03118],[30.47056,37.04379],[30.47367,37.06217],[30.47958,37.07605],[30.48516,37.09183],[30.48782,37.10196],[30.48682,37.11466],[30.47848,37.13341],[30.4755,37.14238],[30.47883,37.1524],[30.48663,37.15727]]]}},{"type":"Feature","properties":{"roadId":"awmc-road-837-2698","major":true,"known":false,"timeperiod":"R","provenance":{"dataset":"AWMC geodata","version":"commit:7ecf8bccea2efe1e1e9df2daf6001942de73fb87;path:Cultural-Data/roads/roads.geojson","upstreamFeatureIds":["awmc:roads-objectid-837","awmc:roads-feature-2698"],"changes":[{"kind":"filter","detail":"An AWMC major road of the Roman period (Barrington \"R\", 30 BC – AD 300) in 10–40°E, 28–45°N (ADR-0037 item 5).","sources":["awmc:roads-major-filter","awmc:roads-roman-period-filter"]},{"kind":"date-exclusions","detail":"Left out as later than AD 100, by AWMC OBJECTID: 1320, 1363, 1403 and 1407 (in Dacia, conquered 101–106), 1203 (the Via Traiana Nova, Trajanic), 2169 (the Via Herculia, late third century) and 2698 (to Gheriat el-Garbia, a fort of 201); the evidence is in docs/verification/M4-ancient-geometry.md, \"Roads\". Roads with no Barrington period, such as the Via Nova Traiana and the Strata Diocletiana, are left out by the period rule.","sources":["bib:livius-trajan","bib:cassius-dio-roman-history","pleiades:469059303","pleiades:344374"]}]}},"geometry":{"type":"MultiLineString","coordinates":[[[30.70223,36.89665],[30.73411,36.91001],[30.76508,36.92059],[30.78243,36.93143],[30.80777,36.94172],[30.8254,36.94892],[30.84509,36.95894],[30.85701,36.96678]]]}},{"type":"Feature","properties":{"roadId":"awmc-road-838-2703","major":true,"known":false,"timeperiod":"R","provenance":{"dataset":"AWMC geodata","version":"commit:7ecf8bccea2efe1e1e9df2daf6001942de73fb87;path:Cultural-Data/roads/roads.geojson","upstreamFeatureIds":["awmc:roads-objectid-838","awmc:roads-feature-2703"],"changes":[{"kind":"filter","detail":"An AWMC major road of the Roman period (Barrington \"R\", 30 BC – AD 300) in 10–40°E, 28–45°N (ADR-0037 item 5).","sources":["awmc:roads-major-filter","awmc:roads-roman-period-filter"]},{"kind":"date-exclusions","detail":"Left out as later than AD 100, by AWMC OBJECTID: 1320, 1363, 1403 and 1407 (in Dacia, conquered 101–106), 1203 (the Via Traiana Nova, Trajanic), 2169 (the Via Herculia, late third century) and 2698 (to Gheriat el-Garbia, a fort of 201); the evidence is in docs/verification/M4-ancient-geometry.md, \"Roads\". Roads with no Barrington period, such as the Via Nova Traiana and the Strata Diocletiana, are left out by the period rule.","sources":["bib:livius-trajan","bib:cassius-dio-roman-history","pleiades:469059303","pleiades:344374"]}]}},"geometry":{"type":"MultiLineString","coordinates":[[[30.60305,36.97834],[30.62361,36.97662],[30.64856,36.97692],[30.67225,36.97898],[30.6946,36.9837],[30.72087,36.99206]]]}},{"type":"Feature","properties":{"roadId":"awmc-road-839-164","major":false,"known":true,"timeperiod":"R","provenance":{"dataset":"AWMC geodata","version":"commit:7ecf8bccea2efe1e1e9df2daf6001942de73fb87;path:Cultural-Data/roads/roads.geojson","upstreamFeatureIds":["awmc:roads-objectid-839","awmc:roads-feature-164"],"changes":[{"kind":"filter","detail":"An AWMC minor road of the Roman period (Barrington \"R\", 30 BC – AD 300) that passes within 50 km of one of our places (ADR-0037's update of 2026-10-08, item 1).","sources":["awmc:roads-minor-near-places-filter","awmc:roads-roman-period-filter"]},{"kind":"date-exclusions","detail":"Left out as later than AD 100, by AWMC OBJECTID: 1320, 1363, 1403 and 1407 (in Dacia, conquered 101–106), 1203 (the Via Traiana Nova, Trajanic), 2169 (the Via Herculia, late third century) and 2698 (to Gheriat el-Garbia, a fort of 201); the evidence is in docs/verification/M4-ancient-geometry.md, \"Roads\". Roads with no Barrington period, such as the Via Nova Traiana and the Strata Diocletiana, are left out by the period rule.","sources":["bib:livius-trajan","bib:cassius-dio-roman-history","pleiades:469059303","pleiades:344374"]}]}},"geometry":{"type":"MultiLineString","coordinates":[[[30.85701,36.96678],[30.81751,36.90121],[30.79451,36.85917]]]}},{"type":"Feature","properties":{"roadId":"awmc-road-840-165","major":false,"known":true,"timeperiod":"R","provenance":{"dataset":"AWMC geodata","version":"commit:7ecf8bccea2efe1e1e9df2daf6001942de73fb87;path:Cultural-Data/roads/roads.geojson","upstreamFeatureIds":["awmc:roads-objectid-840","awmc:roads-feature-165"],"changes":[{"kind":"filter","detail":"An AWMC minor road of the Roman period (Barrington \"R\", 30 BC – AD 300) that passes within 50 km of one of our places (ADR-0037's update of 2026-10-08, item 1).","sources":["awmc:roads-minor-near-places-filter","awmc:roads-roman-period-filter"]},{"kind":"date-exclusions","detail":"Left out as later than AD 100, by AWMC OBJECTID: 1320, 1363, 1403 and 1407 (in Dacia, conquered 101–106), 1203 (the Via Traiana Nova, Trajanic), 2169 (the Via Herculia, late third century) and 2698 (to Gheriat el-Garbia, a fort of 201); the evidence is in docs/verification/M4-ancient-geometry.md, \"Roads\". Roads with no Barrington period, such as the Via Nova Traiana and the Strata Diocletiana, are left out by the period rule.","sources":["bib:livius-trajan","bib:cassius-dio-roman-history","pleiades:469059303","pleiades:344374"]}]}},"geometry":{"type":"MultiLineString","coordinates":[[[30.33397,37.02029],[30.32101,37.02599],[30.30487,37.02879],[30.28669,37.02875],[30.27138,37.03523],[30.25909,37.04643],[30.24694,37.05581],[30.23419,37.05878],[30.22045,37.05987],[30.20656,37.06277],[30.19131,37.06833],[30.18059,37.07414],[30.16149,37.07128]]]}},{"type":"Feature","properties":{"roadId":"awmc-road-847-170","major":true,"known":false,"timeperiod":"RL","provenance":{"dataset":"AWMC geodata","version":"commit:7ecf8bccea2efe1e1e9df2daf6001942de73fb87;path:Cultural-Data/roads/roads.geojson","upstreamFeatureIds":["awmc:roads-objectid-847","awmc:roads-feature-170"],"changes":[{"kind":"filter","detail":"An AWMC major road of the Roman period (Barrington \"R\", 30 BC – AD 300) in 10–40°E, 28–45°N (ADR-0037 item 5).","sources":["awmc:roads-major-filter","awmc:roads-roman-period-filter"]},{"kind":"date-exclusions","detail":"Left out as later than AD 100, by AWMC OBJECTID: 1320, 1363, 1403 and 1407 (in Dacia, conquered 101–106), 1203 (the Via Traiana Nova, Trajanic), 2169 (the Via Herculia, late third century) and 2698 (to Gheriat el-Garbia, a fort of 201); the evidence is in docs/verification/M4-ancient-geometry.md, \"Roads\". Roads with no Barrington period, such as the Via Nova Traiana and the Strata Diocletiana, are left out by the period rule.","sources":["bib:livius-trajan","bib:cassius-dio-roman-history","pleiades:469059303","pleiades:344374"]}]}},"geometry":{"type":"MultiLineString","coordinates":[[[31.397,36.77522],[31.3926,36.79242],[31.37872,36.81551],[31.36669,36.83051],[31.34685,36.84615],[31.31938,36.86867],[31.28896,36.8838],[31.26198,36.89814],[31.22433,36.91931],[31.195,36.93445],[31.18047,36.9382],[31.17077,36.9407],[31.15488,36.94093],[31.12762,36.94158],[31.10005,36.94675],[31.08617,36.9507],[31.05728,36.95853],[31.02386,36.96616],[31.00111,36.96696],[30.98301,36.96615],[30.95932,36.96418],[30.93896,36.96325],[30.91527,36.96127],[30.88228,36.96248],[30.85701,36.96678],[30.83413,36.96936],[30.8006,36.97781],[30.75322,36.98924],[30.72087,36.99206],[30.70926,37.01748],[30.6977,37.04204],[30.68679,37.05797],[30.67479,37.07385],[30.66164,37.09053],[30.65064,37.10733],[30.64198,37.12163],[30.63211,37.13761],[30.62325,37.15451],[30.61916,37.16557],[30.61115,37.17125],[30.60199,37.17773],[30.59327,37.18239],[30.58466,37.19583],[30.5801,37.20944],[30.5642,37.21833],[30.54862,37.22363],[30.53276,37.23238],[30.52426,37.24409],[30.51022,37.25726],[30.49617,37.27043],[30.48327,37.28278],[30.46279,37.2998],[30.44899,37.30447],[30.43223,37.31055],[30.40471,37.31522],[30.38065,37.31745],[30.34957,37.32126],[30.33886,37.32397]]]}},{"type":"Feature","properties":{"roadId":"awmc-road-848-171","major":true,"known":false,"timeperiod":"RL","provenance":{"dataset":"AWMC geodata","version":"commit:7ecf8bccea2efe1e1e9df2daf6001942de73fb87;path:Cultural-Data/roads/roads.geojson","upstreamFeatureIds":["awmc:roads-objectid-848","awmc:roads-feature-171"],"changes":[{"kind":"filter","detail":"An AWMC major road of the Roman period (Barrington \"R\", 30 BC – AD 300) in 10–40°E, 28–45°N (ADR-0037 item 5).","sources":["awmc:roads-major-filter","awmc:roads-roman-period-filter"]},{"kind":"date-exclusions","detail":"Left out as later than AD 100, by AWMC OBJECTID: 1320, 1363, 1403 and 1407 (in Dacia, conquered 101–106), 1203 (the Via Traiana Nova, Trajanic), 2169 (the Via Herculia, late third century) and 2698 (to Gheriat el-Garbia, a fort of 201); the evidence is in docs/verification/M4-ancient-geometry.md, \"Roads\". Roads with no Barrington period, such as the Via Nova Traiana and the Strata Diocletiana, are left out by the period rule.","sources":["bib:livius-trajan","bib:cassius-dio-roman-history","pleiades:469059303","pleiades:344374"]}]}},"geometry":{"type":"MultiLineString","coordinates":[[[30.46279,37.2998],[30.47848,37.30522],[30.4917,37.31355],[30.5069,37.32732],[30.51691,37.33823],[30.52868,37.35442],[30.54034,37.36947],[30.54499,37.38212],[30.55381,37.39777],[30.56039,37.41111],[30.57977,37.43848],[30.59061,37.44948],[30.60921,37.46595],[30.62597,37.47457],[30.6475,37.48471],[30.66211,37.49222],[30.68058,37.50064],[30.69159,37.50227],[30.71085,37.50244]]]}},{"type":"Feature","properties":{"roadId":"awmc-road-859-181","major":false,"known":false,"timeperiod":"RL","provenance":{"dataset":"AWMC geodata","version":"commit:7ecf8bccea2efe1e1e9df2daf6001942de73fb87;path:Cultural-Data/roads/roads.geojson","upstreamFeatureIds":["awmc:roads-objectid-859","awmc:roads-feature-181"],"changes":[{"kind":"filter","detail":"An AWMC minor road of the Roman period (Barrington \"R\", 30 BC – AD 300) that passes within 50 km of one of our places (ADR-0037's update of 2026-10-08, item 1).","sources":["awmc:roads-minor-near-places-filter","awmc:roads-roman-period-filter"]},{"kind":"date-exclusions","detail":"Left out as later than AD 100, by AWMC OBJECTID: 1320, 1363, 1403 and 1407 (in Dacia, conquered 101–106), 1203 (the Via Traiana Nova, Trajanic), 2169 (the Via Herculia, late third century) and 2698 (to Gheriat el-Garbia, a fort of 201); the evidence is in docs/verification/M4-ancient-geometry.md, \"Roads\". Roads with no Barrington period, such as the Via Nova Traiana and the Strata Diocletiana, are left out by the period rule.","sources":["bib:livius-trajan","bib:cassius-dio-roman-history","pleiades:469059303","pleiades:344374"]}]}},"geometry":{"type":"MultiLineString","coordinates":[[[30.52796,37.68265],[30.53017,37.67451],[30.53333,37.6672],[30.55056,37.64653],[30.55786,37.63639],[30.56276,37.62227],[30.57346,37.60691],[30.58438,37.58855],[30.59122,37.57376],[30.59464,37.56637],[30.59889,37.56053],[30.62028,37.55401],[30.6419,37.54448],[30.66462,37.53272],[30.6766,37.52498],[30.6914,37.51738],[30.69475,37.51074],[30.71085,37.50244]]]}},{"type":"Feature","properties":{"roadId":"awmc-road-861-182","major":false,"known":true,"timeperiod":"RL","provenance":{"dataset":"AWMC geodata","version":"commit:7ecf8bccea2efe1e1e9df2daf6001942de73fb87;path:Cultural-Data/roads/roads.geojson","upstreamFeatureIds":["awmc:roads-objectid-861","awmc:roads-feature-182"],"changes":[{"kind":"filter","detail":"An AWMC minor road of the Roman period (Barrington \"R\", 30 BC – AD 300) that passes within 50 km of one of our places (ADR-0037's update of 2026-10-08, item 1).","sources":["awmc:roads-minor-near-places-filter","awmc:roads-roman-period-filter"]},{"kind":"date-exclusions","detail":"Left out as later than AD 100, by AWMC OBJECTID: 1320, 1363, 1403 and 1407 (in Dacia, conquered 101–106), 1203 (the Via Traiana Nova, Trajanic), 2169 (the Via Herculia, late third century) and 2698 (to Gheriat el-Garbia, a fort of 201); the evidence is in docs/verification/M4-ancient-geometry.md, \"Roads\". Roads with no Barrington period, such as the Via Nova Traiana and the Strata Diocletiana, are left out by the period rule.","sources":["bib:livius-trajan","bib:cassius-dio-roman-history","pleiades:469059303","pleiades:344374"]}]}},"geometry":{"type":"MultiLineString","coordinates":[[[30.71085,37.50244],[30.71865,37.49634],[30.72963,37.48821],[30.74798,37.48379],[30.76254,37.47919],[30.77911,37.47317],[30.79894,37.46125],[30.81383,37.45212],[30.8266,37.44591],[30.83637,37.44183],[30.84703,37.43855],[30.8623,37.43699],[30.87525,37.44136],[30.8892,37.44502],[30.90749,37.45416],[30.91651,37.46061],[30.92079,37.46728],[30.91789,37.48107],[30.91824,37.4894],[30.92616,37.49807],[30.92941,37.50577],[30.93354,37.51427],[30.9443,37.52307],[30.95501,37.53261],[30.96672,37.54145],[30.97565,37.54941],[30.98611,37.56272],[30.99615,37.58206],[30.99898,37.59579],[30.99787,37.61161],[30.99866,37.62752]]]}},{"type":"Feature","properties":{"roadId":"awmc-road-864-183","major":false,"known":true,"timeperiod":"RL","provenance":{"dataset":"AWMC geodata","version":"commit:7ecf8bccea2efe1e1e9df2daf6001942de73fb87;path:Cultural-Data/roads/roads.geojson","upstreamFeatureIds":["awmc:roads-objectid-864","awmc:roads-feature-183"],"changes":[{"kind":"filter","detail":"An AWMC minor road of the Roman period (Barrington \"R\", 30 BC – AD 300) that passes within 50 km of one of our places (ADR-0037's update of 2026-10-08, item 1).","sources":["awmc:roads-minor-near-places-filter","awmc:roads-roman-period-filter"]},{"kind":"date-exclusions","detail":"Left out as later than AD 100, by AWMC OBJECTID: 1320, 1363, 1403 and 1407 (in Dacia, conquered 101–106), 1203 (the Via Traiana Nova, Trajanic), 2169 (the Via Herculia, late third century) and 2698 (to Gheriat el-Garbia, a fort of 201); the evidence is in docs/verification/M4-ancient-geometry.md, \"Roads\". Roads with no Barrington period, such as the Via Nova Traiana and the Strata Diocletiana, are left out by the period rule.","sources":["bib:livius-trajan","bib:cassius-dio-roman-history","pleiades:469059303","pleiades:344374"]}]}},"geometry":{"type":"MultiLineString","coordinates":[[[31.18027,36.938],[31.18047,36.9382],[31.18998,36.94745],[31.19914,36.96518],[31.20934,36.98144],[31.21831,37.00218],[31.23011,37.02303],[31.23722,37.04368],[31.23895,37.06035],[31.23748,37.08291],[31.22943,37.11952],[31.22103,37.14708],[31.21598,37.16648],[31.21148,37.1776],[31.20574,37.19321],[31.19965,37.19974],[31.19662,37.20263],[31.19177,37.20469],[31.18237,37.20429],[31.17494,37.20246],[31.16841,37.20143],[31.16073,37.20336],[31.15647,37.21073],[31.14953,37.21571],[31.14195,37.21614],[31.13616,37.21816],[31.13005,37.22468]]]}},{"type":"Feature","properties":{"roadId":"awmc-road-865-184","major":false,"known":true,"timeperiod":"RL","provenance":{"dataset":"AWMC geodata","version":"commit:7ecf8bccea2efe1e1e9df2daf6001942de73fb87;path:Cultural-Data/roads/roads.geojson","upstreamFeatureIds":["awmc:roads-objectid-865","awmc:roads-feature-184"],"changes":[{"kind":"filter","detail":"An AWMC minor road of the Roman period (Barrington \"R\", 30 BC – AD 300) that passes within 50 km of one of our places (ADR-0037's update of 2026-10-08, item 1).","sources":["awmc:roads-minor-near-places-filter","awmc:roads-roman-period-filter"]},{"kind":"date-exclusions","detail":"Left out as later than AD 100, by AWMC OBJECTID: 1320, 1363, 1403 and 1407 (in Dacia, conquered 101–106), 1203 (the Via Traiana Nova, Trajanic), 2169 (the Via Herculia, late third century) and 2698 (to Gheriat el-Garbia, a fort of 201); the evidence is in docs/verification/M4-ancient-geometry.md, \"Roads\". Roads with no Barrington period, such as the Via Nova Traiana and the Strata Diocletiana, are left out by the period rule.","sources":["bib:livius-trajan","bib:cassius-dio-roman-history","pleiades:469059303","pleiades:344374"]}]}},"geometry":{"type":"MultiLineString","coordinates":[[[31.397,36.77522],[31.41563,36.79179],[31.43483,36.8144],[31.44952,36.83457],[31.46435,36.85248],[31.45581,36.86947],[31.4481,36.88799],[31.44175,36.8998],[31.43979,36.91722],[31.43638,36.92688],[31.44144,36.9352],[31.4452,36.95042],[31.45293,36.96203],[31.45678,36.97575],[31.45813,36.99169],[31.46044,37.00007],[31.45864,37.00723],[31.45269,37.01228],[31.44411,37.01606],[31.43881,37.02564],[31.44061,37.03993],[31.44657,37.04997],[31.4478,37.06057],[31.45386,37.06911],[31.46189,37.07621],[31.4726,37.08568],[31.47289,37.09625],[31.47309,37.10832],[31.47226,37.12186],[31.47604,37.13709],[31.48324,37.14266],[31.48954,37.14743],[31.49355,37.1589],[31.48816,37.17],[31.47985,37.1825],[31.47535,37.19439],[31.47762,37.20353],[31.48549,37.21365],[31.48879,37.22132],[31.48627,37.23178],[31.47724,37.24048],[31.46991,37.25227],[31.4672,37.26574],[31.46561,37.27624],[31.46275,37.29198],[31.45607,37.30832],[31.45061,37.32018],[31.44685,37.33512],[31.44465,37.35542],[31.44381,37.36897],[31.44971,37.38053],[31.46736,37.38575],[31.48318,37.39014],[31.49328,37.39507],[31.49628,37.40802],[31.5021,37.42108],[31.50685,37.43637],[31.51377,37.4472],[31.5196,37.46027],[31.52616,37.47713],[31.52884,37.49536],[31.52774,37.51344],[31.53309,37.5348],[31.53091,37.55511],[31.53644,37.57345],[31.54554,37.589],[31.56479,37.60702],[31.58027,37.61819],[31.6023,37.63111],[31.62749,37.63885],[31.64713,37.64412],[31.66122,37.6469],[31.67997,37.65137],[31.69492,37.6557],[31.71336,37.66443],[31.72432,37.67339],[31.73281,37.68276]]]}},{"type":"Feature","properties":{"roadId":"awmc-road-866-2705","major":false,"known":true,"timeperiod":"RL","provenance":{"dataset":"AWMC geodata","version":"commit:7ecf8bccea2efe1e1e9df2daf6001942de73fb87;path:Cultural-Data/roads/roads.geojson","upstreamFeatureIds":["awmc:roads-objectid-866","awmc:roads-feature-2705"],"changes":[{"kind":"filter","detail":"An AWMC minor road of the Roman period (Barrington \"R\", 30 BC – AD 300) that passes within 50 km of one of our places (ADR-0037's update of 2026-10-08, item 1).","sources":["awmc:roads-minor-near-places-filter","awmc:roads-roman-period-filter"]},{"kind":"date-exclusions","detail":"Left out as later than AD 100, by AWMC OBJECTID: 1320, 1363, 1403 and 1407 (in Dacia, conquered 101–106), 1203 (the Via Traiana Nova, Trajanic), 2169 (the Via Herculia, late third century) and 2698 (to Gheriat el-Garbia, a fort of 201); the evidence is in docs/verification/M4-ancient-geometry.md, \"Roads\". Roads with no Barrington period, such as the Via Nova Traiana and the Strata Diocletiana, are left out by the period rule.","sources":["bib:livius-trajan","bib:cassius-dio-roman-history","pleiades:469059303","pleiades:344374"]}]}},"geometry":{"type":"MultiLineString","coordinates":[[[31.397,36.77522],[31.41006,36.78326],[31.42953,36.7863],[31.45545,36.7911],[31.46101,36.79207],[31.4663,36.79755],[31.47219,36.80833],[31.48089,36.81922],[31.49272,36.82495],[31.5083,36.83084],[31.5249,36.83525],[31.55102,36.85283],[31.57088,36.86565],[31.57987,36.87202]]]}},{"type":"Feature","properties":{"roadId":"awmc-road-870-189","major":false,"known":false,"timeperiod":"RL","provenance":{"dataset":"AWMC geodata","version":"commit:7ecf8bccea2efe1e1e9df2daf6001942de73fb87;path:Cultural-Data/roads/roads.geojson","upstreamFeatureIds":["awmc:roads-objectid-870","awmc:roads-feature-189"],"changes":[{"kind":"filter","detail":"An AWMC minor road of the Roman period (Barrington \"R\", 30 BC – AD 300) that passes within 50 km of one of our places (ADR-0037's update of 2026-10-08, item 1).","sources":["awmc:roads-minor-near-places-filter","awmc:roads-roman-period-filter"]},{"kind":"date-exclusions","detail":"Left out as later than AD 100, by AWMC OBJECTID: 1320, 1363, 1403 and 1407 (in Dacia, conquered 101–106), 1203 (the Via Traiana Nova, Trajanic), 2169 (the Via Herculia, late third century) and 2698 (to Gheriat el-Garbia, a fort of 201); the evidence is in docs/verification/M4-ancient-geometry.md, \"Roads\". Roads with no Barrington period, such as the Via Nova Traiana and the Strata Diocletiana, are left out by the period rule.","sources":["bib:livius-trajan","bib:cassius-dio-roman-history","pleiades:469059303","pleiades:344374"]}]}},"geometry":{"type":"MultiLineString","coordinates":[[[31.45826,36.79121],[31.46992,36.78414],[31.48519,36.77947],[31.50446,36.77044],[31.53742,36.75139],[31.56583,36.7299],[31.61927,36.69581],[31.64753,36.6758],[31.66128,36.66427],[31.66704,36.66148],[31.68878,36.65702],[31.70658,36.65618],[31.73196,36.65335],[31.7528,36.64809],[31.7644,36.64099],[31.77816,36.62869],[31.79276,36.61793],[31.81002,36.60952],[31.82343,36.60323],[31.84145,36.59785],[31.86886,36.5913],[31.89433,36.58617],[31.91254,36.57703],[31.93807,36.57039],[31.95696,36.56577],[31.97791,36.55746],[31.99311,36.55195],[31.99613,36.54754],[32.0092,36.54723],[32.02331,36.54469],[32.03757,36.53915],[32.06144,36.52791]]]}},{"type":"Feature","properties":{"roadId":"awmc-road-931-395","major":true,"known":true,"timeperiod":"RL","provenance":{"dataset":"AWMC geodata","version":"commit:7ecf8bccea2efe1e1e9df2daf6001942de73fb87;path:Cultural-Data/roads/roads.geojson","upstreamFeatureIds":["awmc:roads-objectid-931","awmc:roads-feature-395"],"changes":[{"kind":"filter","detail":"An AWMC major road of the Roman period (Barrington \"R\", 30 BC – AD 300) in 10–40°E, 28–45°N (ADR-0037 item 5).","sources":["awmc:roads-major-filter","awmc:roads-roman-period-filter"]},{"kind":"date-exclusions","detail":"Left out as later than AD 100, by AWMC OBJECTID: 1320, 1363, 1403 and 1407 (in Dacia, conquered 101–106), 1203 (the Via Traiana Nova, Trajanic), 2169 (the Via Herculia, late third century) and 2698 (to Gheriat el-Garbia, a fort of 201); the evidence is in docs/verification/M4-ancient-geometry.md, \"Roads\". Roads with no Barrington period, such as the Via Nova Traiana and the Strata Diocletiana, are left out by the period rule.","sources":["bib:livius-trajan","bib:cassius-dio-roman-history","pleiades:469059303","pleiades:344374"]}]}},"geometry":{"type":"MultiLineString","coordinates":[[[32.02804,39.66879],[32.05279,39.67516],[32.06945,39.68052],[32.09205,39.68349],[32.1215,39.68647],[32.14649,39.68825],[32.19051,39.69093],[32.2215,39.6926],[32.26219,39.70253],[32.28328,39.7124],[32.31227,39.72522],[32.34785,39.73406],[32.377,39.74346],[32.41316,39.75427],[32.44927,39.76767],[32.47277,39.77689],[32.49954,39.78581],[32.52175,39.7945]]]}},{"type":"Feature","properties":{"roadId":"awmc-road-933-396","major":true,"known":false,"timeperiod":"RL","provenance":{"dataset":"AWMC geodata","version":"commit:7ecf8bccea2efe1e1e9df2daf6001942de73fb87;path:Cultural-Data/roads/roads.geojson","upstreamFeatureIds":["awmc:roads-objectid-933","awmc:roads-feature-396"],"changes":[{"kind":"filter","detail":"An AWMC major road of the Roman period (Barrington \"R\", 30 BC – AD 300) in 10–40°E, 28–45°N (ADR-0037 item 5).","sources":["awmc:roads-major-filter","awmc:roads-roman-period-filter"]},{"kind":"date-exclusions","detail":"Left out as later than AD 100, by AWMC OBJECTID: 1320, 1363, 1403 and 1407 (in Dacia, conquered 101–106), 1203 (the Via Traiana Nova, Trajanic), 2169 (the Via Herculia, late third century) and 2698 (to Gheriat el-Garbia, a fort of 201); the evidence is in docs/verification/M4-ancient-geometry.md, \"Roads\". Roads with no Barrington period, such as the Via Nova Traiana and the Strata Diocletiana, are left out by the period rule.","sources":["bib:livius-trajan","bib:cassius-dio-roman-history","pleiades:469059303","pleiades:344374"]}]}},"geometry":{"type":"MultiLineString","coordinates":[[[32.87623,39.62758],[32.88218,39.57983],[32.88935,39.55578],[32.89111,39.54226],[32.89413,39.52876],[32.89346,39.51325],[32.8907,39.48704],[32.88821,39.45406],[32.88887,39.43664],[32.89594,39.41453],[32.90441,39.38859],[32.9139,39.36847],[32.92103,39.34443],[32.93053,39.32335],[32.94004,39.30227],[32.94825,39.28213],[32.95173,39.25511],[32.94779,39.22696],[32.94743,39.16891],[32.94651,39.12633],[32.95274,39.09165],[32.95387,39.06073],[32.95242,39.03265],[32.95344,39.00464],[32.95082,38.97461],[32.9499,38.93206],[32.9409,38.9077],[32.93578,38.87859],[32.93677,38.85155],[32.92959,38.81178],[32.92964,38.777],[32.92843,38.74274],[32.9196,38.71453],[32.9097,38.68244],[32.89985,38.64938],[32.88863,38.62016],[32.87743,38.59094],[32.8675,38.56079],[32.86509,38.52695],[32.86626,38.4961],[32.86378,38.4642],[32.86769,38.4257],[32.87115,38.39877],[32.87984,38.36328],[32.89096,38.32785],[32.88538,38.31326],[32.86355,38.27555],[32.84898,38.24049],[32.83191,38.20731],[32.81121,38.17404],[32.79518,38.14667]],[[32.65333,37.9797],[32.67585,37.99556],[32.71398,38.04155],[32.73029,38.06027],[32.74771,38.0819],[32.76861,38.10843],[32.79628,38.14958]]]}},{"type":"Feature","properties":{"roadId":"awmc-road-940-400","major":true,"known":false,"timeperiod":"HRL","provenance":{"dataset":"AWMC geodata","version":"commit:7ecf8bccea2efe1e1e9df2daf6001942de73fb87;path:Cultural-Data/roads/roads.geojson","upstreamFeatureIds":["awmc:roads-objectid-940","awmc:roads-feature-400"],"changes":[{"kind":"filter","detail":"An AWMC major road of the Roman period (Barrington \"R\", 30 BC – AD 300) in 10–40°E, 28–45°N (ADR-0037 item 5).","sources":["awmc:roads-major-filter","awmc:roads-roman-period-filter"]},{"kind":"date-exclusions","detail":"Left out as later than AD 100, by AWMC OBJECTID: 1320, 1363, 1403 and 1407 (in Dacia, conquered 101–106), 1203 (the Via Traiana Nova, Trajanic), 2169 (the Via Herculia, late third century) and 2698 (to Gheriat el-Garbia, a fort of 201); the evidence is in docs/verification/M4-ancient-geometry.md, \"Roads\". Roads with no Barrington period, such as the Via Nova Traiana and the Strata Diocletiana, are left out by the period rule.","sources":["bib:livius-trajan","bib:cassius-dio-roman-history","pleiades:469059303","pleiades:344374"]}]}},"geometry":{"type":"MultiLineString","coordinates":[[[32.23845,38.25368],[32.26713,38.2384],[32.30074,38.2259],[32.338,38.21349],[32.36525,38.20561],[32.3962,38.19686],[32.42008,38.18282],[32.43903,38.1689],[32.4564,38.14956],[32.47819,38.12606],[32.49111,38.11159],[32.50167,38.09357],[32.50551,38.07339],[32.50279,38.05212],[32.49736,38.03841],[32.49725,38.01336],[32.50064,37.99702]]]}},{"type":"Feature","properties":{"roadId":"awmc-road-942-401","major":true,"known":true,"timeperiod":"RL","provenance":{"dataset":"AWMC geodata","version":"commit:7ecf8bccea2efe1e1e9df2daf6001942de73fb87;path:Cultural-Data/roads/roads.geojson","upstreamFeatureIds":["awmc:roads-objectid-942","awmc:roads-feature-401"],"changes":[{"kind":"filter","detail":"An AWMC major road of the Roman period (Barrington \"R\", 30 BC – AD 300) in 10–40°E, 28–45°N (ADR-0037 item 5).","sources":["awmc:roads-major-filter","awmc:roads-roman-period-filter"]},{"kind":"date-exclusions","detail":"Left out as later than AD 100, by AWMC OBJECTID: 1320, 1363, 1403 and 1407 (in Dacia, conquered 101–106), 1203 (the Via Traiana Nova, Trajanic), 2169 (the Via Herculia, late third century) and 2698 (to Gheriat el-Garbia, a fort of 201); the evidence is in docs/verification/M4-ancient-geometry.md, \"Roads\". Roads with no Barrington period, such as the Via Nova Traiana and the Strata Diocletiana, are left out by the period rule.","sources":["bib:livius-trajan","bib:cassius-dio-roman-history","pleiades:469059303","pleiades:344374"]}]}},"geometry":{"type":"MultiLineString","coordinates":[[[33.15679,38.02175],[33.17945,38.03666],[33.20583,38.04971],[33.23107,38.0608],[33.26104,38.07679],[33.29349,38.09185],[33.33922,38.11197],[33.36191,38.12876],[33.38593,38.14172],[33.41111,38.15758],[33.45102,38.17079],[33.50784,38.19198],[33.56237,38.20828],[33.61201,38.22639],[33.66889,38.24941],[33.71617,38.26648],[33.7646,38.28835],[33.80829,38.30436],[33.85562,38.32328],[33.91771,38.34043],[33.97254,38.35456],[34.01145,38.37042],[34.04671,38.38526],[34.08875,38.40014],[34.10701,38.40804],[34.13143,38.41406],[34.16321,38.42014],[34.19383,38.42138],[34.23065,38.41881],[34.26259,38.41328],[34.28835,38.41156],[34.31411,38.40983],[34.34847,38.40622],[34.38278,38.40646],[34.41223,38.4028],[34.4503,38.39435],[34.48587,38.38974],[34.5178,38.38124],[34.54848,38.37464],[34.57793,38.36707],[34.60372,38.35562],[34.61974,38.34026],[34.64189,38.323],[34.66122,38.30033],[34.68502,38.2682],[34.69609,38.25476],[34.7084,38.23938],[34.72192,38.22304],[34.73301,38.20187],[34.74043,38.18166],[34.74297,38.15854],[34.74551,38.13639],[34.74928,38.11328],[34.74936,38.09402],[34.75233,38.06643],[34.75363,38.04621],[34.75462,38.03561]]]}},{"type":"Feature","properties":{"roadId":"awmc-road-949-405","major":false,"known":false,"timeperiod":"HRL","provenance":{"dataset":"AWMC geodata","version":"commit:7ecf8bccea2efe1e1e9df2daf6001942de73fb87;path:Cultural-Data/roads/roads.geojson","upstreamFeatureIds":["awmc:roads-objectid-949","awmc:roads-feature-405"],"changes":[{"kind":"filter","detail":"An AWMC minor road of the Roman period (Barrington \"R\", 30 BC – AD 300) that passes within 50 km of one of our places (ADR-0037's update of 2026-10-08, item 1).","sources":["awmc:roads-minor-near-places-filter","awmc:roads-roman-period-filter"]},{"kind":"date-exclusions","detail":"Left out as later than AD 100, by AWMC OBJECTID: 1320, 1363, 1403 and 1407 (in Dacia, conquered 101–106), 1203 (the Via Traiana Nova, Trajanic), 2169 (the Via Herculia, late third century) and 2698 (to Gheriat el-Garbia, a fort of 201); the evidence is in docs/verification/M4-ancient-geometry.md, \"Roads\". Roads with no Barrington period, such as the Via Nova Traiana and the Strata Diocletiana, are left out by the period rule.","sources":["bib:livius-trajan","bib:cassius-dio-roman-history","pleiades:469059303","pleiades:344374"]}]}},"geometry":{"type":"MultiLineString","coordinates":[[[33.55395,39.13501],[33.58958,39.12048],[33.63353,39.09987],[33.69366,39.0756],[33.74625,39.05313],[33.78514,39.03238],[33.82637,39.01649],[33.87766,38.992],[33.92395,38.96742],[33.95998,38.94668],[33.99924,38.92562],[34.04019,38.90204],[34.08387,38.87736],[34.13246,38.85175],[34.1698,38.83278],[34.22684,38.81589],[34.28549,38.80034],[34.33832,38.78345],[34.38779,38.7722],[34.43224,38.76766],[34.4742,38.76598],[34.51494,38.76137],[34.56681,38.75101],[34.60878,38.74444],[34.64331,38.74265],[34.68157,38.73603],[34.74076,38.73043],[34.77776,38.72473],[34.82583,38.72098],[34.85542,38.71813],[34.89731,38.72012],[34.97618,38.725],[35.02699,38.72917],[35.07303,38.73274],[35.14505,38.73744],[35.20056,38.74989],[35.23389,38.75753],[35.25241,38.76424],[35.28079,38.76706],[35.31165,38.77082]]]}},{"type":"Feature","properties":{"roadId":"awmc-road-951-407","major":false,"known":false,"timeperiod":"RL","provenance":{"dataset":"AWMC geodata","version":"commit:7ecf8bccea2efe1e1e9df2daf6001942de73fb87;path:Cultural-Data/roads/roads.geojson","upstreamFeatureIds":["awmc:roads-objectid-951","awmc:roads-feature-407"],"changes":[{"kind":"filter","detail":"An AWMC minor road of the Roman period (Barrington \"R\", 30 BC – AD 300) that passes within 50 km of one of our places (ADR-0037's update of 2026-10-08, item 1).","sources":["awmc:roads-minor-near-places-filter","awmc:roads-roman-period-filter"]},{"kind":"date-exclusions","detail":"Left out as later than AD 100, by AWMC OBJECTID: 1320, 1363, 1403 and 1407 (in Dacia, conquered 101–106), 1203 (the Via Traiana Nova, Trajanic), 2169 (the Via Herculia, late third century) and 2698 (to Gheriat el-Garbia, a fort of 201); the evidence is in docs/verification/M4-ancient-geometry.md, \"Roads\". Roads with no Barrington period, such as the Via Nova Traiana and the Strata Diocletiana, are left out by the period rule.","sources":["bib:livius-trajan","bib:cassius-dio-roman-history","pleiades:469059303","pleiades:344374"]}]}},"geometry":{"type":"MultiLineString","coordinates":[[[32.96227,39.59761],[32.99001,39.5924],[33.01497,39.59488],[33.04631,39.5936],[33.07908,39.58751],[33.10944,39.57844],[33.13843,39.57225],[33.1664,39.55924],[33.19701,39.54144],[33.23168,39.51305],[33.26611,39.49143],[33.28402,39.47821],[33.30545,39.47182],[33.33202,39.46068],[33.37137,39.43912],[33.39037,39.42977],[33.41929,39.42252],[33.45451,39.41247],[33.49104,39.4],[33.53013,39.38417],[33.56422,39.36825],[33.6071,39.34859],[33.63856,39.33647],[33.67258,39.32052],[33.72915,39.29809],[33.76927,39.28605],[33.81185,39.27403],[33.85448,39.25909],[33.89834,39.24318],[33.94849,39.22248],[34.00352,39.20472],[34.03488,39.18861],[34.05989,39.17919],[34.09362,39.16793],[34.12851,39.16149],[34.15599,39.15111],[34.16858,39.13962],[34.18604,39.13398],[34.20967,39.13128],[34.22829,39.13144],[34.26431,39.1298],[34.30537,39.12238],[34.35638,39.11212],[34.40242,39.09986],[34.46209,39.08766],[34.51802,39.0754],[34.55154,39.07074],[34.59874,39.06032],[34.64218,39.0518],[34.72407,39.03758],[34.7898,39.02326],[34.82823,39.01657],[34.85426,39.01082],[34.88896,39.00314],[34.92488,38.99834],[34.94966,38.99159],[34.97566,38.98774],[35.01033,38.98098]]]}},{"type":"Feature","properties":{"roadId":"awmc-road-954-410","major":true,"known":true,"timeperiod":"RL","provenance":{"dataset":"AWMC geodata","version":"commit:7ecf8bccea2efe1e1e9df2daf6001942de73fb87;path:Cultural-Data/roads/roads.geojson","upstreamFeatureIds":["awmc:roads-objectid-954","awmc:roads-feature-410"],"changes":[{"kind":"filter","detail":"An AWMC major road of the Roman period (Barrington \"R\", 30 BC – AD 300) in 10–40°E, 28–45°N (ADR-0037 item 5).","sources":["awmc:roads-major-filter","awmc:roads-roman-period-filter"]},{"kind":"date-exclusions","detail":"Left out as later than AD 100, by AWMC OBJECTID: 1320, 1363, 1403 and 1407 (in Dacia, conquered 101–106), 1203 (the Via Traiana Nova, Trajanic), 2169 (the Via Herculia, late third century) and 2698 (to Gheriat el-Garbia, a fort of 201); the evidence is in docs/verification/M4-ancient-geometry.md, \"Roads\". Roads with no Barrington period, such as the Via Nova Traiana and the Strata Diocletiana, are left out by the period rule.","sources":["bib:livius-trajan","bib:cassius-dio-roman-history","pleiades:469059303","pleiades:344374"]}]}},"geometry":{"type":"MultiLineString","coordinates":[[[34.53527,39.85937],[34.53313,39.84617],[34.5292,39.83332],[34.52363,39.81843],[34.51949,39.77226],[34.51591,39.75093],[34.50857,39.7286],[34.50251,39.70532],[34.50145,39.684],[34.4966,39.66557],[34.48675,39.64614]],[[34.48799,39.64809],[34.48188,39.63159],[34.4745,39.61702],[34.4684,39.59955],[34.4611,39.5782],[34.45752,39.56075],[34.45767,39.54526],[34.4628,39.53173]],[[34.5652,39.38756],[34.58035,39.36344],[34.59798,39.33836],[34.61058,39.31906],[34.62069,39.29685],[34.63328,39.27562],[34.6583,39.25443],[34.68706,39.22939],[34.7083,39.20915],[34.73449,39.19278],[34.76314,39.17642],[34.78806,39.15618],[34.83532,39.1321],[34.85771,39.11667],[34.88629,39.09834],[34.91981,39.08001],[34.92851,39.06648],[34.94837,39.05006],[34.97317,39.02398],[34.99052,38.99982],[35.01528,38.97856],[35.02147,38.97469]],[[34.463,39.53414],[34.47116,39.51063],[34.49392,39.48003],[34.51529,39.45352],[34.53666,39.42496],[34.55934,39.39538],[34.56736,39.38211]],[[35.02115,38.97337],[35.06041,38.95291],[35.08003,38.9396],[35.09441,38.92528],[35.1127,38.91197],[35.13707,38.90492],[35.13754,38.90478]],[[35.13492,38.90581],[35.13707,38.90492],[35.15713,38.89657],[35.17018,38.88735],[35.18061,38.87711],[35.1858,38.86484],[35.1949,38.85154],[35.204,38.83619],[35.22352,38.81877],[35.24439,38.81157],[35.2561,38.80234],[35.27433,38.79309],[35.29124,38.7818],[35.30686,38.77256]],[[35.30816,38.77255],[35.32899,38.76329],[35.34462,38.76017],[35.36938,38.75598],[35.38895,38.7559],[35.40199,38.75483],[35.4163,38.74965],[35.42843,38.74373]]]}},{"type":"Feature","properties":{"roadId":"awmc-road-960-412","major":true,"known":false,"timeperiod":"RL","provenance":{"dataset":"AWMC geodata","version":"commit:7ecf8bccea2efe1e1e9df2daf6001942de73fb87;path:Cultural-Data/roads/roads.geojson","upstreamFeatureIds":["awmc:roads-objectid-960","awmc:roads-feature-412"],"changes":[{"kind":"filter","detail":"An AWMC major road of the Roman period (Barrington \"R\", 30 BC – AD 300) in 10–40°E, 28–45°N (ADR-0037 item 5).","sources":["awmc:roads-major-filter","awmc:roads-roman-period-filter"]},{"kind":"date-exclusions","detail":"Left out as later than AD 100, by AWMC OBJECTID: 1320, 1363, 1403 and 1407 (in Dacia, conquered 101–106), 1203 (the Via Traiana Nova, Trajanic), 2169 (the Via Herculia, late third century) and 2698 (to Gheriat el-Garbia, a fort of 201); the evidence is in docs/verification/M4-ancient-geometry.md, \"Roads\". Roads with no Barrington period, such as the Via Nova Traiana and the Strata Diocletiana, are left out by the period rule.","sources":["bib:livius-trajan","bib:cassius-dio-roman-history","pleiades:469059303","pleiades:344374"]}]}},"geometry":{"type":"MultiLineString","coordinates":[[[34.51422,39.74295],[34.52758,39.73277],[34.55292,39.71956],[34.5862,39.70537],[34.61813,39.69321],[34.65401,39.68412],[34.68852,39.68015],[34.71508,39.67306],[34.75759,39.65678],[34.8014,39.63946],[34.84782,39.62623],[34.87301,39.6191],[34.9088,39.60992],[34.94458,39.59663],[34.97504,39.58639],[34.99755,39.58025],[35.03328,39.56078],[35.05047,39.54541],[35.07161,39.51774],[35.09405,39.49313],[35.11779,39.4675],[35.14412,39.43265],[35.15858,39.40805],[35.16777,39.39268],[35.17958,39.37423],[35.20059,39.34757],[35.22027,39.32296],[35.23073,39.30144],[35.23856,39.28606],[35.2631,39.22207],[35.27471,39.176],[35.28245,39.14631],[35.29282,39.1207],[35.3045,39.09612],[35.32006,39.06232],[35.3395,39.02442],[35.35375,38.99676],[35.36668,38.97115],[35.37185,38.96091],[35.37569,38.95512],[35.37981,38.94805],[35.39755,38.92342],[35.40453,38.91011],[35.42655,38.88242],[35.43705,38.85775],[35.45086,38.8302],[35.45724,38.81178],[35.4637,38.78874],[35.47902,38.76161],[35.4867,38.74522],[35.4957,38.72985],[35.50124,38.72159]]]}},{"type":"Feature","properties":{"roadId":"awmc-road-964-413","major":true,"known":false,"timeperiod":"RL","provenance":{"dataset":"AWMC geodata","version":"commit:7ecf8bccea2efe1e1e9df2daf6001942de73fb87;path:Cultural-Data/roads/roads.geojson","upstreamFeatureIds":["awmc:roads-objectid-964","awmc:roads-feature-413"],"changes":[{"kind":"filter","detail":"An AWMC major road of the Roman period (Barrington \"R\", 30 BC – AD 300) in 10–40°E, 28–45°N (ADR-0037 item 5).","sources":["awmc:roads-major-filter","awmc:roads-roman-period-filter"]},{"kind":"date-exclusions","detail":"Left out as later than AD 100, by AWMC OBJECTID: 1320, 1363, 1403 and 1407 (in Dacia, conquered 101–106), 1203 (the Via Traiana Nova, Trajanic), 2169 (the Via Herculia, late third century) and 2698 (to Gheriat el-Garbia, a fort of 201); the evidence is in docs/verification/M4-ancient-geometry.md, \"Roads\". Roads with no Barrington period, such as the Via Nova Traiana and the Strata Diocletiana, are left out by the period rule.","sources":["bib:livius-trajan","bib:cassius-dio-roman-history","pleiades:469059303","pleiades:344374"]}]}},"geometry":{"type":"MultiLineString","coordinates":[[[35.50124,38.72159],[35.49043,38.72375],[35.47222,38.72895],[35.44984,38.73622],[35.42843,38.74373],[35.40951,38.74372],[35.38364,38.74162],[35.36666,38.73761],[35.34704,38.72951],[35.33265,38.72037],[35.31558,38.69899],[35.29199,38.67353],[35.2723,38.64398],[35.24743,38.6124],[35.21605,38.5747],[35.19775,38.54514],[35.14169,38.47585],[35.11825,38.44221],[35.09227,38.41979],[35.065,38.39227],[35.04424,38.3678],[35.00796,38.33721],[34.98466,38.31681],[34.94071,38.25663],[34.91345,38.2246],[34.87479,38.17664],[34.84261,38.13888],[34.81563,38.10521],[34.79381,38.07561],[34.76814,38.04906],[34.75462,38.03561]]]}}]}
