{"type":"FeatureCollection","asOf":"2026-10-08T00:00:00Z","features":[
{"type":"Feature","properties":{"river":"jordan","relationId":2246907,"wayId":41850129,"version":26,"endNodeIds":[517348809,2450448447],"provenance":{"dataset":"OpenStreetMap","version":"overpass-attic:2026-10-08T00:00:00Z; way 41850129 v26","upstreamFeatureIds":["osm:way/41850129","osm:relation/2246907"],"changes":[{"kind":"overpass-attic-download","detail":"A main-stream way of the Jordan's waterway relation, as OpenStreetMap held it at 2026-10-08T00:00:00Z, read through Overpass. © OpenStreetMap contributors, ODbL 1.0.","sources":["osm:relation/2246907"]}]}},"geometry":{"type":"LineString","coordinates":[[35.5583453,31.7652811],[35.5582144,31.7649837],[35.5582702,31.7644447],[35.558621,31.7640004],[35.5585116,31.7637723],[35.5585974,31.7634713],[35.5589193,31.7632843],[35.5589998,31.7630198],[35.5595201,31.7625591],[35.5595845,31.7622991],[35.5593753,31.7621897],[35.5591392,31.7621988],[35.5588147,31.7620505],[35.5584982,31.76216],[35.5582649,31.7621281],[35.5580851,31.7619],[35.5583507,31.7616241],[35.5582675,31.7611702],[35.5584043,31.7608738],[35.5585599,31.7607757],[35.5588657,31.7608487],[35.5590936,31.7609422],[35.5593458,31.7609172],[35.5596784,31.7606572],[35.5602443,31.7605887],[35.5604106,31.7604268],[35.5605421,31.7601144],[35.5605528,31.7594211],[35.5606601,31.7591041],[35.5607888,31.7589946],[35.5611214,31.7587962],[35.5613253,31.7585932]]}},
{"type":"Feature","properties":{"river":"jordan","relationId":2246907,"wayId":560483389,"version":17,"endNodeIds":[431652665,517348809],"provenance":{"dataset":"OpenStreetMap","version":"overpass-attic:2026-10-08T00:00:00Z; way 560483389 v17","upstreamFeatureIds":["osm:way/560483389","osm:relation/2246907"],"changes":[{"kind":"overpass-attic-download","detail":"A main-stream way of the Jordan's waterway relation, as OpenStreetMap held it at 2026-10-08T00:00:00Z, read through Overpass. © OpenStreetMap contributors, ODbL 1.0.","sources":["osm:relation/2246907"]}]}},"geometry":{"type":"LineString","coordinates":[[35.5462679,31.8366323],[35.5462711,31.8364853],[35.5462954,31.83634],[35.5463423,31.8362199],[35.5465013,31.8360796],[35.5466389,31.8360087],[35.546879,31.8360163],[35.5470823,31.836076],[35.5472582,31.836207],[35.5474557,31.836386],[35.5476654,31.8364821],[35.5478583,31.836521],[35.5480293,31.8364954],[35.5483085,31.8364801],[35.5486646,31.8365588],[35.5490037,31.8366362],[35.5492211,31.8365593],[35.5493135,31.8363212],[35.5493417,31.8362276],[35.5493666,31.8361452],[35.5493551,31.8358516],[35.5493046,31.835646],[35.5491431,31.8352811],[35.5488604,31.8350927],[35.5486436,31.8350989],[35.5483546,31.8350713],[35.5481795,31.8350218],[35.5478774,31.8349239],[35.5475767,31.8348101],[35.5474309,31.8347459],[35.5471917,31.8346417],[35.5469657,31.834513],[35.54686,31.8344052],[35.5467717,31.8343023],[35.5467289,31.8341321],[35.5467384,31.8339568],[35.5467923,31.83377],[35.5468349,31.8336161],[35.5468546,31.8334499],[35.5468226,31.8332408],[35.5468115,31.8330943],[35.5466752,31.83285],[35.5466014,31.8327392],[35.5464639,31.8325848],[35.5464364,31.8324242],[35.5464382,31.8322503],[35.5464209,31.8320554],[35.5464307,31.8317899],[35.5464753,31.831578],[35.5465723,31.8313508],[35.5467364,31.8312439],[35.5469323,31.8311846],[35.54708,31.83106],[35.5472078,31.8309],[35.5472479,31.8306741],[35.5471464,31.8304608],[35.5469545,31.8303459],[35.5467062,31.8303156],[35.5463229,31.8304407],[35.5460307,31.8305405],[35.5457756,31.8306228],[35.5455032,31.830679],[35.5451938,31.8307492],[35.5449287,31.8307601],[35.5448021,31.8306841],[35.5447612,31.8305275],[35.5447115,31.8304012],[35.5446979,31.8302092],[35.5447953,31.8299449],[35.5449127,31.8298269],[35.5450846,31.8297023],[35.5452809,31.8296231],[35.5455951,31.8296362],[35.5459149,31.829667],[35.5462704,31.8296617],[35.5468049,31.8295868],[35.5473451,31.8293976],[35.5476425,31.8292601],[35.5476809,31.8291202],[35.5476683,31.8289171],[35.5476395,31.8287488],[35.5475509,31.828541],[35.547478,31.8282263],[35.5473851,31.8280278],[35.5472614,31.8278158],[35.5472323,31.8275828],[35.5471881,31.8274067],[35.5470756,31.8271973],[35.5470621,31.8270043],[35.5471455,31.8268535],[35.5472223,31.8266798],[35.5473017,31.8265701],[35.5473697,31.8264413],[35.5475389,31.8262208],[35.547652,31.8260918],[35.5477135,31.8259977],[35.5477792,31.8258439],[35.5479566,31.8256862],[35.5482092,31.8254978],[35.5483946,31.825354],[35.54855,31.8251419],[35.5486709,31.8249765],[35.5487063,31.8247091],[35.5487352,31.8243894],[35.5487403,31.8240873],[35.5487458,31.8238339],[35.5486969,31.8236834],[35.5486373,31.8235686],[35.5484715,31.8234779],[35.548301,31.8234143],[35.5481438,31.8233407],[35.5476353,31.8232497],[35.547246,31.823249],[35.547007,31.8232105],[35.5467003,31.823115],[35.5465187,31.8230677],[35.5464062,31.8230082],[35.5462491,31.8229091],[35.5459628,31.8227051],[35.5455664,31.8225085],[35.5451723,31.8224793],[35.5450043,31.8225646],[35.5448222,31.8227801],[35.5445392,31.8228427],[35.5443621,31.8228634],[35.5441967,31.8228655],[35.5438521,31.8227681],[35.5433813,31.8227182],[35.5431263,31.8226445],[35.5429757,31.8224988],[35.5429259,31.8222327],[35.5429247,31.821982],[35.5428016,31.8217189],[35.5428313,31.821479],[35.5429024,31.82114],[35.5429066,31.8209451],[35.5427425,31.8207872],[35.5424788,31.8207517],[35.5422812,31.8206582],[35.5423541,31.8204276],[35.5422925,31.8201271],[35.542219,31.8199713],[35.5420658,31.8197893],[35.5419684,31.8197014],[35.5417515,31.8197167],[35.5415009,31.8197046],[35.5412246,31.8195526],[35.5409751,31.8193963],[35.5407644,31.8192525],[35.5404607,31.8192062],[35.5401416,31.8190774],[35.5400479,31.8189547],[35.5400947,31.8187628],[35.5402348,31.8186305],[35.5404685,31.8184717],[35.5405619,31.8184783],[35.5409201,31.8185114],[35.5413874,31.8186106],[35.5416911,31.8187893],[35.5419146,31.8188049],[35.5424467,31.8183417],[35.5427879,31.8181281],[35.5432459,31.8175162],[35.5432552,31.817361],[35.5432068,31.8171461],[35.5431948,31.8170768],[35.5429236,31.8169964],[35.54274,31.8168945],[35.5425675,31.8168866],[35.5422303,31.8168872],[35.5419716,31.8169995],[35.5418336,31.8171022],[35.5415076,31.8173176],[35.5411934,31.8174215],[35.5408237,31.8176109],[35.5402653,31.8177973],[35.5399696,31.8177185],[35.5399076,31.8174715],[35.5398348,31.8168942],[35.5395986,31.8167491],[35.5394335,31.8166444],[35.5393004,31.8165458],[35.5390992,31.8164113],[35.5389498,31.8162225],[35.5389779,31.8160777],[35.5389889,31.8159633],[35.539142,31.8158123],[35.5393717,31.8157088],[35.5395522,31.8156411],[35.5398727,31.815578],[35.5402406,31.8155369],[35.5405115,31.8154989],[35.5407502,31.8154618],[35.5410085,31.815365],[35.5412453,31.8154008],[35.5413959,31.8154464],[35.5415734,31.8154194],[35.5417376,31.8153961],[35.5418751,31.8153486],[35.5420208,31.8153958],[35.5421578,31.8152511],[35.5422418,31.8152015],[35.5419934,31.8148132],[35.5415474,31.8145571],[35.541012,31.814253],[35.5409266,31.8139011],[35.5408861,31.8135403],[35.5408967,31.8133649],[35.5409504,31.8132447],[35.5410149,31.8131521],[35.541144,31.8130592],[35.5414186,31.8129439],[35.541701,31.8129815],[35.5420697,31.8129907],[35.542446,31.8131957],[35.5429064,31.8136001],[35.5432249,31.8138435],[35.5436701,31.8138987],[35.5442421,31.8137377],[35.544408,31.8135571],[35.5441798,31.8133637],[35.5440432,31.8130968],[35.5440446,31.8127846],[35.5440935,31.8125951],[35.5441402,31.8124316],[35.5438186,31.8121318],[35.5437363,31.8118902],[35.5435817,31.8116591],[35.5432846,31.8115145],[35.5425824,31.8109931],[35.5425797,31.8108784],[35.5425979,31.8107156],[35.5426748,31.8105649],[35.5427576,31.8104312],[35.542876,31.8103758],[35.5430087,31.8102552],[35.5432456,31.8101533],[35.5434478,31.8099091],[35.5435236,31.8097234],[35.5434257,31.8094756],[35.5433795,31.809236],[35.5434016,31.8089273],[35.5432602,31.8085524],[35.5431694,31.8082937],[35.5430852,31.8079765],[35.543048,31.8077564],[35.5430587,31.8075543],[35.5430475,31.8073606],[35.5429615,31.8072229],[35.5430357,31.8070052],[35.5430597,31.806864],[35.5430187,31.8064731],[35.5429412,31.8062709],[35.542957,31.8059477],[35.5428659,31.8055464],[35.5428247,31.8052583],[35.5428841,31.8049082],[35.5431375,31.8046973],[35.5433412,31.8045674],[35.5435342,31.8044191],[35.5436843,31.8042618],[35.5439932,31.8040385],[35.5444103,31.8038834],[35.5447348,31.8037131],[35.5449908,31.8033419],[35.5452504,31.8030154],[35.5454528,31.8027151],[35.5458581,31.8024055],[35.5462465,31.8018965],[35.5463357,31.8015969],[35.5464334,31.8013006],[35.5465658,31.8008863],[35.5465786,31.8005648],[35.5468285,31.8002249],[35.5470025,31.7999402],[35.5472207,31.7996666],[35.5474393,31.7995305],[35.5476325,31.7993931],[35.5478514,31.7992214],[35.548123,31.7989493],[35.54846,31.7988496],[35.5485981,31.7987162],[35.5487946,31.7985867],[35.5490458,31.7984131],[35.5494399,31.7981752],[35.5501128,31.7976532],[35.5506953,31.7972718],[35.5512425,31.7969006],[35.5515222,31.7965155],[35.5512606,31.7958931],[35.5509525,31.7953145],[35.5507011,31.7946097],[35.5505112,31.7941742],[35.5503816,31.7939232],[35.5503485,31.7935385],[35.5503933,31.7929836],[35.5506404,31.7923533],[35.5509573,31.7917585],[35.5513105,31.7912413],[35.551381,31.7908734],[35.5513358,31.7905248],[35.5511427,31.7902306],[35.550872,31.7897095],[35.5504256,31.7892457],[35.5500939,31.7889509],[35.5501134,31.7886062],[35.5499248,31.7882277],[35.5497647,31.7876592],[35.5495061,31.7871684],[35.5493961,31.7866823],[35.5492507,31.7862352],[35.5490014,31.7859625],[35.5485049,31.7855456],[35.5482606,31.7849805],[35.5480198,31.7845426],[35.5474646,31.7839899],[35.547272,31.7836175],[35.5473484,31.7831352],[35.5476036,31.7825448],[35.5481224,31.7818595],[35.5482195,31.7812684],[35.5481348,31.7808618],[35.5483716,31.7804465],[35.5486768,31.7800398],[35.5489912,31.7796623],[35.5491704,31.7792666],[35.5492837,31.778568],[35.5492014,31.7782522],[35.5493449,31.7781155],[35.5495052,31.7779014],[35.5497137,31.7776699],[35.5501126,31.7773585],[35.550244,31.7769382],[35.5505643,31.7766634],[35.5505134,31.7764434],[35.5505271,31.7759524],[35.5509451,31.7756788],[35.5512379,31.7755462],[35.5513119,31.7750083],[35.5516263,31.7745034],[35.551945,31.7738173],[35.5523273,31.7734936],[35.5528,31.7732478],[35.5533446,31.7730648],[35.5539363,31.7730553],[35.5543856,31.7730238],[35.5548829,31.7727793],[35.5553741,31.7724863],[35.5557014,31.772165],[35.5557538,31.7718394],[35.5554946,31.7716065],[35.5554166,31.771409],[35.5553753,31.7711621],[35.5555962,31.7708126],[35.5557339,31.7704706],[35.5557628,31.7700895],[35.5556035,31.7697957],[35.5551552,31.76941],[35.5547165,31.7689245],[35.5542882,31.7686321],[35.553722,31.7684445],[35.5532703,31.7682688],[35.5529454,31.7678615],[35.5528628,31.7673418],[35.5529773,31.7669847],[35.5532923,31.7668362],[35.5536877,31.7667514],[35.5541789,31.766471],[35.5549388,31.766251],[35.5554279,31.7662797],[35.5560543,31.7664122],[35.5563732,31.7664204],[35.5565269,31.7663233],[35.5567309,31.7661823],[35.5569894,31.7659943],[35.5572375,31.7656096],[35.5579062,31.7656631],[35.5580335,31.7655675],[35.5583453,31.7652811]]}},
{"type":"Feature","properties":{"river":"jordan","relationId":2246907,"wayId":659776268,"version":11,"endNodeIds":[6177143178,431652665],"provenance":{"dataset":"OpenStreetMap","version":"overpass-attic:2026-10-08T00:00:00Z; way 659776268 v11","upstreamFeatureIds":["osm:way/659776268","osm:relation/2246907"],"changes":[{"kind":"overpass-attic-download","detail":"A main-stream way of the Jordan's waterway relation, as OpenStreetMap held it at 2026-10-08T00:00:00Z, read through Overpass. © OpenStreetMap contributors, ODbL 1.0.","sources":["osm:relation/2246907"]}]}},"geometry":{"type":"LineString","coordinates":[[35.5463649,31.8368441],[35.5463335,31.8367988],[35.5462679,31.8366323]]}},
{"type":"Feature","properties":{"river":"jordan","relationId":2246907,"wayId":41849025,"version":36,"endNodeIds":[6177143177,6177143178],"provenance":{"dataset":"OpenStreetMap","version":"overpass-attic:2026-10-08T00:00:00Z; way 41849025 v36","upstreamFeatureIds":["osm:way/41849025","osm:relation/2246907"],"changes":[{"kind":"overpass-attic-download","detail":"A main-stream way of the Jordan's waterway relation, as OpenStreetMap held it at 2026-10-08T00:00:00Z, read through Overpass. © OpenStreetMap contributors, ODbL 1.0.","sources":["osm:relation/2246907"]}]}},"geometry":{"type":"LineString","coordinates":[[35.5465319,31.8370292],[35.5464277,31.8369346],[35.5463649,31.8368441]]}},
{"type":"Feature","properties":{"river":"jordan","relationId":2246907,"wayId":560472443,"version":21,"endNodeIds":[5405066574,6177143177],"provenance":{"dataset":"OpenStreetMap","version":"overpass-attic:2026-10-08T00:00:00Z; way 560472443 v21","upstreamFeatureIds":["osm:way/560472443","osm:relation/2246907"],"changes":[{"kind":"overpass-attic-download","detail":"A main-stream way of the Jordan's waterway relation, as OpenStreetMap held it at 2026-10-08T00:00:00Z, read through Overpass. © OpenStreetMap contributors, ODbL 1.0.","sources":["osm:relation/2246907"]}]}},"geometry":{"type":"LineString","coordinates":[[35.5481587,31.9684365],[35.5480172,31.9682564],[35.5478614,31.9680882],[35.5477057,31.9678961],[35.5475783,31.967752],[35.5473376,31.967776],[35.5471111,31.9678841],[35.5469271,31.9679081],[35.5466864,31.9678961],[35.5465307,31.967824],[35.5463325,31.967728],[35.5460777,31.9675598],[35.545837,31.9674157],[35.5457096,31.9672836],[35.5454689,31.9670794],[35.5452141,31.9668752],[35.5450867,31.966623],[35.5450867,31.9664669],[35.5449735,31.9662868],[35.5447611,31.9661907],[35.5445346,31.9661186],[35.5443506,31.9660105],[35.5440816,31.9658664],[35.5438834,31.9658424],[35.5436003,31.9657943],[35.5432463,31.9656382],[35.5430906,31.9655782],[35.5429066,31.9654941],[35.542765,31.965374],[35.5426942,31.9652058],[35.5426376,31.9649897],[35.5426801,31.9647855],[35.5437033,31.963803],[35.5443024,31.9634388],[35.5444581,31.9633509],[35.5447027,31.9632907],[35.5448584,31.9631909],[35.5449958,31.9630279],[35.5450301,31.9629599],[35.5451433,31.9628398],[35.5452566,31.9627077],[35.5453132,31.9625636],[35.5452331,31.9623528],[35.5451526,31.9622994],[35.5452141,31.9621072],[35.5453274,31.961879],[35.5458229,31.9610983],[35.5459078,31.9609421],[35.5458653,31.960786],[35.5457521,31.9605578],[35.5455964,31.9604497],[35.545384,31.9603416],[35.5451433,31.9604016],[35.5449027,31.9604857],[35.5447186,31.9605338],[35.5445771,31.9606178],[35.5444072,31.96075],[35.5442656,31.9609061],[35.5441099,31.9610142],[35.5438551,31.9609782],[35.5437277,31.9608821],[35.5435719,31.960822],[35.5433879,31.96075],[35.5431897,31.9606779],[35.5429349,31.9605938],[35.5427084,31.9604977],[35.5425385,31.9604617],[35.5422695,31.9603416],[35.5421138,31.9601975],[35.5419722,31.9600774],[35.5418023,31.9599092],[35.5416891,31.959729],[35.5415758,31.9595489],[35.5416041,31.9593927],[35.541406,31.9580955],[35.5414767,31.9575791],[35.5416749,31.957519],[35.5417457,31.9573749],[35.5416891,31.9572067],[35.5415617,31.9569665],[35.5414484,31.9567623],[35.5413776,31.9565941],[35.541321,31.9563059],[35.5413635,31.9561137],[35.5414626,31.9559695],[35.5415617,31.9558374],[35.5417316,31.9557173],[35.5419722,31.9556813],[35.5421846,31.9556693],[35.5423969,31.9556933],[35.5426659,31.9556933],[35.5428783,31.9556212],[35.542953,31.9555287],[35.5430906,31.9552489],[35.5432322,31.9550687],[35.5433313,31.9549366],[35.5433454,31.9547924],[35.5433454,31.9546243],[35.5433774,31.9544764],[35.5434445,31.9542759],[35.543303,31.9527985],[35.5425668,31.9519096],[35.5422554,31.9516694],[35.5417968,31.9515813],[35.5413855,31.9514519],[35.5410764,31.9512256],[35.5409699,31.9509533],[35.5410803,31.9508646],[35.5417599,31.9499997],[35.5423969,31.9492309],[35.5425654,31.9490382],[35.5425385,31.9486663],[35.5426489,31.948334],[35.5426376,31.9480417],[35.5426376,31.9478375],[35.5426517,31.9476573],[35.5425243,31.9474891],[35.5422978,31.9472969],[35.5420147,31.9470446],[35.5418873,31.9468885],[35.542043,31.9466482],[35.5422695,31.9465161],[35.542496,31.946444],[35.542765,31.946408],[35.5429632,31.9463719],[35.543756,31.9451106],[35.5438901,31.9441876],[35.5439517,31.9437902],[35.5438162,31.9434346],[35.5436313,31.9431836],[35.5430767,31.9431209],[35.5424235,31.9434974],[35.5420661,31.943602],[35.5416225,31.9435183],[35.5410802,31.9432568],[35.540846,31.942849],[35.5412527,31.9425666],[35.5419799,31.9425143],[35.5427316,31.9422215],[35.5430891,31.9420123],[35.5435204,31.9418241],[35.5437176,31.9416672],[35.5438208,31.9407156],[35.543289,31.9403664],[35.5410221,31.9385331],[35.5405872,31.9378708],[35.5408214,31.9372747],[35.5407844,31.9367727],[35.5409226,31.9363664],[35.5414251,31.9361502],[35.5417266,31.9362763],[35.5434095,31.936825],[35.5440134,31.9368877],[35.544531,31.9367517],[35.5447528,31.936574],[35.5459606,31.9360928],[35.5458127,31.9356745],[35.5447282,31.9346809],[35.5443831,31.9341161],[35.5440503,31.9337396],[35.5433972,31.9336768],[35.5430028,31.9336664],[35.5420785,31.9338023],[35.5416841,31.9336768],[35.5412774,31.9329133],[35.5411172,31.9322544],[35.5403161,31.9318883],[35.5401312,31.9321289],[35.5397985,31.9324427],[35.5398231,31.9326937],[35.5401682,31.933112],[35.5402545,31.9333631],[35.5396876,31.9337605],[35.5391453,31.9338233],[35.5385661,31.9334049],[35.5385414,31.9329865],[35.5389235,31.9328087],[35.5393302,31.9325472],[35.53864,31.9316582],[35.5378143,31.9310097],[35.5370995,31.9305914],[35.5362092,31.9302495],[35.5354582,31.9294482],[35.5356298,31.9288108],[35.5353938,31.9274632],[35.5354367,31.9267712],[35.5359517,31.9257331],[35.5362735,31.9248953],[35.5358658,31.9242761],[35.5355011,31.9243125],[35.5349646,31.9243854],[35.5343638,31.9248953],[35.5337201,31.9248043],[35.5331407,31.9245311],[35.5322395,31.924349],[35.5314885,31.9242579],[35.5307589,31.923839],[35.5301581,31.9235294],[35.5295358,31.9233473],[35.5282913,31.9236205],[35.5277119,31.9234202],[35.5270897,31.9232198],[35.5265103,31.9226917],[35.5263816,31.9223456],[35.5263601,31.9217628],[35.5264888,31.921435],[35.5266176,31.9212711],[35.5268163,31.9206181],[35.5269129,31.9200717],[35.5270202,31.9195071],[35.5270417,31.9191611],[35.5272455,31.9187968],[35.5273528,31.9185601],[35.5270631,31.9179681],[35.5273742,31.9175583],[35.5279643,31.9177678],[35.5282004,31.9177587],[35.5282004,31.9176312],[35.5279321,31.9174764],[35.5278463,31.9173033],[35.5279429,31.9171394],[35.5275888,31.9169573],[35.5275245,31.9167842],[35.5279643,31.9166021],[35.5280287,31.91642],[35.5278463,31.9161012],[35.5275674,31.9160648],[35.5274064,31.9160284],[35.5271854,31.9156938],[35.5272176,31.9152748],[35.5273356,31.9150836],[35.5274965,31.9148104],[35.5275502,31.9145372],[35.5277218,31.9140727],[35.5274322,31.9137631],[35.5268099,31.9138815],[35.5265095,31.913845],[35.5261876,31.9133715],[35.5262305,31.9124425],[35.526252,31.9121329],[35.5260052,31.9112404],[35.5255653,31.9107577],[35.525222,31.9101019],[35.5252327,31.9092914],[35.5253722,31.9088451],[35.5252649,31.9085719],[35.5246534,31.9079981],[35.5243208,31.9076793],[35.5244173,31.906978],[35.5246427,31.9068323],[35.5251362,31.9068869],[35.5258979,31.9067321],[35.5262842,31.9064042],[35.5264451,31.906049],[35.5260589,31.9055845],[35.5259838,31.9048923],[35.5259623,31.9044825],[35.5253937,31.9034806],[35.5249323,31.9029796],[35.524986,31.9026335],[35.5253078,31.9020415],[35.5256941,31.9021234],[35.5261983,31.9024604],[35.5264987,31.9029523],[35.5267562,31.9030252],[35.527239,31.9028703],[35.5273463,31.902761],[35.527792,31.9021778],[35.5281782,31.9018135],[35.5280924,31.901267],[35.5275559,31.9005201],[35.5272555,31.8999554],[35.5278992,31.8989716],[35.5284786,31.8988077],[35.5297875,31.8986437],[35.5309033,31.8987895],[35.5313754,31.8982976],[35.5306244,31.8976053],[35.530045,31.8973503],[35.5298733,31.8965669],[35.530281,31.8961662],[35.530796,31.8961115],[35.5311608,31.8965123],[35.5312252,31.896986],[35.5316758,31.8971863],[35.5321264,31.8968949],[35.5326199,31.8962755],[35.5329418,31.895984],[35.5325126,31.8955468],[35.531826,31.8951642],[35.5311823,31.8945812],[35.5310535,31.893725],[35.5304956,31.8932148],[35.5302381,31.8925954],[35.5309033,31.892231],[35.5321049,31.8925408],[35.5324912,31.8931055],[35.532813,31.8939618],[35.5335855,31.8945994],[35.5347872,31.8944537],[35.5346584,31.8940529],[35.5341434,31.893397],[35.5338645,31.8928323],[35.5338859,31.8921764],[35.5333495,31.8916845],[35.5321264,31.8913383],[35.5310397,31.8912475],[35.5303743,31.8910551],[35.5299779,31.8906945],[35.530162,31.8901056],[35.530249,31.8896772],[35.53053,31.8893363],[35.5307566,31.8890959],[35.5308557,31.8884228],[35.5311388,31.8880742],[35.5317617,31.8875693],[35.5319457,31.887365],[35.5319457,31.8868721],[35.5316767,31.8863553],[35.5321156,31.8863072],[35.532696,31.8864995],[35.5331491,31.8862951],[35.5332765,31.8860788],[35.5336587,31.8858263],[35.5341967,31.8857061],[35.5347912,31.8857061],[35.5354,31.8857182],[35.5356973,31.8857182],[35.5359663,31.8853215],[35.5356265,31.8849488],[35.5348479,31.8845401],[35.533871,31.8840593],[35.5332623,31.8837708],[35.5329225,31.8833621],[35.5329933,31.8828091],[35.5328518,31.8823644],[35.5330358,31.8818354],[35.5336162,31.8817513],[35.5341683,31.8817032],[35.5348903,31.8813306],[35.5357256,31.8809819],[35.5359946,31.8808377],[35.5364193,31.8806333],[35.5373536,31.8803809],[35.5378491,31.8801885],[35.538203,31.8800683],[35.5387835,31.8800202],[35.5389816,31.8799241],[35.5392789,31.8796476],[35.5389816,31.8792509],[35.5388401,31.8790104],[35.5390962,31.8787122],[35.5393356,31.8784334],[35.5393922,31.8781088],[35.5389533,31.8779045],[35.5389958,31.8775318],[35.5392789,31.8773274],[35.5393497,31.8772673],[35.5396776,31.8768207],[35.5391948,31.875937],[35.5391841,31.8754723],[35.5391305,31.8751352],[35.5394523,31.8750806],[35.539506,31.8748619],[35.5393772,31.8743244],[35.5396133,31.8741695],[35.5401175,31.874379],[35.5404501,31.874461],[35.5411904,31.8745521],[35.5416839,31.8746432],[35.5422204,31.8747981],[35.5427246,31.8749257],[35.5430357,31.875035],[35.5433791,31.8751443],[35.5437975,31.8753175],[35.5441837,31.8755088],[35.5445271,31.8754723],[35.5448275,31.875199],[35.5448811,31.8748437],[35.5449348,31.8744792],[35.5453854,31.8740693],[35.5457823,31.8739508],[35.5460398,31.8738141],[35.5462866,31.8735499],[35.5466192,31.8732766],[35.5472629,31.8730579],[35.5478101,31.8729668],[35.5480139,31.873067],[35.5477135,31.8735226],[35.5474346,31.8738324],[35.5474882,31.8740693],[35.5479496,31.8741695],[35.5481641,31.8741604],[35.5488079,31.8738141],[35.5495803,31.873067],[35.54987,31.8727299],[35.5489688,31.8724292],[35.5477994,31.8716821],[35.5468874,31.8715546],[35.545954,31.871345],[35.5451815,31.8708986],[35.5451601,31.8704885],[35.5455892,31.8695774],[35.5457716,31.8693861],[35.5460184,31.869058],[35.5465119,31.8685478],[35.5468767,31.8683473],[35.5471878,31.868074],[35.5475526,31.8678006],[35.5476277,31.8672722],[35.5472629,31.8669259],[35.5470054,31.8665979],[35.5471985,31.8662881],[35.5476277,31.8664977],[35.548207,31.8664886],[35.5487435,31.8662152],[35.5488293,31.8656229],[35.5482285,31.8652585],[35.5477135,31.8649213],[35.5468445,31.8648849],[35.5463617,31.8650762],[35.5460827,31.8653131],[35.5461364,31.8657049],[35.545836,31.8660512],[35.5453532,31.866033],[35.5448918,31.8663701],[35.5446236,31.8661788],[35.5448167,31.8654042],[35.5456643,31.8647391],[35.5461149,31.8645751],[35.5465334,31.8644384],[35.5468874,31.8640283],[35.5468449,31.8638273],[35.5466644,31.8636377],[35.5463257,31.8635512],[35.5459732,31.863688],[35.5457213,31.8638783],[35.545602,31.864183],[35.5453286,31.8644194],[35.5451429,31.8646092],[35.5448143,31.8647356],[35.5444743,31.8648507],[35.5441002,31.8647827],[35.5437865,31.864637],[35.5435938,31.8644479],[35.5433837,31.8641901],[35.5433385,31.8638292],[35.5435469,31.863487],[35.5441579,31.8628482],[35.5445117,31.8624897],[35.5445043,31.8622481],[35.5443701,31.8619717],[35.5442318,31.8617638],[35.5439557,31.8615569],[35.5435033,31.8614092],[35.5432317,31.8612964],[35.5429936,31.8611861],[35.5426166,31.8610158],[35.5425747,31.8608333],[35.5428564,31.860564],[35.5430135,31.860347],[35.5430464,31.8599572],[35.5430349,31.8595509],[35.5428695,31.8593406],[35.5425302,31.8593245],[35.5423694,31.8591909],[35.5421218,31.8590547],[35.5419179,31.8589385],[35.5416538,31.8590764],[35.5413846,31.8593462],[35.5411714,31.8598934],[35.5410801,31.8601091],[35.5410531,31.8605057],[35.5410304,31.8608774],[35.5408548,31.8609976],[35.54065,31.8609134],[35.5404582,31.860988],[35.5401821,31.8610005],[35.5398724,31.8609383],[35.5397207,31.8607102],[35.5396955,31.8604457],[35.5399335,31.8600019],[35.5402462,31.859557],[35.5402631,31.8592459],[35.54017,31.8588056],[35.5399528,31.8584411],[35.5397755,31.8582739],[35.539489,31.8582092],[35.5391731,31.8583327],[35.5389478,31.8584342],[35.5387309,31.8585615],[35.5385735,31.8585818],[35.5383908,31.8585279],[35.5382903,31.8584207],[35.5383064,31.8582633],[35.5385248,31.858076],[35.5387296,31.8579867],[35.5392805,31.8578941],[35.5396298,31.8577899],[35.5399658,31.8576349],[35.5399486,31.8574686],[35.5396337,31.8572486],[35.5393255,31.8571178],[35.5389857,31.8569677],[35.5386047,31.8568515],[35.5382298,31.8568985],[35.537956,31.856843],[35.5375786,31.8568189],[35.5372376,31.8568237],[35.5370087,31.8568614],[35.5367678,31.8567681],[35.5365703,31.856599],[35.5364542,31.8563685],[35.5364436,31.8562161],[35.5365137,31.8561041],[35.5365631,31.8560364],[35.5366119,31.8559148],[35.5366663,31.8557854],[35.536775,31.8556404],[35.536911,31.85548],[35.5371673,31.8552492],[35.5374498,31.8551364],[35.5375742,31.8551109],[35.537804,31.8550169],[35.5379707,31.8550387],[35.5381365,31.8550484],[35.5383551,31.8550535],[35.5386241,31.8549159],[35.5388076,31.8547129],[35.5389434,31.8545425],[35.5390572,31.8542022],[35.5392692,31.8541013],[35.5394331,31.854188],[35.5396226,31.8542349],[35.5399306,31.8541252],[35.540196,31.8541936],[35.5403729,31.8542745],[35.5407224,31.8543148],[35.540984,31.8544525],[35.5412974,31.854631],[35.5415938,31.8547553],[35.5418537,31.8547406],[35.5421361,31.8544544],[35.5423034,31.8541515],[35.5422411,31.8538943],[35.5418647,31.8536037],[35.5414837,31.8533056],[35.5411354,31.8530606],[35.5408558,31.8530275],[35.5406288,31.8529499],[35.5405093,31.8528608],[35.5406006,31.852443],[35.5405091,31.85215],[35.5402652,31.8519525],[35.5399987,31.8520462],[35.5398158,31.8520263],[35.5394785,31.8522248],[35.5390969,31.8521693],[35.5389722,31.8520088],[35.5389839,31.8518214],[35.5390255,31.8516702],[35.5391729,31.851514],[35.5392553,31.8513033],[35.5394221,31.8511445],[35.5396103,31.8510012],[35.5397923,31.8509196],[35.5399603,31.8508386],[35.5401768,31.850679],[35.5404192,31.8505498],[35.5407465,31.850314],[35.5411149,31.8502037],[35.5412893,31.8501372],[35.5415645,31.8501566],[35.5420465,31.8502467],[35.5422286,31.8502916],[35.5424108,31.8503549],[35.5425073,31.8504462],[35.5425825,31.8505652],[35.5427818,31.8505565],[35.5428804,31.8505369],[35.5429694,31.8505388],[35.543197,31.8504947],[35.5432646,31.8503212],[35.543282,31.8501336],[35.5432022,31.8498911],[35.5430007,31.8497943],[35.542602,31.8496038],[35.542211,31.849301],[35.5419504,31.849007],[35.5415653,31.848743],[35.5412534,31.8486659],[35.5410198,31.8485162],[35.5410662,31.8483143],[35.5413299,31.8482411],[35.5415847,31.8483601],[35.5417747,31.8483408],[35.5419918,31.8483152],[35.5423937,31.8485678],[35.5427451,31.8488373],[35.5430312,31.8490701],[35.5432822,31.8492645],[35.5435421,31.8493995],[35.5437552,31.8493412],[35.5438974,31.8491094],[35.5441573,31.8489806],[35.5443718,31.8487699],[35.5445328,31.8486212],[35.5446956,31.8484809],[35.5448561,31.8483939],[35.5450763,31.8483208],[35.545246,31.8483536],[35.5454248,31.8483853],[35.5455774,31.8484061],[35.5457871,31.8484008],[35.5460761,31.8483339],[35.5461812,31.8481694],[35.5464122,31.8480131],[35.5464112,31.8478197],[35.5464263,31.8475993],[35.5464166,31.8474253],[35.5464203,31.8472694],[35.5464537,31.8470369],[35.5464756,31.8468851],[35.5463258,31.846748],[35.5461548,31.8466935],[35.5458986,31.8466852],[35.5457407,31.8466459],[35.5455234,31.8466022],[35.5452046,31.8465527],[35.5448039,31.846628],[35.544492,31.8466929],[35.5441565,31.8468834],[35.5439695,31.8470124],[35.5436808,31.8471628],[35.5434199,31.8471243],[35.5431987,31.8469605],[35.543058,31.84678],[35.5430967,31.8466529],[35.5432235,31.8465498],[35.5432627,31.8461525],[35.543266,31.8458229],[35.5433708,31.8455387],[35.5435679,31.8454282],[35.5439101,31.8453088],[35.5442792,31.845297],[35.544719,31.8453584],[35.5450272,31.8452102],[35.5453798,31.8450131],[35.5456602,31.8450122],[35.5461368,31.8449164],[35.5466469,31.8448118],[35.5469473,31.8446567],[35.5470388,31.8444684],[35.5471472,31.8443018],[35.5472999,31.8442085],[35.5476405,31.8440696],[35.5480152,31.8439616],[35.5482266,31.8440012],[35.5484829,31.8441118],[35.5486567,31.8441798],[35.5488425,31.8441487],[35.5489658,31.8440076],[35.5489337,31.8438424],[35.5488235,31.8436184],[35.5487173,31.8434076],[35.5486617,31.843224],[35.5485432,31.8430121],[35.5483614,31.8428794],[35.5481655,31.8427691],[35.5478795,31.8426164],[35.547568,31.842575],[35.5472832,31.8425998],[35.5471805,31.8426787],[35.5471264,31.842845],[35.5469728,31.8429569],[35.5467186,31.8430171],[35.5464702,31.8430034],[35.5459833,31.8429378],[35.5456756,31.8429142],[35.5454077,31.8429498],[35.5452062,31.8429899],[35.5450175,31.8429694],[35.5448841,31.842898],[35.5447267,31.8427991],[35.5446616,31.8426746],[35.544662,31.8425141],[35.5447479,31.8424089],[35.5449701,31.8423449],[35.5450397,31.8421974],[35.5449905,31.8419903],[35.5449826,31.8418283],[35.5450065,31.84161],[35.5450524,31.8414535],[35.5451382,31.8413298],[35.5453236,31.841259],[35.545597,31.8412212],[35.5457752,31.8412565],[35.5459254,31.8413443],[35.5461027,31.8413769],[35.5463251,31.8413582],[35.5465246,31.8412306],[35.5468802,31.8410473],[35.5471756,31.8408495],[35.5473359,31.8406993],[35.54752,31.8403845],[35.5475205,31.8401819],[35.5474543,31.8401124],[35.5472616,31.8400845],[35.5470319,31.8400902],[35.5468261,31.8399526],[35.54675,31.839783],[35.5467917,31.8394727],[35.5468692,31.8391995],[35.5471311,31.8389621],[35.5474637,31.8387101],[35.5474906,31.8386723],[35.547645,31.8384555],[35.5477187,31.8381574],[35.54771,31.8378383],[35.5476742,31.837679],[35.5476026,31.8375141],[35.5474429,31.8373684],[35.5472166,31.837243],[35.5469279,31.8371724],[35.5467423,31.8371451],[35.5466163,31.8370898],[35.5465319,31.8370292]]}},
{"type":"Feature","properties":{"river":"jordan","relationId":2246907,"wayId":996965004,"version":9,"endNodeIds":[431650860,5405066574],"provenance":{"dataset":"OpenStreetMap","version":"overpass-attic:2026-10-08T00:00:00Z; way 996965004 v9","upstreamFeatureIds":["osm:way/996965004","osm:relation/2246907"],"changes":[{"kind":"overpass-attic-download","detail":"A main-stream way of the Jordan's waterway relation, as OpenStreetMap held it at 2026-10-08T00:00:00Z, read through Overpass. © OpenStreetMap contributors, ODbL 1.0.","sources":["osm:relation/2246907"]}]}},"geometry":{"type":"LineString","coordinates":[[35.5411236,31.9734987],[35.5421712,31.973661],[35.5433862,31.9729737],[35.5437788,31.9726141],[35.5437977,31.9710161],[35.544601,31.9699556],[35.5457592,31.9696235],[35.5466559,31.9696716],[35.547281,31.9699257],[35.5478048,31.9694574],[35.5479605,31.9692892],[35.548088,31.9691691],[35.5482437,31.969049],[35.5483428,31.9689169],[35.5483569,31.9687368],[35.5481587,31.9684365]]}},
{"type":"Feature","properties":{"river":"jordan","relationId":2246907,"wayId":182745393,"version":32,"endNodeIds":[1930981622,431650860],"provenance":{"dataset":"OpenStreetMap","version":"overpass-attic:2026-10-08T00:00:00Z; way 182745393 v32","upstreamFeatureIds":["osm:way/182745393","osm:relation/2246907"],"changes":[{"kind":"overpass-attic-download","detail":"A main-stream way of the Jordan's waterway relation, as OpenStreetMap held it at 2026-10-08T00:00:00Z, read through Overpass. © OpenStreetMap contributors, ODbL 1.0.","sources":["osm:relation/2246907"]}]}},"geometry":{"type":"LineString","coordinates":[[35.5688755,32.1906318],[35.5686905,32.1900339],[35.5685484,32.1895962],[35.5683016,32.1892966],[35.5681326,32.1891804],[35.5679368,32.1893783],[35.5677437,32.1894056],[35.5673065,32.1890533],[35.5670705,32.1889352],[35.5667915,32.18879],[35.5666279,32.1885611],[35.566467,32.187753],[35.566467,32.1874716],[35.5662202,32.1872173],[35.5650079,32.186845],[35.564686,32.1867542],[35.564399,32.1868469],[35.5641925,32.1870357],[35.5638921,32.1875533],[35.5636453,32.1876804],[35.5631974,32.1880545],[35.5628085,32.1885975],[35.5624222,32.1894056],[35.5619931,32.189905],[35.5616927,32.1900321],[35.5612957,32.1901683],[35.5609738,32.1901864],[35.5607592,32.1902227],[35.5605125,32.1902591],[35.5601799,32.1901773],[35.559571,32.1896707],[35.5592572,32.1892512],[35.5587342,32.1888717],[35.5585491,32.1886156],[35.5584016,32.1880182],[35.5584955,32.1877258],[35.5584418,32.1874171],[35.5583667,32.1870448],[35.5584525,32.186727],[35.5587422,32.186155],[35.5588602,32.1860006],[35.559099,32.1859298],[35.5594423,32.1859207],[35.5598607,32.1860297],[35.5600002,32.1859933],[35.561242,32.1853196],[35.5615425,32.185029],[35.5621647,32.1845841],[35.5624973,32.1843662],[35.5626261,32.1839031],[35.5625966,32.1835326],[35.5624893,32.183351],[35.5622962,32.1831422],[35.5620896,32.1828861],[35.5621003,32.1826046],[35.5620467,32.1823685],[35.5618965,32.182196],[35.5615666,32.1819708],[35.5612742,32.1818691],[35.5611482,32.18188],[35.5610167,32.1819508],[35.5608236,32.1820779],[35.5605983,32.1821778],[35.5604508,32.1821342],[35.5603623,32.1819962],[35.5602255,32.1819254],[35.5601182,32.1818437],[35.560019,32.1817056],[35.5599036,32.1814895],[35.5595603,32.1812443],[35.5592679,32.1808157],[35.5590212,32.18028],[35.5590024,32.1800003],[35.5587851,32.1797079],[35.5588281,32.1793901],[35.5588522,32.1789651],[35.5590212,32.1784275],[35.5590426,32.177583],[35.5591928,32.1770291],[35.5592572,32.176793],[35.5592143,32.1766567],[35.5590319,32.1765024],[35.5588495,32.1764116],[35.5588173,32.1763026],[35.5588281,32.1760937],[35.5594503,32.1754944],[35.5599358,32.1747334],[35.5601584,32.1742866],[35.5601799,32.1740595],[35.5601799,32.1738507],[35.5601289,32.1736345],[35.5599465,32.1734529],[35.5597427,32.1733621],[35.5595254,32.173215],[35.5593967,32.1731423],[35.5593109,32.172997],[35.559225,32.172879],[35.559056,32.1728808],[35.5589246,32.1729425],[35.5588066,32.1729153],[35.5586242,32.1729879],[35.5585706,32.1730788],[35.5587315,32.173215],[35.5587449,32.1733893],[35.5586349,32.1735147],[35.5584311,32.1735237],[35.5575325,32.1737163],[35.5573502,32.1738434],[35.5570176,32.1741431],[35.5561378,32.1747515],[35.5558052,32.1751057],[35.5555477,32.1753146],[35.5554914,32.1757486],[35.5555021,32.1760392],[35.5554807,32.1762844],[35.5552366,32.1764134],[35.5551186,32.1766132],[35.5549254,32.1767857],[35.5546438,32.17702],[35.5542039,32.1770472],[35.5534636,32.1769383],[35.5532169,32.1766386],[35.5527233,32.1761482],[35.5526053,32.1757396],[35.5526402,32.1753872],[35.5528092,32.1750312],[35.5528306,32.174777],[35.553013,32.1744864],[35.5530238,32.1739687],[35.5526697,32.1722887],[35.5521011,32.1709265],[35.5521011,32.1706722],[35.5521869,32.1703997],[35.5525517,32.1701999],[35.5530345,32.1700546],[35.5534636,32.1700365],[35.5542173,32.1701563],[35.5546545,32.1703543],[35.5549228,32.1705723],[35.5552151,32.1708647],[35.5556765,32.1709918],[35.5562209,32.1708447],[35.5568539,32.1705632],[35.556972,32.1703725],[35.5572751,32.1700928],[35.5576506,32.169339],[35.5577981,32.1687559],[35.5576291,32.1682038],[35.5573904,32.1676025],[35.5571356,32.1672774],[35.5567923,32.1667961],[35.5566421,32.1666417],[35.5562129,32.1665236],[35.5559876,32.1664691],[35.5556952,32.1665672],[35.5555665,32.1667034],[35.5554056,32.1668215],[35.5552768,32.1669668],[35.5550408,32.1670395],[35.5546224,32.1670485],[35.5543783,32.1669959],[35.5539679,32.1668306],[35.5537775,32.1665872],[35.5534958,32.1664037],[35.5532705,32.166431],[35.553005,32.1666053],[35.5528092,32.1668124],[35.5528628,32.166994],[35.5530694,32.1673047],[35.5528762,32.1674046],[35.5517685,32.1676116],[35.5514815,32.1676225],[35.5510389,32.1675662],[35.5507519,32.1676225],[35.5503737,32.1680294],[35.5503415,32.1682383],[35.5503523,32.1684472],[35.5502772,32.1685652],[35.5501699,32.1685925],[35.5500009,32.1685579],[35.5499258,32.1684853],[35.5498373,32.1683927],[35.5497193,32.1683836],[35.5496254,32.1685035],[35.5495798,32.1686197],[35.549333,32.168647],[35.5491211,32.1686397],[35.5489253,32.1684926],[35.5489253,32.1682837],[35.5490219,32.1681202],[35.5492821,32.1679131],[35.549333,32.1678023],[35.5492794,32.1677115],[35.5491748,32.1676498],[35.5490004,32.1676025],[35.5487671,32.1674681],[35.548464,32.1671484],[35.5478417,32.166767],[35.5477344,32.1665036],[35.5477881,32.1663038],[35.5480027,32.1661767],[35.5482843,32.1661694],[35.5485284,32.1660495],[35.548861,32.1658316],[35.5492257,32.1654773],[35.5495718,32.1651976],[35.5500948,32.1650051],[35.5503013,32.1648343],[35.5507063,32.164669],[35.5512642,32.1643966],[35.5516505,32.1640878],[35.5519187,32.1634066],[35.5518436,32.1625892],[35.551747,32.1622259],[35.551578,32.1618735],[35.5512884,32.161492],[35.5510738,32.1612831],[35.5507412,32.1611015],[35.5503952,32.1609998],[35.550009,32.1609543],[35.5495154,32.1609089],[35.5493223,32.1608908],[35.5493223,32.1607091],[35.5493679,32.1604203],[35.549494,32.1602459],[35.5498078,32.1601751],[35.5500197,32.160037],[35.5504274,32.1598463],[35.5509236,32.1597391],[35.5515003,32.1597282],[35.5518329,32.1597645],[35.5522513,32.1600098],[35.5525115,32.1602296],[35.5528977,32.1602568],[35.5533805,32.1601751],[35.5537453,32.1600207],[35.554676,32.1598735],[35.5552017,32.1597282],[35.5556121,32.1595302],[35.5558696,32.1595938],[35.5560842,32.1596846],[35.5563631,32.1597936],[35.5567923,32.1598299],[35.5572536,32.1597209],[35.5578625,32.1594466],[35.5582299,32.1591124],[35.5584096,32.1586928],[35.5584633,32.1585202],[35.5583479,32.1584312],[35.5581414,32.1583476],[35.5580448,32.158284],[35.5580663,32.158175],[35.5581629,32.158066],[35.5581736,32.1579298],[35.5580663,32.1573212],[35.5581843,32.1569034],[35.5582916,32.1561586],[35.5582487,32.1558135],[35.5580153,32.1555973],[35.5575621,32.1552503],[35.5572965,32.1552431],[35.557039,32.1551613],[35.5568003,32.154887],[35.5559125,32.1538261],[35.5558133,32.1535699],[35.5557918,32.1533247],[35.555824,32.1530249],[35.55606,32.1526888],[35.5562209,32.1524708],[35.5563175,32.152162],[35.5564141,32.1518622],[35.5566206,32.1516824],[35.5583238,32.1514626],[35.5593028,32.1514735],[35.5598688,32.1514807],[35.5602979,32.1514626],[35.5605366,32.1513917],[35.5606949,32.1511174],[35.5606976,32.150883],[35.5605769,32.1507177],[35.560373,32.1505996],[35.5599439,32.1502454],[35.5596434,32.1496459],[35.559343,32.1489282],[35.5593457,32.1485395],[35.5591633,32.1482669],[35.5589997,32.1481834],[35.5589166,32.1479399],[35.5585089,32.1477946],[35.558356,32.1476928],[35.5584204,32.1475202],[35.5585947,32.1473313],[35.55871,32.1471569],[35.5586242,32.1470388],[35.5583989,32.1468753],[35.5583453,32.1466028],[35.5584418,32.1463666],[35.5584338,32.1461958],[35.5582487,32.1460123],[35.5581226,32.1455327],[35.5579054,32.1452038],[35.5576908,32.1451766],[35.5575621,32.1451584],[35.5574574,32.1450421],[35.5575728,32.1448223],[35.5577337,32.1445225],[35.5577981,32.1442863],[35.5577042,32.1440883],[35.5575406,32.1440138],[35.5573582,32.144041],[35.5570363,32.144041],[35.5568432,32.1440683],[35.556575,32.1442318],[35.5561807,32.1441246],[35.5556845,32.1439593],[35.5551588,32.1438139],[35.5545902,32.1437231],[35.5541717,32.1437958],[35.5534529,32.1440501],[35.5531981,32.1444971],[35.5531096,32.1448223],[35.5529406,32.1455327],[35.5526161,32.1459215],[35.5523478,32.1461031],[35.5519401,32.1461213],[35.5513527,32.1460686],[35.5506849,32.145867],[35.5502664,32.1457125],[35.5501404,32.1454509],[35.5502343,32.1449767],[35.5502879,32.1442863],[35.5500116,32.1435705],[35.5497434,32.1430618],[35.5495718,32.1429437],[35.5493867,32.1426693],[35.5491292,32.1420516],[35.5487966,32.1416791],[35.5483889,32.1416337],[35.5477774,32.14177],[35.547544,32.141908],[35.5474474,32.1421261],[35.5475091,32.1425603],[35.5474045,32.1427438],[35.5470612,32.1430436],[35.5466294,32.1432961],[35.5464684,32.1434597],[35.5462995,32.1436613],[35.5461385,32.1438793],[35.5459856,32.1440229],[35.5456852,32.1440956],[35.5454921,32.144041],[35.5451059,32.1438321],[35.5446767,32.1434869],[35.5443119,32.1430054],[35.5440571,32.1428347],[35.5437755,32.1424059],[35.5437219,32.1418426],[35.5437889,32.1415719],[35.543636,32.1412976],[35.5433893,32.1410159],[35.5433356,32.1401347],[35.5433678,32.1394625],[35.5441751,32.1386557],[35.5445185,32.1378926],[35.545248,32.1364754],[35.5458354,32.1356922],[35.5462109,32.1353561],[35.5466937,32.1349382],[35.5470612,32.1347583],[35.5477157,32.1346856],[35.5484962,32.1346838],[35.5489361,32.1348019],[35.5494296,32.1349291],[35.54973,32.1349291],[35.5500224,32.1348946],[35.5504166,32.1348655],[35.5506205,32.1346929],[35.5508565,32.1345203],[35.5510604,32.1343658],[35.5510926,32.1341296],[35.551114,32.1337026],[35.5508565,32.1333755],[35.5504274,32.1332029],[35.5496361,32.1330412],[35.5489253,32.1328213],[35.5480375,32.132705],[35.5476835,32.1325506],[35.5474662,32.132258],[35.5471551,32.1320763],[35.5467152,32.1319309],[35.5462887,32.1319328],[35.545932,32.1318764],[35.5456986,32.1317329],[35.5454948,32.1315148],[35.5454492,32.1308134],[35.5455565,32.1304227],[35.5457389,32.1301865],[35.5461144,32.1298776],[35.5465677,32.129625],[35.5472195,32.1295869],[35.5478525,32.1296141],[35.5487456,32.1296069],[35.5499902,32.1294797],[35.5504086,32.1293706],[35.5508351,32.1291235],[35.5511248,32.1289145],[35.5511891,32.1283421],[35.5510604,32.1279969],[35.5506956,32.1276879],[35.5505266,32.1272809],[35.5499124,32.1266431],[35.549679,32.1264813],[35.5492901,32.1262978],[35.5487644,32.1260797],[35.5483674,32.1258889],[35.5481099,32.1255164],[35.5480778,32.1252075],[35.5481743,32.1248531],[35.5487966,32.1243715],[35.5491292,32.1241444],[35.549333,32.1236991],[35.5494296,32.1232721],[35.5492043,32.122627],[35.5485311,32.1221199],[35.5474984,32.1212731],[35.5466186,32.1203826],[35.5459669,32.1197484],[35.5450227,32.1192122],[35.5448189,32.1189578],[35.5444407,32.1183199],[35.5441832,32.1177202],[35.5438291,32.1166298],[35.5437326,32.1162844],[35.5435073,32.1159391],[35.5433364,32.1158912],[35.5428019,32.115741],[35.5425014,32.115632],[35.5421662,32.1153394],[35.5421769,32.1149668],[35.5420052,32.1147306],[35.5417799,32.1141853],[35.541737,32.1137764],[35.5416753,32.1134602],[35.5414259,32.1131403],[35.5413508,32.1128858],[35.541222,32.1125496],[35.5412113,32.1123497],[35.5411496,32.1122152],[35.5410504,32.1122406],[35.5409243,32.1123788],[35.5407526,32.1123242],[35.5404603,32.1119408],[35.5400097,32.111659],[35.5396556,32.1114137],[35.5394652,32.1112701],[35.5393016,32.1109593],[35.5390119,32.1106867],[35.5386364,32.1102959],[35.5383145,32.1099688],[35.537931,32.1096343],[35.5373382,32.1088055],[35.5371048,32.1085983],[35.5369198,32.1085692],[35.5365791,32.1085892],[35.5362868,32.1084693],[35.5351173,32.1083057],[35.5346023,32.1083511],[35.534259,32.1083966],[35.5339586,32.1083421],[35.5336153,32.1082148],[35.5333605,32.108044],[35.5331888,32.1079077],[35.5330145,32.1078422],[35.5327677,32.1077786],[35.5327141,32.1075878],[35.5326738,32.1072442],[35.5324673,32.1070334],[35.5324244,32.1068244],[35.5326497,32.1065517],[35.5328857,32.1064063],[35.5333927,32.1059447],[35.5336153,32.105543],[35.533744,32.1049522],[35.5339372,32.1045978],[35.5343475,32.1038907],[35.5345165,32.1035436],[35.5348384,32.10318],[35.5353641,32.1025984],[35.5356001,32.1020531],[35.5355358,32.1015623],[35.5356109,32.1006989],[35.535643,32.1003808],[35.5355679,32.1003081],[35.5354499,32.1001536],[35.5355143,32.0999445],[35.5360829,32.0990629],[35.5362439,32.0988448],[35.5364933,32.0986103],[35.5368259,32.0985013],[35.5371343,32.0983358],[35.5374991,32.0979632],[35.538218,32.096818],[35.5386042,32.0963726],[35.5387866,32.0960182],[35.5388215,32.0958473],[35.5388724,32.0955092],[35.539087,32.0951638],[35.5392694,32.0949547],[35.539315,32.0946748],[35.5392372,32.0945276],[35.5388429,32.0942658],[35.5387329,32.0941276],[35.5387329,32.0938822],[35.5388644,32.0935568],[35.5390763,32.0933096],[35.5392265,32.0931005],[35.5393552,32.0927733],[35.539441,32.0925006],[35.5397307,32.0922825],[35.5399453,32.0920098],[35.5401196,32.0918571],[35.5403771,32.0917662],[35.5407822,32.0917917],[35.5409957,32.0917821],[35.5412247,32.0916299],[35.5413508,32.0916008],[35.5415224,32.0916917],[35.5416753,32.0916935],[35.541898,32.0916553],[35.542083,32.0915117],[35.5422842,32.09101],[35.5424451,32.09081],[35.5429306,32.0905664],[35.5432203,32.0904755],[35.5433919,32.0902574],[35.5435073,32.0899283],[35.543754,32.0895829],[35.5438291,32.0893829],[35.5436038,32.0884649],[35.5433893,32.0880467],[35.5432927,32.0876922],[35.5431023,32.0872305],[35.5431023,32.0870123],[35.5431961,32.0866833],[35.5432712,32.0863742],[35.5433034,32.0861015],[35.5434858,32.0856561],[35.5436602,32.0852034],[35.5438828,32.084838],[35.5441081,32.0845835],[35.5446177,32.0842835],[35.544733,32.0841489],[35.544784,32.0839653],[35.5448484,32.0839062],[35.5449718,32.0838108],[35.5450361,32.0837426],[35.5449986,32.0836426],[35.544961,32.0835017],[35.5449664,32.0833381],[35.5450308,32.0831517],[35.5451005,32.0830427],[35.5452561,32.0830017],[35.5456048,32.0830108],[35.5458623,32.082979],[35.5459642,32.0829381],[35.5460715,32.0828699],[35.5461251,32.0827518],[35.5461573,32.0826518],[35.5461037,32.0826109],[35.5460393,32.0825384],[35.5460983,32.0824429],[35.5460607,32.082252],[35.5460071,32.0821702],[35.5459159,32.0821066],[35.5458488,32.0820991],[35.5457764,32.0820975],[35.545696,32.0820657],[35.5455404,32.0819111],[35.5453017,32.0817673],[35.5451568,32.0817173],[35.5449396,32.0816611],[35.544666,32.0816702],[35.5443897,32.0816264],[35.5441751,32.0816491],[35.5440384,32.0817066],[35.5439579,32.081702],[35.543797,32.0816702],[35.5436521,32.0815884],[35.5434429,32.0815611],[35.5432659,32.0814839],[35.5429816,32.081343],[35.542657,32.0812537],[35.5423352,32.0811946],[35.5421206,32.0811582],[35.5419248,32.0811793],[35.5416324,32.08124],[35.541391,32.0812037],[35.5412784,32.0811809],[35.5411738,32.0812112],[35.5410236,32.0811521],[35.5408653,32.0810764],[35.5407822,32.0811157],[35.5406346,32.0811355],[35.5404871,32.0810203],[35.5402538,32.08079],[35.5399587,32.0804855],[35.5398541,32.0803385],[35.53983,32.0801992],[35.5398192,32.0800083],[35.539897,32.0798976],[35.5400955,32.0797158],[35.5402055,32.0795401],[35.5401652,32.0794476],[35.5400928,32.0793946],[35.5400445,32.0793765],[35.5398648,32.0793703],[35.5397388,32.0792628],[35.5396073,32.0792294],[35.5395161,32.0792476],[35.5392506,32.0793128],[35.5391219,32.0793537],[35.5389717,32.0793083],[35.5388751,32.0792537],[35.5387061,32.0791931],[35.5385184,32.0790749],[35.5383145,32.0789431],[35.5382206,32.0787083],[35.5383682,32.0783249],[35.5384164,32.0781522],[35.5384325,32.0779431],[35.5383092,32.0776476],[35.5383521,32.0775476],[35.538395,32.0772749],[35.5386525,32.0769067],[35.5387759,32.0767431],[35.5387008,32.0765658],[35.538454,32.075984],[35.5383521,32.0757112],[35.5382019,32.0755976],[35.5380248,32.0754976],[35.5378532,32.0754158],[35.5376762,32.0753385],[35.5374991,32.0751294],[35.5373597,32.0750931],[35.5372095,32.0751021],[35.5369681,32.0751885],[35.5366703,32.0754219],[35.5359005,32.0758385],[35.5356913,32.0760067],[35.5355143,32.0760249],[35.5351146,32.0762583],[35.534892,32.0765158],[35.5346667,32.0767385],[35.5344253,32.0768794],[35.5342081,32.0769219],[35.5338781,32.0768158],[35.5336046,32.0766749],[35.5335456,32.0764703],[35.5335241,32.0763431],[35.5333766,32.0762174],[35.5332988,32.0760385],[35.5333685,32.0757522],[35.5334222,32.0756158],[35.5333578,32.0754931],[35.5333042,32.0754067],[35.5331969,32.0752567],[35.5330252,32.0751794],[35.5328857,32.0750703],[35.5328857,32.0749794],[35.5330467,32.0746021],[35.5331861,32.0743612],[35.5332559,32.0742021],[35.5333417,32.0740521],[35.533449,32.0739657],[35.5335134,32.0739476],[35.5336421,32.0740067],[35.5337709,32.0741658],[35.5339425,32.0741658],[35.5346453,32.0739976],[35.5354365,32.0737628],[35.5357772,32.0735385],[35.5359917,32.0734612],[35.5361553,32.073381],[35.5362546,32.0732384],[35.5363565,32.0730066],[35.5363404,32.0727748],[35.5363887,32.0725066],[35.5363458,32.072443],[35.5362707,32.0723611],[35.5361258,32.0723475],[35.5359488,32.0722384],[35.5358281,32.07189],[35.5356216,32.0716475],[35.5354392,32.0714429],[35.5352139,32.0712838],[35.5350959,32.0710974],[35.5349618,32.070461],[35.5349564,32.0702474],[35.535061,32.0699307],[35.5351978,32.0696973],[35.5351441,32.0694973],[35.5349483,32.0692852],[35.534715,32.0688882],[35.5345755,32.0687518],[35.5343931,32.0686563],[35.5338567,32.068629],[35.5337199,32.0687034],[35.5336475,32.0688427],[35.5336126,32.0689852],[35.5335885,32.0690609],[35.5335295,32.06907],[35.5334114,32.0690109],[35.5332881,32.0689791],[35.5330037,32.0690518],[35.5326872,32.0690882],[35.5323278,32.0691882],[35.5319309,32.0692882],[35.5317002,32.0692609],[35.53133,32.0691109],[35.5311101,32.0690018],[35.5308741,32.0689336],[35.5306541,32.0688882],[35.5305361,32.0687427],[35.530343,32.0683881],[35.5302518,32.0680881],[35.5303001,32.0676608],[35.5305281,32.0674214],[35.530858,32.0671334],[35.5308768,32.0668986],[35.5309384,32.0666061],[35.531153,32.0663788],[35.5313891,32.0660742],[35.5315446,32.0656196],[35.5315017,32.0652605],[35.5313408,32.0649968],[35.5311745,32.0648695],[35.5310055,32.0648029],[35.5308499,32.0648211],[35.5304449,32.0647422],[35.5301043,32.0647438],[35.5298817,32.0647695],[35.5297261,32.0649195],[35.5296483,32.0650075],[35.5295598,32.065015],[35.5293881,32.0649968],[35.5291709,32.0649802],[35.5289751,32.0649604],[35.5288356,32.0649013],[35.5287605,32.064765],[35.5286908,32.0646695],[35.5285352,32.0645013],[35.5284762,32.064274],[35.5285942,32.0640103],[35.5287283,32.0636012],[35.5287015,32.0633648],[35.52868,32.0631875],[35.5289643,32.0622328],[35.5289965,32.0621509],[35.5290984,32.0621282],[35.529246,32.0621207],[35.5292782,32.0620434],[35.5291575,32.0618645],[35.5292299,32.0617161],[35.5294605,32.0616752],[35.5296,32.0616115],[35.5298387,32.0614281],[35.5303296,32.0613069],[35.5307185,32.0612961],[35.5309679,32.061287],[35.531145,32.0612325],[35.5312174,32.0611592],[35.531263,32.0610143],[35.5313193,32.0608597],[35.53133,32.0607136],[35.5313113,32.0605841],[35.5312254,32.0604954],[35.5309438,32.0603827],[35.5307105,32.0602477],[35.5304396,32.0601099],[35.5300131,32.0592838],[35.5298414,32.0590474],[35.5296456,32.0589369],[35.5293157,32.0586473],[35.5289938,32.058511],[35.5286264,32.0581368],[35.5285727,32.0579277],[35.5284011,32.0575367],[35.528554,32.0569834],[35.5287149,32.0567469],[35.5293586,32.0564196],[35.5303242,32.0559286],[35.5306327,32.055709],[35.5307721,32.0553998],[35.5307963,32.0551466],[35.5306112,32.0550361],[35.5305039,32.0549724],[35.5299031,32.0549815],[35.5297529,32.0548724],[35.5296134,32.0548542],[35.5294096,32.0548815],[35.5290448,32.0547633],[35.5288007,32.0546828],[35.5284654,32.0545723],[35.5282616,32.0542177],[35.5280899,32.0539267],[35.5280685,32.0537449],[35.5283823,32.0533916],[35.5286183,32.0528278],[35.5290877,32.0520808],[35.5295812,32.0516443],[35.5298924,32.051326],[35.5300024,32.0509],[35.5297315,32.0503803],[35.5291655,32.0500088],[35.5284225,32.049671],[35.5276849,32.0493359],[35.5272665,32.049245],[35.5268239,32.0493436],[35.5264592,32.0496437],[35.5261614,32.0500179],[35.5257752,32.0503089],[35.5247989,32.0505181],[35.5239164,32.0505531],[35.5235329,32.0504999],[35.5228784,32.0502907],[35.5226209,32.0498542],[35.5226209,32.049345],[35.5227363,32.0485979],[35.5224788,32.0480978],[35.5218458,32.0479068],[35.5207192,32.0477431],[35.5197885,32.0478809],[35.5194961,32.0480159],[35.5193138,32.0479432],[35.5191957,32.0477431],[35.5191635,32.0474976],[35.5194318,32.0466701],[35.5193889,32.0454787],[35.5193459,32.0452926],[35.5192923,32.0450604],[35.5190884,32.0447421],[35.5191314,32.0444966],[35.5194666,32.0442979],[35.5200219,32.0441419],[35.5203866,32.0441055],[35.5207326,32.0442069],[35.5215909,32.0445707],[35.52235,32.0445966],[35.5228328,32.0445693],[35.5232754,32.0443979],[35.5235838,32.0442056],[35.5237555,32.0440146],[35.5237367,32.0437522],[35.5234551,32.0434871],[35.5234444,32.0432689],[35.5226933,32.0422958],[35.5225431,32.0420411],[35.522232,32.0416592],[35.5218243,32.0412408],[35.5213522,32.0409771],[35.5209472,32.0407693],[35.5206361,32.0404237],[35.5207005,32.0399417],[35.5209043,32.0393687],[35.5210867,32.0390777],[35.5209258,32.0386866],[35.5207514,32.0383942],[35.5202257,32.0375302],[35.5193272,32.036231],[35.5189812,32.0358931],[35.5189087,32.0353761],[35.5189946,32.0350759],[35.5191877,32.034703],[35.5194774,32.034512],[35.5199789,32.0343197],[35.5204081,32.033874],[35.5207085,32.0335375],[35.5208828,32.033075],[35.5210974,32.0325929],[35.521481,32.0322187],[35.5218592,32.0319017],[35.5220416,32.031738],[35.5220094,32.031265],[35.5217277,32.0306451],[35.5214595,32.0303632],[35.5209365,32.0300189],[35.5209016,32.0298538],[35.5210438,32.0297006],[35.5213308,32.0296082],[35.5216312,32.0295628],[35.5218994,32.0295628],[35.5226611,32.0294991],[35.5230796,32.0293263],[35.5232834,32.0290989],[35.5233612,32.0285454],[35.5232405,32.0279801],[35.5231144,32.0268809],[35.522983,32.0263974],[35.5225646,32.0258517],[35.5224063,32.0255802],[35.5222132,32.0254801],[35.5220114,32.0251635],[35.5219986,32.0251435],[35.5218887,32.0249966],[35.5218377,32.0246251],[35.5217412,32.0244522],[35.5217385,32.0242871],[35.5218887,32.0237687],[35.5220523,32.0233152],[35.5221918,32.0226967],[35.5222105,32.0223405],[35.5224895,32.0218584],[35.5227497,32.021787],[35.5228972,32.0219676],[35.523101,32.022104],[35.5232512,32.022104],[35.5236482,32.0220222],[35.5238091,32.0219039],[35.523844,32.0217506],[35.5241095,32.0215219],[35.5243027,32.0212399],[35.5243992,32.0210125],[35.5245387,32.0203393],[35.524646,32.01993],[35.5249491,32.0196039],[35.5253139,32.0195584],[35.5259978,32.0197844],[35.5262982,32.0201392],[35.5265235,32.0202302],[35.5269098,32.0202211],[35.5273496,32.0202575],[35.5275428,32.0202029],[35.5280363,32.0198572],[35.5284654,32.0192295],[35.5287229,32.0190021],[35.5290689,32.0188125],[35.5291548,32.018585],[35.5287766,32.018238],[35.528562,32.0175284],[35.5285084,32.0168553],[35.5281436,32.0164641],[35.5276527,32.016138],[35.5271887,32.0158637],[35.5269446,32.015765],[35.5266094,32.0157636],[35.5260863,32.0158196],[35.5257108,32.0160106],[35.5253246,32.0160379],[35.524992,32.015947],[35.5247452,32.0157468],[35.5245709,32.0153452],[35.524241,32.0147007],[35.5237367,32.0142549],[35.5232298,32.0140807],[35.5228677,32.014073],[35.522629,32.0142171],[35.522468,32.014208],[35.5223393,32.0139442],[35.5224358,32.013644],[35.5226611,32.0134348],[35.5228972,32.013362],[35.5229213,32.0131814],[35.522975,32.0125173],[35.5232968,32.0119897],[35.5236267,32.0118428],[35.5239379,32.0118337],[35.5241739,32.0119155],[35.5243563,32.0122066],[35.5244851,32.0125887],[35.5246245,32.0130345],[35.524477,32.0135089],[35.5244448,32.0137],[35.5247318,32.0141444],[35.525161,32.0144264],[35.5254936,32.0143991],[35.5257618,32.014481],[35.5260944,32.0148176],[35.5266094,32.0150541],[35.5269205,32.0151269],[35.5270734,32.0150372],[35.5270948,32.0148917],[35.5270305,32.0145642],[35.5270412,32.0144823],[35.5269634,32.0143536],[35.5269017,32.0142185],[35.5270814,32.0138987],[35.5274167,32.0133452],[35.5273818,32.0127707],[35.5271994,32.0118882],[35.5272129,32.0107797],[35.5270171,32.0101142],[35.5269527,32.0098049],[35.5270197,32.0095152],[35.527406,32.0091694],[35.5276098,32.0090148],[35.5279934,32.0089497],[35.5283689,32.0089952],[35.5284896,32.0090603],[35.5286586,32.009068],[35.5288624,32.0090134],[35.5289295,32.0088692],[35.5288436,32.0085417],[35.5287364,32.0083325],[35.528554,32.0078776],[35.5282938,32.0071211],[35.5279961,32.0066585],[35.5273818,32.0063296],[35.527009,32.0061126],[35.5266979,32.006058],[35.5265477,32.0059579],[35.5261802,32.0056108],[35.5256974,32.0051286],[35.5255257,32.0047192],[35.5256438,32.004237],[35.5258932,32.0038745],[35.5262687,32.003738],[35.5265343,32.0036456],[35.5265477,32.0034104],[35.5263224,32.0030829],[35.5262017,32.0028632],[35.5258154,32.0031452],[35.5256357,32.0031557],[35.5254211,32.0030374],[35.5254077,32.002754],[35.5259576,32.002446],[35.5262339,32.0023355],[35.5265128,32.0023446],[35.5268025,32.0021899],[35.5269312,32.0019261],[35.5268025,32.0015348],[35.5268025,32.0012437],[35.5271807,32.0009721],[35.5277573,32.0008524],[35.5281007,32.0008615],[35.5284118,32.0007433],[35.5286586,32.0004066],[35.5287578,32.0001623],[35.5291762,31.9999349],[35.5295491,31.999888],[35.5297958,31.9998607],[35.5302894,31.9999517],[35.5306032,32.0001714],[35.5306541,32.0004521],[35.5306139,32.0006445],[35.5304315,32.0007628],[35.5304288,32.0008706],[35.5306354,32.0011177],[35.530807,32.0012541],[35.5309465,32.0012996],[35.5313193,32.0013711],[35.5317056,32.0012892],[35.5321025,32.0010981],[35.532234,32.0008993],[35.5321347,32.0001064],[35.531963,31.9996605],[35.531491,31.9994968],[35.5314051,31.9993239],[35.5313435,31.9987702],[35.5316439,31.9985519],[35.5320489,31.9985596],[35.5322849,31.9987143],[35.532757,31.9990782],[35.533111,31.9991965],[35.5334463,31.9993162],[35.5336716,31.9995618],[35.5337226,31.9997788],[35.5337762,32.0004612],[35.5337333,32.0006432],[35.5335616,32.000807],[35.5331566,32.0009357],[35.5328562,32.0010267],[35.5325665,32.0010904],[35.5323493,32.0013165],[35.5324029,32.0015621],[35.5325022,32.0017818],[35.5328535,32.001917],[35.5336582,32.001917],[35.5341866,32.0017273],[35.5348303,32.0013997],[35.535171,32.0010253],[35.5355572,32.0006523],[35.5356645,32.0004612],[35.5357181,32.0001883],[35.5356994,31.999298],[35.5353143,31.998686],[35.5350461,31.998495],[35.5347993,31.9981037],[35.5347242,31.997849],[35.5348916,31.9976588],[35.5352886,31.9975678],[35.5356212,31.9974768],[35.5362864,31.9973221],[35.5366662,31.9971119],[35.5369301,31.9968399],[35.5372734,31.9966124],[35.5384537,31.9961756],[35.538679,31.99603],[35.5388292,31.9959481],[35.5389901,31.9955296],[35.5389472,31.9951565],[35.538679,31.9947562],[35.5380353,31.9942284],[35.5377778,31.9941465],[35.5374774,31.9940737],[35.5369302,31.9938735],[35.5365869,31.9934641],[35.5362757,31.9932639],[35.5360933,31.9931547],[35.5357178,31.9930728],[35.5354603,31.9929363],[35.5352136,31.9927634],[35.5352029,31.9925178],[35.5352672,31.9921993],[35.5354603,31.9919081],[35.5357822,31.9917079],[35.5360826,31.9916897],[35.5367049,31.9917352],[35.5369838,31.991717],[35.5371555,31.9916624],[35.5372521,31.9915259],[35.5372521,31.9913621],[35.5370482,31.9911983],[35.5368658,31.9910619],[35.5367585,31.9908617],[35.5366834,31.9905432],[35.5365761,31.9904249],[35.5359646,31.9899426],[35.5356105,31.9895604],[35.5352243,31.9893511],[35.5350419,31.9892419],[35.534881,31.9891146],[35.5347522,31.9889326],[35.5347093,31.9887688],[35.5348273,31.988605],[35.5350097,31.9884321],[35.535396,31.9882683],[35.5355998,31.9882137],[35.5359324,31.9881955],[35.5364367,31.9882228],[35.5367371,31.9881864],[35.5369624,31.9880954],[35.5370589,31.9880044],[35.5370375,31.9877496],[35.5368229,31.9874493],[35.5366727,31.9871035],[35.536662,31.9868396],[35.5366191,31.9866667],[35.5364581,31.986512],[35.5362757,31.9864392],[35.5360826,31.9864301],[35.535868,31.9864392],[35.5353209,31.9864574],[35.5350205,31.9865484],[35.5344518,31.9867395],[35.5340441,31.9868032],[35.5337437,31.9868851],[35.5334541,31.9869579],[35.5332502,31.9869215],[35.5330249,31.986785],[35.5329176,31.9866394],[35.5329069,31.9863664],[35.5331,31.9859478],[35.5333253,31.9857021],[35.5340763,31.9854655],[35.5343016,31.9854018],[35.5349561,31.9851015],[35.5352458,31.9848467],[35.5354174,31.9846556],[35.5354925,31.9846192],[35.5356105,31.9843189],[35.5357071,31.9837547],[35.5359002,31.9830085],[35.5362006,31.9822987],[35.5366834,31.9815433],[35.537649,31.980697],[35.5379925,31.9804831],[35.5383893,31.9802693],[35.5387541,31.9801328],[35.539548,31.9799598],[35.5398806,31.9798142],[35.5401596,31.9796413],[35.5411252,31.9787404],[35.5412646,31.9785857],[35.5412968,31.9783126],[35.5414578,31.9780578],[35.5415238,31.9779885],[35.5418655,31.9776301],[35.541962,31.9773115],[35.5420049,31.9767291],[35.5420049,31.9765289],[35.5419298,31.9763378],[35.5417796,31.9763378],[35.5415972,31.9763701],[35.5414578,31.9762558],[35.541329,31.9761284],[35.5411895,31.9761284],[35.5411144,31.9762103],[35.5410715,31.9763833],[35.5409857,31.9764743],[35.5408033,31.9765016],[35.5406638,31.9763833],[35.5405673,31.9762285],[35.5403205,31.9760738],[35.5400737,31.9760738],[35.5399665,31.9761466],[35.5399343,31.9762558],[35.5398163,31.9763469],[35.5396339,31.976356],[35.5395802,31.9762831],[35.5395802,31.9760374],[35.5395802,31.975819],[35.539629,31.9754563],[35.539864,31.9750085],[35.5405834,31.9751827],[35.5405709,31.9748898],[35.5401288,31.9742642],[35.5400416,31.9738089],[35.5411236,31.9734987]]}},
{"type":"Feature","properties":{"river":"jordan","relationId":2246907,"wayId":560480556,"version":17,"endNodeIds":[9203539263,1930981622],"provenance":{"dataset":"OpenStreetMap","version":"overpass-attic:2026-10-08T00:00:00Z; way 560480556 v17","upstreamFeatureIds":["osm:way/560480556","osm:relation/2246907"],"changes":[{"kind":"overpass-attic-download","detail":"A main-stream way of the Jordan's waterway relation, as OpenStreetMap held it at 2026-10-08T00:00:00Z, read through Overpass. © OpenStreetMap contributors, ODbL 1.0.","sources":["osm:relation/2246907"]}]}},"geometry":{"type":"LineString","coordinates":[[35.5689116,32.245777],[35.5686557,32.2450473],[35.5683123,32.2435409],[35.5683445,32.2428967],[35.5682828,32.2426716],[35.5680012,32.2422433],[35.5677357,32.2419184],[35.5674433,32.2416807],[35.5671858,32.2415083],[35.5668318,32.2414357],[35.5665421,32.2414175],[35.5662631,32.2414175],[35.5660271,32.2414266],[35.5654692,32.241472],[35.5652332,32.2415355],[35.5649676,32.2416643],[35.564678,32.2418458],[35.5643534,32.2419529],[35.5639886,32.2420164],[35.5636131,32.2420981],[35.5634629,32.2421616],[35.5633583,32.2422723],[35.5633985,32.2425337],[35.563369,32.2427805],[35.5632376,32.2428513],[35.5629801,32.2428694],[35.5623149,32.2427787],[35.5619099,32.2425173],[35.5616524,32.2423722],[35.5614888,32.2422977],[35.5613708,32.2421435],[35.5611562,32.2419257],[35.5609953,32.2417714],[35.5608665,32.241472],[35.5609336,32.2413104],[35.561116,32.2410836],[35.5613091,32.2407841],[35.5616176,32.2405736],[35.5621647,32.2403921],[35.5624544,32.2401834],[35.5626287,32.2399765],[35.5628111,32.2397042],[35.5631759,32.2394955],[35.5633878,32.2394392],[35.5636909,32.239314],[35.5638947,32.2391597],[35.564281,32.238706],[35.5643212,32.2385136],[35.5643749,32.2382232],[35.5642703,32.2379982],[35.5641066,32.2378602],[35.5638304,32.2376987],[35.5635917,32.2374791],[35.5634736,32.2370979],[35.5630338,32.2366623],[35.5628299,32.2363447],[35.5627977,32.2360271],[35.5628299,32.2357276],[35.5630123,32.2353918],[35.5629801,32.2348473],[35.5628541,32.2340414],[35.5627334,32.2336766],[35.5624356,32.2334878],[35.5621969,32.2332501],[35.5621325,32.2327872],[35.562154,32.2324424],[35.5621459,32.2320267],[35.5620437,32.2313713],[35.5621696,32.2309506],[35.5624995,32.2307362],[35.562736,32.2308378],[35.5630552,32.2306999],[35.5630981,32.2304639],[35.5631947,32.2303005],[35.5633878,32.2301462],[35.5637633,32.2298468],[35.5639564,32.2296017],[35.5639135,32.2293113],[35.5639377,32.2290318],[35.5640664,32.2287867],[35.5644634,32.2284872],[35.5652359,32.2282603],[35.5655872,32.2283311],[35.5671456,32.2290862],[35.5672314,32.2291679],[35.5673602,32.2293313],[35.5675291,32.2297106],[35.5675399,32.2298921],[35.5676284,32.2300845],[35.5677464,32.2301299],[35.5678751,32.230139],[35.5680012,32.2300827],[35.5680897,32.2299938],[35.5682909,32.2298558],[35.5684947,32.2298649],[35.5686986,32.229992],[35.5690231,32.230021],[35.5692677,32.2300721],[35.5695354,32.2301281],[35.5698814,32.2302842],[35.5700826,32.2303731],[35.5702462,32.2303477],[35.5705252,32.2302116],[35.5708444,32.2302279],[35.5710804,32.2302007],[35.5712976,32.2299302],[35.5714344,32.2298831],[35.5717241,32.2298649],[35.5721747,32.2299375],[35.5723571,32.2298558],[35.5725744,32.2297487],[35.5727326,32.2294293],[35.5727326,32.229275],[35.5726817,32.229177],[35.572561,32.2291116],[35.5724108,32.2290481],[35.5723678,32.228912],[35.5724215,32.2286669],[35.5725315,32.2283874],[35.5724429,32.228204],[35.5722713,32.2279227],[35.5719843,32.2277158],[35.5714801,32.2273],[35.5707505,32.2269261],[35.5703401,32.22677],[35.5702221,32.22677],[35.5699673,32.2267446],[35.5697527,32.2266539],[35.5692243,32.2261619],[35.5690634,32.2258987],[35.5686664,32.2257989],[35.5684518,32.2257535],[35.568197,32.2258098],[35.5680012,32.2259078],[35.5677115,32.2258534],[35.5674674,32.225719],[35.5672529,32.2255194],[35.5671429,32.2253451],[35.5671107,32.2251363],[35.5671134,32.225002],[35.5669712,32.224855],[35.5667808,32.2247025],[35.5665957,32.2245918],[35.5664133,32.2242378],[35.5664133,32.2239746],[35.5664133,32.2236841],[35.5665984,32.2234954],[35.5670276,32.2229689],[35.5674862,32.2222501],[35.5676686,32.2217781],[35.5677437,32.2212698],[35.5676579,32.2208432],[35.5674031,32.2204638],[35.5671027,32.22001],[35.566982,32.2199356],[35.5667781,32.219872],[35.5665528,32.2196088],[35.5665421,32.2194454],[35.5665662,32.2192022],[35.5668023,32.218712],[35.5670276,32.2183489],[35.5671322,32.2182836],[35.567328,32.2183126],[35.5674996,32.2183399],[35.5676713,32.2183036],[35.5678832,32.2181656],[35.5680683,32.218004],[35.5681434,32.2178588],[35.5682158,32.2176754],[35.5682399,32.2174503],[35.5684089,32.2172307],[35.56883,32.2169057],[35.5691411,32.2167514],[35.5694308,32.2166334],[35.5695783,32.216323],[35.5696213,32.2160053],[35.5696105,32.2156331],[35.5696105,32.2154425],[35.5694281,32.2152428],[35.5693209,32.2150613],[35.5692458,32.2145711],[35.5690339,32.2139738],[35.5689346,32.2138267],[35.5688059,32.2136815],[35.5687978,32.2135744],[35.5688702,32.213382],[35.568999,32.2132367],[35.5693209,32.2130733],[35.5695891,32.2129644],[35.5699887,32.2130842],[35.5705547,32.2133457],[35.5711126,32.2134909],[35.57148,32.2135109],[35.571877,32.2134746],[35.572392,32.213293],[35.5728104,32.2131568],[35.5735266,32.2127919],[35.5737948,32.2124651],[35.5738484,32.2122564],[35.5738357,32.2122079],[35.5738055,32.212093],[35.5737867,32.2119495],[35.5739235,32.2117117],[35.5739021,32.2112669],[35.5737224,32.2108149],[35.573548,32.2105044],[35.5731537,32.2102248],[35.5728185,32.2099779],[35.5725824,32.2098962],[35.5722069,32.2098508],[35.5716088,32.2098254],[35.5714559,32.2099053],[35.5712413,32.2100687],[35.5710697,32.2103047],[35.5710831,32.2105516],[35.5711555,32.2107404],[35.5710294,32.2108239],[35.5706968,32.2109601],[35.570096,32.211187],[35.5696883,32.2115864],[35.5694496,32.2118479],[35.5692136,32.211857],[35.5689561,32.2119114],[35.5686557,32.2119659],[35.5684304,32.2118933],[35.5681326,32.2117498],[35.5679717,32.2116046],[35.5678081,32.2114666],[35.5677142,32.2112778],[35.5674782,32.210951],[35.5673253,32.2107586],[35.5672609,32.2105498],[35.5668854,32.2101231],[35.5667674,32.2099053],[35.5667459,32.2097328],[35.5667915,32.2095349],[35.5669498,32.2092244],[35.5674219,32.2088795],[35.5676579,32.2087342],[35.5676579,32.2085527],[35.567615,32.208244],[35.5676391,32.2077557],[35.567564,32.2075287],[35.5671858,32.2072636],[35.5670785,32.2072999],[35.5669203,32.2073018],[35.5668532,32.2072273],[35.566821,32.2070367],[35.5666923,32.2067462],[35.5664026,32.20661],[35.5661558,32.2064829],[35.5658769,32.2063831],[35.5656114,32.2063849],[35.565437,32.2064466],[35.5652332,32.2064012],[35.5639994,32.2056387],[35.5633771,32.2052029],[35.5631196,32.2050758],[35.563015,32.2049233],[35.5627655,32.2044767],[35.5627226,32.2041226],[35.5627655,32.203941],[35.562787,32.2037322],[35.5627334,32.2034871],[35.5627897,32.2031803],[35.5628836,32.2029969],[35.5630445,32.2028516],[35.5632725,32.2027264],[35.5634978,32.2027354],[35.5636989,32.2027972],[35.5639243,32.2026792],[35.5646645,32.2022343],[35.5649354,32.2020455],[35.5650722,32.2018439],[35.5651473,32.2015988],[35.5651259,32.2013083],[35.5650722,32.2011631],[35.5650615,32.2010269],[35.5652761,32.2008544],[35.5654263,32.2006637],[35.565555,32.2001009],[35.5656409,32.1998648],[35.5656409,32.1995924],[35.565555,32.1991748],[35.565598,32.1989751],[35.5659842,32.1985393],[35.5661666,32.1982125],[35.566298,32.197833],[35.5665099,32.197577],[35.5667137,32.1972229],[35.566864,32.1970322],[35.5670249,32.1969233],[35.5672824,32.1969323],[35.5674433,32.1970685],[35.5676364,32.1972229],[35.5677679,32.1972973],[35.5679824,32.1973155],[35.5683874,32.1973046],[35.5686664,32.1972683],[35.5689561,32.1972683],[35.5691841,32.1973246],[35.5693423,32.1973772],[35.569463,32.1975788],[35.5695998,32.197813],[35.5697929,32.1977858],[35.5698573,32.197577],[35.5699217,32.197232],[35.5701684,32.1966963],[35.5701899,32.1964875],[35.5701282,32.1962805],[35.5699646,32.1961879],[35.5698466,32.1958973],[35.5699324,32.1953708],[35.5697393,32.194944],[35.569514,32.1947352],[35.5692994,32.1943085],[35.5689453,32.1938545],[35.5688273,32.1935186],[35.5687522,32.1932916],[35.5688381,32.1931282],[35.5691304,32.1929393],[35.5697822,32.1927014],[35.5701041,32.1923201],[35.5703186,32.1920205],[35.570332,32.1916591],[35.5699458,32.1913413],[35.5697715,32.1912033],[35.5695703,32.1910236],[35.5688755,32.1906318]]}},
{"type":"Feature","properties":{"river":"jordan","relationId":2246907,"wayId":201666337,"version":28,"endNodeIds":[1210160956,9203539263],"provenance":{"dataset":"OpenStreetMap","version":"overpass-attic:2026-10-08T00:00:00Z; way 201666337 v28","upstreamFeatureIds":["osm:way/201666337","osm:relation/2246907"],"changes":[{"kind":"overpass-attic-download","detail":"A main-stream way of the Jordan's waterway relation, as OpenStreetMap held it at 2026-10-08T00:00:00Z, read through Overpass. © OpenStreetMap contributors, ODbL 1.0.","sources":["osm:relation/2246907"]}]}},"geometry":{"type":"LineString","coordinates":[[35.5549603,32.3890173],[35.5550193,32.3888676],[35.5551028,32.388468],[35.555457,32.3881009],[35.5562773,32.3878728],[35.5566608,32.387418],[35.5570149,32.3869741],[35.5577364,32.3863326],[35.5585598,32.3859322],[35.5587449,32.3858615],[35.5591311,32.3859159],[35.5595603,32.3861243],[35.5596434,32.3863037],[35.5597856,32.3865229],[35.5600511,32.386512],[35.5603006,32.3863689],[35.5604374,32.3861677],[35.5606198,32.3860862],[35.5610731,32.386088],[35.562036,32.3854792],[35.5624544,32.3851711],[35.5627012,32.3848903],[35.5628943,32.3845279],[35.5629399,32.3842579],[35.5632591,32.3840386],[35.5633905,32.3838502],[35.5633047,32.3837414],[35.5630874,32.3835403],[35.5629157,32.3832504],[35.5629399,32.3829169],[35.5630445,32.3823715],[35.5629801,32.3821812],[35.5627468,32.3817935],[35.5621755,32.3811121],[35.5620172,32.3808149],[35.5619206,32.3806337],[35.5617704,32.3804434],[35.5614673,32.3802695],[35.5612447,32.3802803],[35.5611053,32.38038],[35.560719,32.3804797],[35.5606439,32.3805884],[35.5602362,32.3807606],[35.5601048,32.3807859],[35.5598473,32.3808493],[35.5595576,32.3809128],[35.5593538,32.3808947],[35.5592787,32.3809309],[35.5591714,32.3809218],[35.5590748,32.3808675],[35.5589783,32.3806047],[35.5589353,32.3801879],[35.5589353,32.3797711],[35.5588924,32.3795356],[35.5588415,32.379329],[35.5589353,32.3791459],[35.5593752,32.3784936],[35.5598044,32.3780496],[35.5600082,32.377814],[35.560373,32.3777415],[35.5605259,32.3777886],[35.5607834,32.3777796],[35.5610945,32.3777615],[35.561285,32.3777778],[35.5614593,32.3778611],[35.5615639,32.378113],[35.5617678,32.3783214],[35.5619743,32.3783595],[35.562154,32.3783667],[35.5623042,32.378403],[35.5623793,32.3785207],[35.5624464,32.3787219],[35.5626073,32.3788034],[35.5627334,32.3788198],[35.5628943,32.3787835],[35.563023,32.3786929],[35.5629828,32.3783051],[35.563023,32.3780768],[35.5630338,32.3778865],[35.563023,32.3777596],[35.5629801,32.3775241],[35.5630874,32.3772522],[35.5630767,32.3769985],[35.5629801,32.3767539],[35.5629801,32.3764277],[35.5631866,32.3760036],[35.5633449,32.3757209],[35.5634307,32.3756394],[35.5635917,32.3752226],[35.5637633,32.3750141],[35.5638384,32.3747695],[35.5638062,32.3740537],[35.5638599,32.3737728],[35.5639779,32.3733559],[35.5639377,32.3727959],[35.563766,32.3724879],[35.5633985,32.3719786],[35.5632913,32.3716343],[35.5632269,32.3713081],[35.5633127,32.3710453],[35.5636024,32.3705288],[35.5637526,32.370121],[35.5637969,32.3698671],[35.5638947,32.3693072],[35.5636802,32.3687001],[35.5631196,32.3675474],[35.562508,32.3665234],[35.5623176,32.3662806],[35.5618643,32.36588],[35.5616927,32.3655447],[35.5616712,32.3649194],[35.5613922,32.3638773],[35.561242,32.3635964],[35.5610167,32.363397],[35.5607512,32.3634079],[35.5599358,32.3638338],[35.5591606,32.3643123],[35.5584445,32.3652113],[35.5582621,32.3655194],[35.5580341,32.3658075],[35.5577471,32.3660178],[35.5575084,32.3661247],[35.5574118,32.3661881],[35.5571329,32.3663966],[35.5568995,32.3666431],[35.5564999,32.3668678],[35.5560493,32.366904],[35.5556845,32.3668406],[35.5555987,32.3667591],[35.5549684,32.3667337],[35.5541074,32.3667772],[35.5538096,32.3668152],[35.5534127,32.3667609],[35.5530989,32.3665959],[35.5529057,32.3662335],[35.5529701,32.3659616],[35.5536675,32.3653726],[35.5543112,32.3640314],[35.5542683,32.3636689],[35.5542361,32.3628986],[35.5539464,32.362237],[35.5536353,32.3616208],[35.5535602,32.3611948],[35.5535817,32.3606964],[35.5537345,32.3597013],[35.5539459,32.359047],[35.5547216,32.3581969],[35.5554479,32.3581951],[35.5563277,32.3579594],[35.5567139,32.3573975],[35.5569714,32.3567994],[35.5566957,32.3564568],[35.5555584,32.3558858],[35.5552017,32.3557299],[35.554904,32.3555233],[35.5547216,32.3553058],[35.5546036,32.3550973],[35.5546867,32.3548418],[35.5549442,32.3545427],[35.5552232,32.3542617],[35.5557811,32.3536726],[35.5558748,32.3535269],[35.5560305,32.3532847],[35.5562317,32.3528297],[35.556339,32.3524853],[35.556693,32.352159],[35.5567896,32.3516968],[35.5574682,32.3507016],[35.5581092,32.349739],[35.5585598,32.3494037],[35.5595898,32.3482888],[35.5595683,32.3480985],[35.5594852,32.3475383],[35.5593323,32.3473915],[35.5588093,32.3472392],[35.5584204,32.3472646],[35.5578732,32.3473099],[35.5576372,32.3473009],[35.5573689,32.3472102],[35.5570927,32.3470036],[35.5568781,32.3465957],[35.5561995,32.3455334],[35.5558562,32.3451708],[35.5551937,32.3445472],[35.5547296,32.3443097],[35.554507,32.3439127],[35.5542147,32.3438384],[35.5539786,32.3437477],[35.5538391,32.3434758],[35.5537882,32.3429791],[35.5540349,32.3425077],[35.5542147,32.3419711],[35.5547618,32.3409468],[35.5550864,32.3407039],[35.5554699,32.3402126],[35.5556195,32.3397604],[35.5556738,32.3395962],[35.5556094,32.3390795],[35.5555343,32.3385628],[35.5556309,32.335943],[35.5559635,32.3346377],[35.5562987,32.334431],[35.5564382,32.334431],[35.5566099,32.3343766],[35.5567467,32.334266],[35.5570363,32.3340575],[35.5572214,32.3339143],[35.5573153,32.3337674],[35.5572536,32.3336876],[35.5570578,32.3335045],[35.557039,32.3332978],[35.5571114,32.3331147],[35.5572643,32.3329443],[35.5573046,32.3327883],[35.5572536,32.332627],[35.5572,32.3323913],[35.5573904,32.3318637],[35.5573904,32.3313016],[35.5572751,32.3309045],[35.5571785,32.3307232],[35.5570283,32.3306326],[35.5567467,32.3307577],[35.5565857,32.3307214],[35.5564597,32.3305782],[35.5562424,32.3304948],[35.5553117,32.3302155],[35.55503,32.329978],[35.5546975,32.3297423],[35.5545365,32.3293434],[35.5544748,32.3285384],[35.5548155,32.3278929],[35.55503,32.3275484],[35.5552017,32.3271495],[35.5552554,32.3260525],[35.55514,32.3255375],[35.5549362,32.3252021],[35.5545177,32.3245947],[35.553807,32.3240035],[35.5532491,32.3231422],[35.5530559,32.3219092],[35.5531954,32.3215284],[35.5535817,32.3212383],[35.5538526,32.3213217],[35.55411,32.3214849],[35.5545177,32.3215937],[35.5552902,32.3215937],[35.5556443,32.3215937],[35.5560707,32.3213924],[35.5564677,32.3212655],[35.5567037,32.3209844],[35.5568003,32.3206308],[35.5568754,32.3202863],[35.5575433,32.3199708],[35.558989,32.3192346],[35.5591261,32.3191137],[35.5602121,32.3181556],[35.5609309,32.3172036],[35.5613922,32.3158073],[35.5614271,32.3155371],[35.5612957,32.3151363],[35.5610275,32.3144472],[35.561242,32.3132322],[35.561504,32.312729],[35.5618455,32.3120734],[35.5625188,32.3112555],[35.5630659,32.3107295],[35.5636238,32.3102127],[35.563774,32.3096868],[35.5637767,32.3092624],[35.5634844,32.3087619],[35.5629721,32.3082287],[35.5627682,32.3080836],[35.5624115,32.3077916],[35.5621111,32.3075014],[35.5617597,32.306932],[35.561285,32.3065311],[35.5604588,32.3059599],[35.560137,32.3056878],[35.5598902,32.305316],[35.5600726,32.3047629],[35.560373,32.304246],[35.5605125,32.3040555],[35.5603408,32.3038198],[35.5601477,32.303584],[35.5598902,32.3031396],[35.5594289,32.3026772],[35.558466,32.3023072],[35.5576908,32.3020424],[35.5574655,32.3020152],[35.5570042,32.3018247],[35.5566716,32.3015527],[35.556457,32.3013713],[35.5562424,32.3010267],[35.5561888,32.3003465],[35.5561888,32.3001017],[35.55606,32.299748],[35.5555692,32.299242],[35.5552875,32.2988956],[35.5550649,32.2982988],[35.5551481,32.2978164],[35.5555236,32.2975171],[35.5566716,32.297109],[35.5573394,32.2970655],[35.5581414,32.2967825],[35.5590641,32.2964016],[35.5593994,32.2961858],[35.5598902,32.2958665],[35.5602872,32.2956035],[35.5605876,32.2953224],[35.5609229,32.2951791],[35.5613198,32.2951065],[35.561867,32.2952244],[35.5623686,32.2950775],[35.5627012,32.2941887],[35.5627452,32.294101],[35.5628514,32.2938894],[35.5630686,32.2937371],[35.5633798,32.2936736],[35.5635487,32.2935992],[35.563774,32.2934088],[35.5637204,32.2932183],[35.5636131,32.2930007],[35.5636453,32.2928011],[35.5636024,32.2925018],[35.5637445,32.2921409],[35.5637767,32.2919141],[35.5639564,32.2916402],[35.5644178,32.291223],[35.5656006,32.2901546],[35.5659627,32.2899986],[35.5661478,32.2898372],[35.5661773,32.2896449],[35.5661666,32.2893728],[35.5663168,32.2887652],[35.5664992,32.2878763],[35.5664884,32.2875135],[35.5666279,32.2871689],[35.566931,32.2862274],[35.5670463,32.2859716],[35.5671214,32.2857358],[35.567218,32.2854546],[35.5672716,32.284983],[35.5672931,32.284466],[35.5676686,32.2841666],[35.5677008,32.2839308],[35.5677652,32.2836587],[35.5677142,32.2834973],[35.5676042,32.2832415],[35.567497,32.2823707],[35.5670598,32.2812841],[35.5665957,32.280738],[35.565834,32.2798128],[35.5655658,32.279704],[35.5651259,32.2797221],[35.5647718,32.2796042],[35.5641388,32.2792414],[35.5636051,32.2789348],[35.5633878,32.2786518],[35.563141,32.2781982],[35.5630445,32.2776812],[35.5631732,32.2771914],[35.5632591,32.2767378],[35.5633476,32.2763223],[35.5635166,32.2758942],[35.5634549,32.2756692],[35.5633234,32.2754679],[35.5632145,32.2752719],[35.5630659,32.2750415],[35.562897,32.274871],[35.5626797,32.2745879],[35.5623283,32.2743448],[35.5618455,32.2741362],[35.56147,32.2740092],[35.560955,32.2738006],[35.5598795,32.2737715],[35.5594611,32.2737897],[35.5590131,32.2738096],[35.5587664,32.2739185],[35.5584016,32.2739638],[35.5581521,32.2738804],[35.5577579,32.2736736],[35.557605,32.2735175],[35.5574548,32.2732091],[35.5575406,32.2727918],[35.5575933,32.2725689],[35.5576801,32.2722022],[35.5579054,32.2718575],[35.5579161,32.271676],[35.557959,32.2713858],[35.5580985,32.2710047],[35.5582916,32.2702972],[35.5585947,32.2696912],[35.5587342,32.2693011],[35.5588602,32.2689455],[35.5590346,32.2688294],[35.5596676,32.2685572],[35.5598178,32.268403],[35.5599439,32.2681109],[35.5600726,32.2677026],[35.560019,32.2673488],[35.5598151,32.2667229],[35.5596247,32.2662801],[35.5594825,32.2661785],[35.559386,32.266106],[35.5593001,32.2659427],[35.5592358,32.2658247],[35.5593752,32.2656342],[35.5594289,32.265353],[35.5594932,32.265099],[35.5596327,32.2647905],[35.5598473,32.2646181],[35.5600726,32.2646181],[35.5602764,32.2643823],[35.560491,32.264228],[35.5607807,32.2642643],[35.5613627,32.2643387],[35.5623257,32.264101],[35.5626717,32.2638488],[35.5628836,32.263593],[35.563133,32.2634587],[35.5635487,32.263348],[35.563817,32.263094],[35.5639135,32.2628944],[35.5638921,32.2626041],[35.5645036,32.2617331],[35.5649113,32.2612432],[35.5648898,32.2609347],[35.5645036,32.2605083],[35.5644285,32.2603087],[35.5643856,32.2600547],[35.5644822,32.259592],[35.5646002,32.2587936],[35.564399,32.2582329],[35.5635085,32.257371],[35.5631866,32.2571714],[35.5630981,32.2571423],[35.5628836,32.2571423],[35.5626717,32.2570988],[35.562508,32.2570062],[35.5624008,32.2568883],[35.56239,32.2566705],[35.5623042,32.255981],[35.5622425,32.2550845],[35.562382,32.2543224],[35.5625402,32.2535947],[35.5625831,32.2533407],[35.5625536,32.2530975],[35.5627763,32.2527237],[35.5629372,32.252397],[35.5629587,32.2521974],[35.5629801,32.2519615],[35.5628299,32.2517437],[35.562669,32.2514534],[35.5626153,32.2510179],[35.5626582,32.250909],[35.5628192,32.2506549],[35.5631947,32.2503192],[35.563935,32.2499018],[35.5648577,32.249439],[35.5653405,32.2492304],[35.5655041,32.2492049],[35.5657052,32.2492848],[35.5658152,32.2493864],[35.5658474,32.2496405],[35.5657696,32.2501468],[35.5657508,32.2504208],[35.5659547,32.2505116],[35.5662765,32.2506204],[35.5664563,32.2507184],[35.5667459,32.2509997],[35.5669203,32.251183],[35.5671429,32.2511903],[35.5673494,32.2511921],[35.5677437,32.2513717],[35.5681541,32.2515641],[35.5688381,32.2518163],[35.5691626,32.2518182],[35.5696454,32.2518],[35.570147,32.2516712],[35.5704823,32.2515278],[35.5707478,32.251408],[35.5710804,32.2510542],[35.5711126,32.250909],[35.571016,32.2507547],[35.5708792,32.2506295],[35.57078,32.2504825],[35.5707907,32.2502466],[35.570898,32.2499018],[35.5707907,32.2494753],[35.5706727,32.2488402],[35.5707371,32.2481778],[35.5707585,32.2474156],[35.5707156,32.2471161],[35.5706512,32.2469619],[35.5705144,32.2467822],[35.5699217,32.2466443],[35.5696347,32.2466098],[35.5694094,32.2465554],[35.569235,32.2464265],[35.5690312,32.246118],[35.5689116,32.245777]]}},
{"type":"Feature","properties":{"river":"jordan","relationId":2246907,"wayId":125513993,"version":41,"endNodeIds":[250392194,1210160956],"provenance":{"dataset":"OpenStreetMap","version":"overpass-attic:2026-10-08T00:00:00Z; way 125513993 v41","upstreamFeatureIds":["osm:way/125513993","osm:relation/2246907"],"changes":[{"kind":"overpass-attic-download","detail":"A main-stream way of the Jordan's waterway relation, as OpenStreetMap held it at 2026-10-08T00:00:00Z, read through Overpass. © OpenStreetMap contributors, ODbL 1.0.","sources":["osm:relation/2246907"]}]}},"geometry":{"type":"LineString","coordinates":[[35.5640611,32.6477111],[35.5637203,32.6477045],[35.5628138,32.6473597],[35.561993,32.6468734],[35.5614834,32.6463991],[35.561022,32.6459068],[35.5609309,32.6456177],[35.5609684,32.6451705],[35.5611722,32.6450486],[35.561419,32.6449205],[35.5623256,32.6445652],[35.5645143,32.6442581],[35.5653887,32.6442626],[35.565732,32.6442762],[35.5666708,32.6441677],[35.5669283,32.6441074],[35.5672877,32.6440216],[35.567513,32.6438922],[35.5676525,32.6435609],[35.5677168,32.6427675],[35.5678349,32.642248],[35.5679421,32.6418911],[35.5677705,32.6407302],[35.5675291,32.6402604],[35.5671321,32.6399668],[35.5668639,32.6397635],[35.5666386,32.6396174],[35.5665528,32.6393976],[35.5663382,32.6391808],[35.5660485,32.639104],[35.565909,32.6391356],[35.5657105,32.6391492],[35.5654906,32.638973],[35.5648844,32.638842],[35.564171,32.6387923],[35.5637955,32.6388194],[35.5626367,32.6388465],[35.5620037,32.6386387],[35.5613278,32.6382758],[35.5608987,32.6380379],[35.5606251,32.6376856],[35.5605607,32.6372293],[35.560668,32.6369763],[35.5607538,32.6367805],[35.5612044,32.6365517],[35.5614054,32.6364616],[35.5617623,32.6363017],[35.5622398,32.6361993],[35.5625241,32.6364236],[35.5628781,32.636514],[35.5634575,32.6364026],[35.5637257,32.636231],[35.5641066,32.6360232],[35.5646108,32.6354704],[35.5654262,32.6351362],[35.5664884,32.6348351],[35.5670677,32.634573],[35.5676632,32.6340852],[35.567867,32.6329558],[35.5677383,32.6326892],[35.5674164,32.6321817],[35.5671911,32.6316456],[35.5669766,32.6309815],[35.5665903,32.6300238],[35.566188,32.6296262],[35.5659895,32.6294952],[35.5654316,32.6291338],[35.5650615,32.6290886],[35.5644928,32.6292874],[35.5642836,32.629432],[35.5639188,32.6294003],[35.5634736,32.6290841],[35.5628513,32.6281805],[35.5625619,32.6273918],[35.5624222,32.6268794],[35.5623259,32.6267797],[35.5619072,32.6263463],[35.5614083,32.625402],[35.5613707,32.6246882],[35.5615102,32.6245662],[35.5616872,32.6245074],[35.5619501,32.6244849],[35.5630552,32.6247062],[35.5637364,32.6249034],[35.5640047,32.624887],[35.5642622,32.6248011],[35.5645089,32.6246385],[35.564745,32.6243403],[35.5663328,32.6226218],[35.567175,32.622271],[35.5677522,32.6216622],[35.5679314,32.6211866],[35.5681245,32.6206851],[35.5685108,32.6192212],[35.5692403,32.6179861],[35.5700235,32.6171021],[35.5703508,32.6169259],[35.5705761,32.6165192],[35.571649,32.6151682],[35.5723302,32.6141244],[35.5724973,32.6131274],[35.5726146,32.6122176],[35.5725453,32.6114342],[35.5725287,32.611246],[35.5726253,32.610627],[35.5727272,32.6099356],[35.572518,32.6096283],[35.5723892,32.6092985],[35.5723517,32.6090273],[35.5724375,32.6082953],[35.5724804,32.6074593],[35.5724214,32.6070752],[35.5724643,32.6065691],[35.5722176,32.6058822],[35.5719065,32.6055026],[35.5708121,32.6052676],[35.5697768,32.6049377],[35.5692213,32.6047498],[35.5683606,32.6044587],[35.5670892,32.6043096],[35.5668371,32.6042192],[35.5666547,32.6041288],[35.566483,32.6037582],[35.566306,32.6033606],[35.5663114,32.6025245],[35.5662738,32.6012818],[35.566247,32.6010287],[35.5668371,32.6008418],[35.5670302,32.6007214],[35.5670999,32.6005587],[35.567116,32.5996142],[35.5669229,32.5991035],[35.5669819,32.5985702],[35.5671845,32.5979749],[35.5672501,32.5977822],[35.567057,32.5969929],[35.5670463,32.5967624],[35.5670999,32.5966449],[35.5677812,32.5962954],[35.5684947,32.5960484],[35.5689936,32.5961433],[35.5691545,32.5961885],[35.5693637,32.5963857],[35.56953,32.5968167],[35.5697446,32.5970094],[35.57034,32.5976302],[35.5707853,32.5978862],[35.5714827,32.598189],[35.5722551,32.5982387],[35.5728989,32.5980414],[35.5732368,32.5980234],[35.5736499,32.5980579],[35.573961,32.598189],[35.5748515,32.5981935],[35.5754845,32.5981725],[35.5767559,32.5980866],[35.5772601,32.5978516],[35.5777644,32.5974855],[35.5781453,32.5968512],[35.5781506,32.5965545],[35.57792,32.5959806],[35.5775498,32.595506],[35.5773084,32.595045],[35.577244,32.592948],[35.5767398,32.5918723],[35.576654,32.5914926],[35.5765681,32.5904938],[35.5763428,32.589861],[35.576316,32.5894542],[35.5764179,32.5889842],[35.5759727,32.5879762],[35.5758332,32.5869321],[35.5757849,32.585879],[35.5759566,32.5849659],[35.5761122,32.5847535],[35.5764394,32.5842592],[35.5766808,32.5833252],[35.5768954,32.5828264],[35.5772655,32.5825567],[35.577582,32.5822765],[35.577877,32.581151],[35.5779736,32.5807667],[35.5779146,32.5802334],[35.5777805,32.5796954],[35.5774747,32.5794814],[35.5773406,32.5792841],[35.5771636,32.5788954],[35.5769705,32.5785744],[35.5768524,32.5776206],[35.5767827,32.5772771],[35.5767827,32.5766171],[35.5767773,32.5756226],[35.5767022,32.574506],[35.5766379,32.5736697],[35.5767237,32.5723813],[35.5764126,32.5713581],[35.5766164,32.5703517],[35.576717,32.5685147],[35.5763857,32.5674582],[35.5759834,32.5667168],[35.5754309,32.5660386],[35.5750715,32.5658713],[35.5745511,32.5657221],[35.57402,32.5657312],[35.5737625,32.5659346],[35.5732261,32.5663325],[35.5721371,32.5668253],[35.5713271,32.5669383],[35.5709194,32.5668614],[35.5705063,32.5666037],[35.5704304,32.5664544],[35.5703615,32.5663189],[35.5703186,32.5657447],[35.5704688,32.5650982],[35.57056,32.564931],[35.5704849,32.5648315],[35.5703561,32.564827],[35.5703776,32.5646009],[35.5705493,32.5644427],[35.5707638,32.5641759],[35.5709891,32.5637917],[35.5711662,32.5636922],[35.5716543,32.5630215],[35.5727648,32.5616532],[35.5737143,32.5604731],[35.5746906,32.5598853],[35.5751895,32.5594513],[35.5760746,32.5582577],[35.5767773,32.5575297],[35.5773031,32.5571709],[35.5773352,32.5568515],[35.5772387,32.5565621],[35.5770241,32.5563225],[35.5762731,32.5554318],[35.5758708,32.5549344],[35.5758332,32.554636],[35.5758225,32.5542381],[35.5759673,32.5537995],[35.5762087,32.5535101],[35.5764662,32.5532553],[35.5766593,32.5531981],[35.5770831,32.5530353],[35.5772977,32.5525696],[35.5773674,32.5522169],[35.5773191,32.5520044],[35.577126,32.5518959],[35.5769131,32.5518637],[35.5767666,32.5518416],[35.5763965,32.5516291],[35.5760424,32.5512538],[35.5756133,32.551091],[35.5752914,32.5511181],[35.5750768,32.5511543],[35.5749052,32.5511046],[35.5748783,32.5509237],[35.5747335,32.5508287],[35.5744545,32.5507564],[35.5743097,32.5505529],[35.5740522,32.5502545],[35.5738108,32.5500058],[35.5736499,32.5496621],[35.5733817,32.5494315],[35.5730437,32.5491451],[35.5727755,32.5490245],[35.5725609,32.5490472],[35.572282,32.5491466],[35.5720245,32.5492778],[35.5716972,32.549635],[35.5714022,32.5500736],[35.570973,32.5511572],[35.5709784,32.5514075],[35.571193,32.5514692],[35.5713056,32.5516094],[35.5713915,32.5517557],[35.571708,32.5519802],[35.5716651,32.5521355],[35.5715631,32.5522847],[35.5712895,32.5523164],[35.5710052,32.5523028],[35.5707638,32.5522666],[35.5705546,32.5522395],[35.5704098,32.5522832],[35.5701898,32.5522757],[35.5700772,32.552244],[35.5699323,32.552244],[35.56975,32.5521853],[35.5694174,32.5521626],[35.5691813,32.5521039],[35.5690097,32.5519185],[35.5689775,32.5518054],[35.5689346,32.5517557],[35.568897,32.5516788],[35.5689721,32.5516004],[35.5690204,32.5515477],[35.5690097,32.5514663],[35.5687844,32.5513352],[35.5684947,32.5511618],[35.5683713,32.5509327],[35.5683606,32.5505032],[35.5683713,32.5501851],[35.5684142,32.5499425],[35.568441,32.5496395],[35.5683337,32.5493863],[35.568205,32.5492913],[35.5681567,32.5491738],[35.568205,32.5490562],[35.5682908,32.5489658],[35.5686234,32.548916],[35.5687897,32.5488934],[35.5690901,32.5488211],[35.5692993,32.5488527],[35.5695354,32.5489386],[35.5698572,32.5491195],[35.5700235,32.5490698],[35.5703025,32.5488618],[35.5706726,32.5486176],[35.570973,32.5483689],[35.5711393,32.5480569],[35.5715846,32.5470847],[35.5717348,32.5466008],[35.5718474,32.5460763],[35.5717938,32.5457869],[35.5716543,32.545615],[35.5715363,32.5454115],[35.5714934,32.5452035],[35.5713807,32.5450452],[35.571193,32.5450226],[35.5710535,32.5449955],[35.5709623,32.5449503],[35.5707692,32.5449984],[35.5706619,32.5450708],[35.5705707,32.5450679],[35.5704956,32.5450045],[35.5704581,32.5449232],[35.5704151,32.5448598],[35.5703454,32.5448282],[35.5702274,32.5448327],[35.5700986,32.5447694],[35.5700396,32.544697],[35.5698465,32.5444664],[35.5696427,32.5442268],[35.5694978,32.5439057],[35.5695407,32.5437248],[35.5696266,32.5435032],[35.5697178,32.5433992],[35.569868,32.5433524],[35.5701201,32.5431821],[35.5704259,32.5426214],[35.5706512,32.5422913],[35.5706834,32.5420471],[35.5706673,32.5417803],[35.5706673,32.5415632],[35.5707907,32.5413446],[35.5708228,32.5412647],[35.5709462,32.5412376],[35.5710481,32.5412014],[35.5711662,32.5410929],[35.5712627,32.5409934],[35.571429,32.5409256],[35.571649,32.540704],[35.5717938,32.5406135],[35.5719011,32.5404643],[35.5717831,32.5402698],[35.5716651,32.5401477],[35.5715095,32.5401297],[35.5711983,32.5401387],[35.5709838,32.5401116],[35.5705761,32.5400663],[35.5701791,32.5400799],[35.5699484,32.540089],[35.5696534,32.5400392],[35.569471,32.5399578],[35.5693047,32.5398221],[35.5690258,32.539587],[35.568543,32.5391755],[35.5683177,32.5390126],[35.567851,32.538877],[35.5672233,32.5388544],[35.5664401,32.538981],[35.5662524,32.5390714],[35.5659144,32.5392688],[35.5656945,32.5394694],[35.5655174,32.5397407],[35.5653726,32.5400437],[35.5653672,32.5402563],[35.5651312,32.5407221],[35.5650185,32.5411246],[35.5651044,32.5430856],[35.5649381,32.5436615],[35.5648254,32.5441725],[35.5645787,32.5445885],[35.5640368,32.5450679],[35.5635594,32.5452924],[35.5632268,32.545312],[35.5627387,32.5452306],[35.5624222,32.5452713],[35.5615209,32.5451447],[35.5612688,32.5450346],[35.561183,32.5449367],[35.5611079,32.5447558],[35.5610274,32.5442539],[35.5611293,32.54377],[35.5613064,32.5433585],[35.5612742,32.5431776],[35.5613171,32.5430329],[35.5614566,32.5426983],[35.5618589,32.5424541],[35.5620788,32.5422641],[35.562405,32.5421783],[35.5624973,32.542154],[35.5627387,32.5418646],[35.5630391,32.541435],[35.5631571,32.5408713],[35.5633073,32.5403648],[35.5631571,32.5399895],[35.5630873,32.539388],[35.5629801,32.5389493],[35.5628084,32.5387549],[35.5624383,32.5386509],[35.5621486,32.5386554],[35.5616926,32.5386237],[35.5614566,32.5385559],[35.5610381,32.5387081],[35.560845,32.5387458],[35.560668,32.5385378],[35.5604963,32.5383388],[35.5603783,32.5381851],[35.5602442,32.5377871],[35.5601959,32.537362],[35.5600725,32.5368781],[35.5600135,32.5365932],[35.5600082,32.5362359],[35.5600243,32.5360052],[35.5602067,32.535363],[35.5602281,32.5350284],[35.5602871,32.5346892],[35.5602657,32.5345309],[35.5601369,32.5343409],[35.5600672,32.5341827],[35.5598955,32.5340425],[35.5598741,32.5339384],[35.5598365,32.5336761],[35.5598848,32.5334636],[35.559976,32.5333127],[35.5601906,32.5330972],[35.5601584,32.5329751],[35.5600243,32.5329118],[35.5598204,32.5326359],[35.5598151,32.5322424],[35.5595737,32.5320389],[35.5594556,32.5319168],[35.5592357,32.5318218],[35.5592089,32.5317042],[35.5593966,32.5316183],[35.5595361,32.5314329],[35.5596166,32.531347],[35.5598151,32.531169],[35.5599813,32.5311057],[35.5599921,32.5309851],[35.5600725,32.5308268],[35.5603086,32.5307409],[35.5605339,32.5306821],[35.560727,32.5306353],[35.5609416,32.530685],[35.5611562,32.5307393],[35.5613761,32.5307619],[35.5620413,32.5308614],[35.562508,32.5309248],[35.5627709,32.5309014],[35.5628997,32.5308244],[35.5630285,32.5306865],[35.5635381,32.5295105],[35.5636775,32.5292437],[35.5638438,32.5289995],[35.5639672,32.5288366],[35.5640477,32.528572],[35.5641012,32.5281629],[35.5641656,32.5279096],[35.5642676,32.5274866],[35.564265,32.5273215],[35.5641711,32.5271813],[35.5638653,32.5269438],[35.5637634,32.5267606],[35.5636722,32.5265277],[35.5636856,32.5263242],[35.5638492,32.526141],[35.5641121,32.5260008],[35.5643749,32.5259804],[35.5646673,32.5260324],[35.5648416,32.5261772],[35.5649114,32.52634],[35.5649945,32.526401],[35.5651125,32.5264372],[35.5656597,32.5263943],[35.5659346,32.5263321],[35.5661774,32.5262778],[35.5664013,32.5262868],[35.5666561,32.5263185],[35.5668211,32.5264338],[35.566915,32.5265978],[35.5668854,32.5267321],[35.5667781,32.5268558],[35.5666521,32.5269348],[35.5665877,32.5270049],[35.5665797,32.527127],[35.5666414,32.5272084],[35.5669525,32.5273192],[35.5671295,32.527335],[35.5672958,32.5273124],[35.5675291,32.5272402],[35.5675989,32.5271654],[35.5675989,32.5270591],[35.5675319,32.5267425],[35.567395,32.5263809],[35.5672127,32.5260505],[35.5671108,32.5256842],[35.5671349,32.52532],[35.5671858,32.5250285],[35.5671751,32.5248112],[35.5670464,32.524567],[35.5662953,32.5235313],[35.5658555,32.5228617],[35.5657616,32.5226763],[35.5656785,32.5224705],[35.5656007,32.5222669],[35.5655175,32.5220645],[35.56537,32.5218327],[35.5647612,32.5211859],[35.5645519,32.521066],[35.5643347,32.521014],[35.5639297,32.5209733],[35.5636829,32.5209349],[35.5634871,32.5208761],[35.5631008,32.520745],[35.5628272,32.520693],[35.5624543,32.520641],[35.5618965,32.5206048],[35.5615345,32.5206307],[35.5612259,32.5207461],[35.5608867,32.5209258],[35.5604373,32.521033],[35.5601491,32.5210615],[35.5598311,32.5210651],[35.559123,32.5210357],[35.5589569,32.5210762],[35.5587959,32.5211622],[35.5586417,32.5212526],[35.5584511,32.5212946],[35.5581737,32.5212741],[35.5578946,32.521255],[35.5569035,32.5211601],[35.5566475,32.5211282],[35.5563886,32.521126],[35.556154,32.5211848],[35.5559191,32.5212833],[35.5557623,32.5213012],[35.5556282,32.5212811],[35.5554914,32.521221],[35.5553961,32.5211517],[35.5551051,32.5208174],[35.5548289,32.5204169],[35.5545808,32.5200609],[35.5545513,32.5199601],[35.5545552,32.5198687],[35.5546197,32.5197294],[35.5547136,32.5196593],[35.5549751,32.5195078],[35.5554766,32.5191762],[35.5556537,32.5190724],[35.5557315,32.5190034],[35.555781,32.5189142],[35.5557865,32.51887],[35.555765,32.5188213],[35.5556738,32.5187343],[35.5556416,32.5186676],[35.5556256,32.5185895],[35.5556952,32.5182289],[35.5557758,32.5179404],[35.5558494,32.5176861],[35.5558374,32.5173886],[35.5557354,32.5171286],[35.5555665,32.5168729],[35.5553746,32.5166344],[35.555077,32.5163651],[35.5547578,32.5161115],[35.554381,32.5158936],[35.5539653,32.5156742],[35.5531457,32.5152362],[35.5527957,32.51498],[35.5526428,32.5147545],[35.552675,32.5146249],[35.5527863,32.5144534],[35.5529539,32.5142449],[35.553064,32.5141022],[35.5532223,32.5139235],[35.5535011,32.5135014],[35.553854,32.5131715],[35.5539827,32.5131319],[35.5541288,32.5131728],[35.5542468,32.5132723],[35.5543341,32.5133513],[35.5544226,32.5133739],[35.5545124,32.5133558],[35.5546224,32.5132801],[35.5553144,32.5127926],[35.5556899,32.5124986],[35.5561486,32.512217],[35.5565924,32.5119966],[35.5567642,32.5119117],[35.5569397,32.51187],[35.5573528,32.5118797],[35.557562,32.5118293],[35.5577833,32.5117195],[35.5578196,32.5116549],[35.5578209,32.5115939],[35.5577417,32.5114538],[35.5577176,32.5113362],[35.5577766,32.5112486],[35.558022,32.5109879],[35.5580462,32.5108397],[35.5580287,32.5105411],[35.5580972,32.5103815],[35.5582888,32.5102772],[35.5592573,32.5101892],[35.5594534,32.5101559],[35.5595925,32.5100784],[35.5603005,32.5095142],[35.5604509,32.5093026],[35.5604964,32.5090675],[35.5604817,32.5089146],[35.5604333,32.5087712],[35.5602886,32.5086873],[35.5601463,32.5086163],[35.5600444,32.5085762],[35.5599411,32.5085202],[35.5596729,32.5083308],[35.5594906,32.5081389],[35.5594906,32.5079997],[35.5595146,32.5078709],[35.5595362,32.5077317],[35.5595616,32.5076108],[35.5596328,32.5074975],[35.559724,32.5074138],[35.5599853,32.5072715],[35.5601008,32.5072465],[35.5602376,32.5072566],[35.5604682,32.5073197],[35.5607633,32.5075043],[35.5609603,32.5077076],[35.561537,32.5081164],[35.5617075,32.5083073],[35.5617677,32.5085174],[35.5617625,32.5086138],[35.5617315,32.5087497],[35.5615988,32.5089992],[35.5615707,32.509289],[35.561486,32.5095878],[35.5612634,32.5098479],[35.5611831,32.510023],[35.5611616,32.5102322],[35.5611656,32.5106203],[35.561175,32.5109277],[35.5611737,32.5112337],[35.5611838,32.5115107],[35.5612079,32.5116436],[35.5612614,32.5117733],[35.5613045,32.5118822],[35.5613695,32.5119857],[35.5614446,32.512191],[35.561513,32.5123787],[35.5615284,32.5124698],[35.5615424,32.5125757],[35.5615358,32.5126586],[35.561509,32.51277],[35.561446,32.5129696],[35.5613238,32.5133605],[35.561289,32.5135113],[35.561285,32.5135764],[35.5612944,32.5136555],[35.561342,32.5137844],[35.5613762,32.5138353],[35.5614311,32.5138943],[35.5615217,32.513992],[35.5616357,32.5140983],[35.5618294,32.5143094],[35.5619489,32.5144426],[35.5620675,32.5145825],[35.5621138,32.5145936],[35.562166,32.5146034],[35.5622365,32.5145976],[35.5622947,32.5145836],[35.5624758,32.514453],[35.5625765,32.514364],[35.5626729,32.5142618],[35.5627997,32.514125],[35.5628407,32.5140632],[35.5628715,32.5139914],[35.5628924,32.5139083],[35.5629003,32.513828],[35.5628983,32.5136968],[35.562909,32.513209],[35.5630163,32.5128641],[35.563082,32.5124626],[35.5630351,32.5123178],[35.5629466,32.5122916],[35.5628915,32.5122511],[35.5628581,32.5121876],[35.5628407,32.5121164],[35.5628567,32.511965],[35.5630605,32.5114402],[35.5631036,32.5110069],[35.5631356,32.5106079],[35.563397,32.5098017],[35.5636224,32.5093729],[35.5640236,32.5087654],[35.5644445,32.5081017],[35.564635,32.5075667],[35.5646162,32.5072364],[35.5645908,32.5070632],[35.5645077,32.5069038],[35.5644084,32.5067681],[35.5642782,32.506663],[35.5640973,32.5064955],[35.5640021,32.5064254],[35.563876,32.5063656],[35.5636735,32.5063417],[35.5634401,32.5063113],[35.5631773,32.506241],[35.563066,32.5061867],[35.5629908,32.5061406],[35.5629118,32.5058214],[35.5628661,32.5054913],[35.5626837,32.5051938],[35.5625121,32.5049664],[35.5622922,32.5047447],[35.5617999,32.5043603],[35.5616122,32.5042482],[35.5613816,32.5041475],[35.5611683,32.5040785],[35.5609188,32.5040188],[35.5606762,32.504014],[35.5604334,32.504048],[35.5599492,32.5041432],[35.559736,32.5041645],[35.5594919,32.5041477],[35.5589527,32.5039961],[35.5584472,32.5038455],[35.5581576,32.5037912],[35.5580302,32.5037211],[35.5579215,32.5036353],[35.5578719,32.5036046],[35.5578424,32.5035368],[35.5578249,32.503356],[35.5578531,32.503107],[35.5578973,32.5028708],[35.5580033,32.5026387],[35.5581574,32.5023629],[35.5582378,32.502215],[35.5583331,32.5020853],[35.5587892,32.501752],[35.559109,32.5015746],[35.5592821,32.5015699],[35.5594558,32.5015795],[35.5598313,32.5016609],[35.5602524,32.5018311],[35.5604963,32.5019082],[35.5616444,32.5020426],[35.5626717,32.50202],[35.5630258,32.5019646],[35.563648,32.5017995],[35.5641858,32.5016513],[35.5644178,32.5015088],[35.5646269,32.5013246],[35.5649087,32.501079],[35.5652359,32.5007566],[35.5654049,32.5004626],[35.5655174,32.4998678],[35.5656745,32.4994978],[35.5658421,32.4989435],[35.5659293,32.4986212],[35.5659829,32.4984673],[35.5660929,32.498352],[35.566168,32.4982773],[35.5663799,32.4981642],[35.5665542,32.4980895],[35.5668343,32.4979767],[35.5669887,32.4979346],[35.5671577,32.4978792],[35.5673026,32.4978407],[35.567513,32.4978182],[35.5676258,32.4978384],[35.5677304,32.4978882],[35.5678323,32.4979244],[35.5681032,32.4981416],[35.5682266,32.4983158],[35.5687146,32.499079],[35.5697821,32.4996309],[35.570104,32.499714],[35.5702731,32.4996799],[35.5704956,32.4995947],[35.5707693,32.4993179],[35.5710644,32.4989379],[35.5712359,32.4987758],[35.5714345,32.498594],[35.5717188,32.498361],[35.5722579,32.49818],[35.5741033,32.4978249],[35.5744493,32.4976473],[35.5747068,32.4975285],[35.5760264,32.4966553],[35.5762491,32.4965128],[35.5765253,32.4961757],[35.5767587,32.4958748],[35.576992,32.4954699],[35.5772549,32.4950695],[35.5775231,32.4943727],[35.5777109,32.4939994],[35.5779844,32.4932913],[35.5781078,32.4926918],[35.5782606,32.4921331],[35.5784565,32.4914407],[35.578722,32.4908482],[35.5797385,32.489183],[35.5801891,32.488321],[35.5803153,32.4879837],[35.5802962,32.4876761],[35.5802856,32.4876264],[35.5802536,32.4875618],[35.5801812,32.4875177],[35.5800497,32.4875043],[35.5796866,32.4874701],[35.5794059,32.4873097],[35.5792907,32.4872812],[35.5791484,32.4872848],[35.5790265,32.4873231],[35.5789112,32.487383],[35.5786817,32.4875547],[35.5784994,32.4875855],[35.5783223,32.4875834],[35.5781454,32.487486],[35.5779334,32.4874001],[35.5774318,32.4872893],[35.5772709,32.4870766],[35.5771582,32.4869409],[35.5771582,32.4868006],[35.5773406,32.4862803],[35.577244,32.4860404],[35.5771637,32.485952],[35.5770563,32.4858911],[35.5767237,32.4858278],[35.5762516,32.4855954],[35.5757045,32.4852123],[35.5755946,32.4851126],[35.5755382,32.4850132],[35.5755918,32.4847191],[35.5757045,32.4845698],[35.5757207,32.4845097],[35.5756938,32.4844544],[35.5754792,32.4843782],[35.5752834,32.4843322],[35.5750741,32.4842418],[35.5738617,32.483839],[35.5730062,32.4834777],[35.5722901,32.4832415],[35.5715524,32.4830267],[35.5714586,32.4830107],[35.57137,32.4830448],[35.571134,32.4832666],[35.5709569,32.4833509],[35.5707907,32.483348],[35.5704205,32.4831926],[35.57023,32.4831066],[35.5699162,32.4830199],[35.5695541,32.4828367],[35.5693154,32.4825833],[35.5690526,32.4823344],[35.5681943,32.4820839],[35.56791,32.4818954],[35.5672609,32.4816601],[35.5668371,32.4815741],[35.5666279,32.4815379],[35.5664616,32.481547],[35.5662068,32.4815085],[35.5657803,32.4813931],[35.5656436,32.4812074],[35.5655604,32.4810334],[35.5655282,32.4808591],[35.5656515,32.4805876],[35.5658017,32.4805288],[35.5660459,32.480436],[35.5666279,32.4799767],[35.5670356,32.4796509],[35.5672234,32.4795806],[35.5674218,32.4795423],[35.5676686,32.4795649],[35.5678134,32.4795769],[35.5680602,32.4794993],[35.5682694,32.4794065],[35.5688112,32.4792346],[35.5691277,32.4790067],[35.5693637,32.4787639],[35.569471,32.4785512],[35.5699163,32.477619],[35.5699914,32.4771981],[35.5699002,32.4769538],[35.5694925,32.4764333],[35.5692565,32.4762659],[35.5689292,32.4759853],[35.5688113,32.4757928],[35.5687522,32.4756097],[35.5685483,32.4754513],[35.5681782,32.475332],[35.567175,32.4752114],[35.5668049,32.4752295],[35.5665742,32.4751798],[35.5662094,32.475044],[35.5658366,32.4749829],[35.5654531,32.4749836],[35.5652894,32.4749275],[35.5650829,32.4747725],[35.5646725,32.4743085],[35.5645733,32.4741389],[35.5645465,32.4734827],[35.5645733,32.4729758],[35.5645627,32.4722854],[35.5644928,32.4715932],[35.5644928,32.4711247],[35.5646484,32.471075],[35.5648254,32.4710825],[35.5655121,32.4710931],[35.5657964,32.471096],[35.5661263,32.4710863],[35.5664938,32.4711293],[35.5666146,32.4711585],[35.5666655,32.471188],[35.5666962,32.4712289],[35.5666937,32.4713135],[35.566711,32.4714151],[35.5667995,32.4715015],[35.5669014,32.4715366],[35.5671187,32.4714879],[35.5672045,32.4714483],[35.5673038,32.4713511],[35.5674111,32.4712832],[35.5675774,32.4709422],[35.5674486,32.4707084],[35.5673949,32.4705364],[35.5673628,32.470283],[35.5674969,32.4700205],[35.5675452,32.4698553],[35.5675827,32.4696494],[35.5675452,32.4694502],[35.5673145,32.4692149],[35.5670409,32.4690429],[35.5667781,32.4687985],[35.5666307,32.4684544],[35.5664991,32.4681332],[35.5663006,32.4678662],[35.5661719,32.4676715],[35.5658715,32.4675086],[35.5654852,32.467409],[35.5651473,32.4673955],[35.5649273,32.4674407],[35.5646377,32.4675659],[35.5643212,32.4678435],[35.564077,32.4681264],[35.5640368,32.4684213],[35.563825,32.4687103],[35.5636882,32.468781],[35.5634199,32.4687148],[35.5633395,32.4686718],[35.5632268,32.4686068],[35.5630793,32.4684778],[35.5630627,32.4684419],[35.5630645,32.4684069],[35.5631464,32.4682463],[35.5631624,32.4681287],[35.5631464,32.4679657],[35.5629398,32.4676195],[35.5629211,32.4675312],[35.5629747,32.4673819],[35.5629157,32.4671873],[35.5627681,32.4670726],[35.5626717,32.466902],[35.5626045,32.4667392],[35.562618,32.466591],[35.5626528,32.4664269],[35.5627468,32.4663645],[35.5628459,32.4663348],[35.5632322,32.4663574],[35.5634079,32.4663228],[35.5635862,32.46619],[35.5638008,32.4658521],[35.5639135,32.4655398],[35.5638478,32.4652581],[35.5637646,32.4651505],[35.5636708,32.465095],[35.5635487,32.4650736],[35.5632697,32.4650601],[35.5627614,32.4651064],[35.5623524,32.4651415],[35.5621701,32.4650691],[35.5621018,32.4650124],[35.5620682,32.464948],[35.5621057,32.4645758],[35.5621553,32.4643721],[35.5621996,32.4641872],[35.5623122,32.4637701],[35.5624423,32.4634268],[35.5627507,32.4629136],[35.5630123,32.4626438],[35.5636024,32.4620909],[35.5640476,32.4617815],[35.5644902,32.4615862],[35.564863,32.4615054],[35.5653029,32.461584],[35.5656837,32.4616971],[35.5660163,32.4617424],[35.5661584,32.4616774],[35.5662738,32.4614165],[35.5663435,32.4610408],[35.56666,32.4608598],[35.567057,32.4608009],[35.5674272,32.4608537],[35.5677168,32.4610363],[35.5677706,32.461319],[35.5677491,32.461618],[35.5676417,32.4618284],[35.5677933,32.4620033],[35.5680656,32.4620194],[35.5683525,32.4620004],[35.5690633,32.4618646],[35.5691921,32.4616684],[35.5695139,32.4610951],[35.5698143,32.4610227],[35.5700062,32.4610418],[35.5701523,32.4611359],[35.5702918,32.4613622],[35.5702971,32.4615975],[35.5702717,32.4618556],[35.5703837,32.4618838],[35.5704662,32.4618837],[35.5705312,32.4618776],[35.5707954,32.461705],[35.5714538,32.4612785],[35.5717026,32.4610657],[35.5717376,32.4609637],[35.5717053,32.4608847],[35.5715685,32.4608371],[35.5713217,32.4608552],[35.571083,32.4607104],[35.5710213,32.4605837],[35.5710911,32.4604524],[35.5712895,32.4603528],[35.5714558,32.4602804],[35.5715899,32.4600072],[35.5717777,32.4597418],[35.5726789,32.4593932],[35.5736713,32.4591217],[35.5739342,32.4590205],[35.5740763,32.458841],[35.5740416,32.4586983],[35.5739692,32.4586032],[35.5737947,32.458411],[35.573666,32.4582435],[35.573497,32.4579855],[35.5734139,32.4578271],[35.5732851,32.4575238],[35.5731081,32.457379],[35.5727059,32.4572883],[35.5725422,32.4572476],[35.5724161,32.4571753],[35.5722605,32.4568177],[35.5717965,32.4563198],[35.5714975,32.4559903],[35.5712064,32.4556137],[35.5711327,32.4554189],[35.5711018,32.4552425],[35.5711112,32.4545261],[35.5710548,32.4541052],[35.5709356,32.453821],[35.5708014,32.453545],[35.5707665,32.4532237],[35.570619,32.4530516],[35.5705655,32.4529971],[35.5704849,32.4529735],[35.5703495,32.4529507],[35.5702072,32.4529848],[35.5699914,32.453038],[35.5696748,32.4530697],[35.5695194,32.4530888],[35.5693597,32.453158],[35.5691264,32.4532564],[35.5688112,32.4533397],[35.5684571,32.4533413],[35.5681996,32.4533458],[35.567741,32.453227],[35.5674996,32.4531636],[35.5673092,32.4531281],[35.5669457,32.453089],[35.5667432,32.4530234],[35.5666092,32.4529496],[35.5665058,32.4528434],[35.5664965,32.4527267],[35.5665152,32.4526216],[35.56666,32.4523636],[35.5667393,32.4519775],[35.5667781,32.4515985],[35.5668023,32.451277],[35.5668666,32.4509784],[35.5669658,32.4505212],[35.567041,32.450272],[35.5670409,32.4500459],[35.5670075,32.449842],[35.5669417,32.4496509],[35.5668157,32.4494232],[35.5667058,32.449189],[35.5666736,32.4489332],[35.5665943,32.4486935],[35.566463,32.4482791],[35.5663678,32.4479069],[35.5664307,32.4472557],[35.5664711,32.4470274],[35.5665514,32.4468211],[35.5670114,32.4465687],[35.5671376,32.4464004],[35.5672315,32.4462567],[35.5672288,32.4460575],[35.5673011,32.4458682],[35.5673388,32.4456557],[35.5673066,32.4454644],[35.5672555,32.4450782],[35.567147,32.4447593],[35.5670114,32.4444807],[35.5668171,32.4440712],[35.5667058,32.443872],[35.5665555,32.4436933],[35.5663463,32.4432846],[35.566176,32.4431115],[35.5660673,32.4429301],[35.565999,32.4427482],[35.5658768,32.4425181],[35.5657656,32.4423283],[35.5656208,32.4421845],[35.565531,32.4421076],[35.565417,32.4420668],[35.5653432,32.4420872],[35.5652989,32.4421359],[35.5652601,32.4421958],[35.5651836,32.4422321],[35.5650809,32.4421905],[35.5650099,32.4421432],[35.5649743,32.4420756],[35.5648945,32.4419268],[35.5648845,32.441841],[35.5648743,32.4417565],[35.5649809,32.4414768],[35.5651098,32.4413263],[35.5651974,32.4412692],[35.5652881,32.4412222],[35.5654733,32.4411778],[35.5656502,32.4411695],[35.5659895,32.4412754],[35.5661505,32.4414398],[35.5663033,32.4416161],[35.5665717,32.4418359],[35.566742,32.4419435],[35.5668907,32.4420767],[35.5670236,32.4421891],[35.5671938,32.4422658],[35.5673777,32.4422558],[35.5675505,32.4422],[35.5677932,32.4419636],[35.5682561,32.441596],[35.5683741,32.4413402],[35.5684076,32.4412055],[35.5684142,32.4410784],[35.5681996,32.4403043],[35.5675881,32.4392178],[35.5671536,32.4384707],[35.566856,32.4380103],[35.566424,32.437646],[35.5661397,32.4373314],[35.5660244,32.4371661],[35.5660324,32.4370468],[35.5661665,32.4367225],[35.5662148,32.4364599],[35.5661773,32.4358464],[35.5659896,32.4356017],[35.5657427,32.4353959],[35.565335,32.4350971],[35.5647128,32.4345334],[35.5640449,32.4341402],[35.5633557,32.4337522],[35.5623901,32.4336119],[35.5609819,32.4336571],[35.5608398,32.4336752],[35.5607673,32.4337454],[35.5607057,32.4340035],[35.5606654,32.4341167],[35.5594234,32.4351288],[35.5588146,32.4357377],[35.5585007,32.4358894],[35.5583292,32.4358781],[35.5581682,32.4357604],[35.5579053,32.4354298],[35.5575888,32.4351741],[35.557428,32.4348796],[35.5572321,32.4345945],[35.5570524,32.4339244],[35.5570149,32.433562],[35.556905,32.4332247],[35.5566823,32.4328897],[35.5566393,32.432551],[35.5566554,32.4318666],[35.5566663,32.4313616],[35.5565696,32.4308886],[35.5564409,32.4307979],[35.5562799,32.4307392],[35.5561432,32.4307956],[35.5560304,32.430875],[35.5558856,32.4309905],[35.5558012,32.430988],[35.5557113,32.4309508],[35.5556671,32.4308262],[35.5556402,32.430703],[35.5555477,32.4301766],[35.5555277,32.4300089],[35.5555317,32.429855],[35.5555947,32.4297191],[35.5556697,32.4296151],[35.5558334,32.4294135],[35.5559996,32.4292416],[35.5562894,32.4290581],[35.5565656,32.4289088],[35.5568647,32.4286201],[35.5570001,32.428362],[35.5569747,32.4282679],[35.5569305,32.4282023],[35.5569063,32.4281253],[35.5569223,32.4280549],[35.5572147,32.4275878],[35.5573796,32.4274587],[35.5575982,32.4273462],[35.5580944,32.4270037],[35.5588173,32.4266165],[35.5594759,32.4263945],[35.5601021,32.4261853],[35.560538,32.4260447],[35.5609725,32.4259428],[35.56182,32.4256781],[35.5622492,32.4254947],[35.5623217,32.425413],[35.5623618,32.4253339],[35.5623525,32.4252387],[35.5623028,32.425154],[35.562048,32.4250188],[35.5620012,32.4248867],[35.5620172,32.4247929],[35.5623846,32.4244906],[35.5625643,32.424309],[35.5625093,32.4240605],[35.562284,32.4238125],[35.5621259,32.4236969],[35.5619179,32.4236468],[35.5614244,32.4236677],[35.5610247,32.4237899],[35.5603045,32.4239902],[35.5597131,32.4239744],[35.5594033,32.4240005],[35.5581292,32.4246038],[35.5579296,32.4247701],[35.5576587,32.4248708],[35.5568901,32.4250102],[35.5564477,32.425164],[35.5559822,32.4253279],[35.5553237,32.4257539],[35.5550985,32.425807],[35.5549026,32.4258479],[35.554173,32.4258592],[35.5535065,32.4259577],[35.5529955,32.4259113],[35.5528481,32.4258421],[35.5527367,32.4257155],[35.5527072,32.4247555],[35.5525839,32.424049],[35.5524015,32.4233609],[35.5523077,32.4230664],[35.5521547,32.4228107],[35.5518972,32.4224054],[35.5518302,32.4220385],[35.5518274,32.4216741],[35.5517188,32.4202794],[35.5516089,32.4200324],[35.5516075,32.4197836],[35.5517645,32.4195434],[35.5519871,32.419388],[35.5523277,32.4192039],[35.5524284,32.4190271],[35.5524819,32.4188235],[35.5526777,32.4185213],[35.5529447,32.4184147],[35.5532383,32.4183797],[35.5538176,32.4183707],[35.5542871,32.4185086],[35.5547605,32.4186725],[35.5552071,32.4186739],[35.5556093,32.4186051],[35.5559889,32.418536],[35.5561124,32.4185505],[35.5562291,32.4186026],[35.5564074,32.4187328],[35.5566595,32.4190121],[35.5569129,32.4192458],[35.5574601,32.4194106],[35.5576774,32.4194166],[35.5578678,32.4193835],[35.5583051,32.41918],[35.5587207,32.4189458],[35.5590479,32.418699],[35.5591808,32.4185154],[35.5593202,32.4183073],[35.5591862,32.4181826],[35.559001,32.4181002],[35.5586644,32.4182076],[35.5584754,32.4182437],[35.5583265,32.4182167],[35.558252,32.4180418],[35.5581388,32.4176131],[35.5580253,32.4171684],[35.5580174,32.4170176],[35.5580233,32.4168672],[35.557998,32.4168331],[35.5579537,32.4168048],[35.5578397,32.4167527],[35.5576505,32.4166261],[35.5574453,32.416505],[35.5573428,32.4164057],[35.557253,32.4162823],[35.5570679,32.4160157],[35.5568426,32.415637],[35.5567273,32.4154893],[35.5566622,32.4154123],[35.5566126,32.4153296],[35.5566032,32.4152657],[35.5565757,32.4151445],[35.5565958,32.4150919],[35.5566052,32.4150534],[35.5566555,32.4150053],[35.5567326,32.4149289],[35.5568232,32.4148689],[35.5570465,32.4147415],[35.5572858,32.4145507],[35.5576077,32.4142592],[35.5581005,32.4137572],[35.5583448,32.4135839],[35.558777,32.4131436],[35.5591352,32.4129906],[35.5595012,32.4128651],[35.5600002,32.4123215],[35.5604816,32.4118394],[35.5606091,32.4117803],[35.5607378,32.4117509],[35.5610033,32.4117336],[35.5612193,32.4116546],[35.5613519,32.4115547],[35.5614272,32.4113523],[35.5614406,32.411187],[35.5614727,32.4110694],[35.5614781,32.410887],[35.561415,32.4107366],[35.5612287,32.4106357],[35.56101,32.4105827],[35.5605728,32.4104603],[35.5602846,32.4103617],[35.5600283,32.4101954],[35.5598916,32.4100639],[35.5596983,32.4099764],[35.5595374,32.4099271],[35.5594383,32.4099643],[35.5593297,32.4100616],[35.5591458,32.410355],[35.5590104,32.4105589],[35.5588073,32.4106821],[35.5585739,32.4106704],[35.5583593,32.4106008],[35.558195,32.4104989],[35.5581199,32.4104366],[35.5580429,32.4103215],[35.558022,32.4101898],[35.5580548,32.4098773],[35.5582326,32.4095281],[35.5583728,32.4093189],[35.558423,32.4090905],[35.5585155,32.4088781],[35.5587329,32.4087862],[35.5587973,32.4087426],[35.5588576,32.4087064],[35.5589515,32.4086169],[35.5589897,32.4085626],[35.5590198,32.4085186],[35.5590266,32.4084641],[35.5590239,32.4084154],[35.5590051,32.4083429],[35.5589917,32.4082971],[35.5589354,32.4082105],[35.5588878,32.4081765],[35.5588422,32.4081437],[35.5587852,32.4081244],[35.5586725,32.4080871],[35.558578,32.4080554],[35.5584908,32.4080401],[35.5583634,32.4080072],[35.5582561,32.4079823],[35.5581455,32.4079597],[35.5580335,32.4079376],[35.5579182,32.4079048],[35.5577351,32.4078329],[35.5577043,32.4077938],[35.557652,32.4077491],[35.5576117,32.4077129],[35.5575842,32.4076721],[35.5575554,32.4076121],[35.5575393,32.4075464],[35.5575266,32.4074898],[35.5575118,32.4074043],[35.5575158,32.4073437],[35.5575313,32.4072945],[35.5575453,32.4072469],[35.5575809,32.4072022],[35.5576365,32.4071337],[35.5576942,32.4070358],[35.5577639,32.406922],[35.5577767,32.4068874],[35.5577888,32.4068393],[35.5577874,32.4067431],[35.557774,32.4066299],[35.5577619,32.4065053],[35.5577532,32.4064379],[35.5577519,32.4062942],[35.5577633,32.4062211],[35.5577827,32.4061441],[35.557831,32.4060207],[35.5578773,32.4059194],[35.5579209,32.4058056],[35.5579812,32.4056924],[35.5580355,32.4055763],[35.5581093,32.4054195],[35.5581911,32.4052887],[35.5582635,32.4051426],[35.5583353,32.4050209],[35.5584063,32.4048879],[35.5584855,32.4047509],[35.5586457,32.4044684],[35.5587476,32.4042923],[35.5587745,32.4042],[35.5588348,32.404076],[35.5589307,32.4039204],[35.5590373,32.4037896],[35.5591292,32.4036695],[35.5592566,32.4035252],[35.5593672,32.4033684],[35.5594866,32.4031934],[35.5595811,32.4030706],[35.5597233,32.4028832],[35.5598923,32.402719],[35.560021,32.4025554],[35.560125,32.4024229],[35.5602215,32.4022989],[35.5603503,32.4021676],[35.5604395,32.401966],[35.560534,32.4017565],[35.5606057,32.4016371],[35.5606876,32.4015023],[35.5607203,32.4014295],[35.5607714,32.4013081],[35.5608061,32.401186],[35.5608036,32.4010919],[35.5607928,32.4010093],[35.5607258,32.4009265],[35.5606507,32.4008518],[35.5605003,32.4007682],[35.5603449,32.4007159],[35.5601825,32.4006726],[35.5596957,32.4006447],[35.559437,32.4005982],[35.5592008,32.4005202],[35.5589166,32.4004838],[35.5586309,32.4004609],[35.5582434,32.4004646],[35.5578611,32.4005111],[35.5572295,32.4005461],[35.5566071,32.4004998],[35.5564356,32.4004408],[35.5563134,32.4003447],[35.5559621,32.4000673],[35.5556792,32.3999018],[35.555376,32.3997446],[35.5551575,32.3996878],[35.5549213,32.3996585],[35.5545661,32.3996719],[35.5542159,32.3997491],[35.5539371,32.3998406],[35.5536527,32.3999631],[35.5534972,32.4001192],[35.5534476,32.4002087],[35.553418,32.4003057],[35.553398,32.400494],[35.5534274,32.4006901],[35.5535361,32.4008518],[35.5536768,32.4009777],[35.5539317,32.4013229],[35.5541851,32.4016917],[35.5543581,32.4020427],[35.5544078,32.4023351],[35.5543018,32.4025851],[35.5541624,32.4027269],[35.5539678,32.4028052],[35.5537561,32.4028673],[35.5535306,32.4029048],[35.553178,32.4029873],[35.5528373,32.4030913],[35.5517523,32.4037665],[35.5511515,32.4039269],[35.5510041,32.4039328],[35.5508136,32.4039239],[35.5506916,32.4038807],[35.5506151,32.4038],[35.5505159,32.4035943],[35.5504313,32.4034099],[35.5502531,32.4029647],[35.5502008,32.402856],[35.550127,32.402762],[35.5499874,32.4025697],[35.5498387,32.4023691],[35.5496509,32.4022106],[35.5494216,32.4020758],[35.5492136,32.4019476],[35.5489214,32.401786],[35.5486035,32.4016784],[35.5479892,32.4014736],[35.5473335,32.4012594],[35.5467151,32.4010553],[35.5465838,32.4009413],[35.5464871,32.4008418],[35.5464444,32.4007884],[35.5464242,32.4007374],[35.5464001,32.4006797],[35.5464028,32.4006106],[35.5464014,32.4005676],[35.5464296,32.4005166],[35.546549,32.4004442],[35.5466186,32.4004183],[35.5467568,32.4003796],[35.5470546,32.4002868],[35.5471739,32.4002641],[35.5473322,32.4002154],[35.5474769,32.4001375],[35.5475726,32.3999759],[35.5479678,32.3995553],[35.5480805,32.3994183],[35.5481945,32.399279],[35.5483943,32.399048],[35.5485968,32.3988351],[35.5487162,32.3987128],[35.5489408,32.398449],[35.5489797,32.3983794],[35.5489938,32.3982995],[35.5490119,32.3982248],[35.549026,32.3981127],[35.5490146,32.3979944],[35.5489878,32.397863],[35.5489569,32.3977758],[35.5489106,32.3977033],[35.5488168,32.3975046],[35.5487765,32.3974361],[35.5487444,32.3973789],[35.5487195,32.397307],[35.5487075,32.3972623],[35.5487102,32.3971655],[35.5487517,32.397127],[35.5489039,32.3970069],[35.5489871,32.3969282],[35.5490857,32.3968235],[35.5491789,32.3967454],[35.5492526,32.3966751],[35.5493525,32.3965851],[35.5494337,32.396503],[35.5495678,32.3963717],[35.5496483,32.3962935],[35.5497455,32.3962046],[35.5497904,32.3961537],[35.5498286,32.3961027],[35.5499084,32.3959895],[35.5499587,32.3958887],[35.5500157,32.3957885],[35.5500506,32.3956973],[35.5500787,32.395605],[35.5500995,32.3955326],[35.5501123,32.3954658],[35.550127,32.3953961],[35.5501418,32.3953095],[35.5501706,32.3951804],[35.550188,32.3950881],[35.5502062,32.3949579],[35.5502001,32.394852],[35.5501753,32.394775],[35.5501552,32.3947105],[35.5501351,32.3946414],[35.5500848,32.3945559],[35.5500385,32.3944608],[35.5499822,32.3943605],[35.5499205,32.3942677],[35.5498548,32.3941573],[35.5497904,32.3940418],[35.5497522,32.393945],[35.549667,32.3937406],[35.5496328,32.3936528],[35.5496027,32.3935407],[35.5495792,32.3934433],[35.5495644,32.3933686],[35.5495678,32.3932966],[35.5495799,32.3932027],[35.5496087,32.3931302],[35.5496409,32.3930945],[35.5496925,32.393043],[35.549834,32.3929167],[35.5499513,32.3928392],[35.5500606,32.3928018],[35.5501384,32.3927752],[35.5502216,32.3927559],[35.550294,32.3927474],[35.5504569,32.3927214],[35.5507627,32.3926478],[35.551234,32.3925211],[35.5514467,32.3924417],[35.5516343,32.3923542],[35.5517592,32.3922945],[35.5519456,32.3921857],[35.5522111,32.3920046],[35.5523197,32.3919423],[35.5524512,32.3918845],[35.552651,32.3918177],[35.5527985,32.3918041],[35.5528548,32.3918471],[35.5529474,32.3919287],[35.553005,32.3919479],[35.5531164,32.3919287],[35.5532397,32.391906],[35.5533577,32.3918471],[35.5535509,32.3917452],[35.5537292,32.391666],[35.5538781,32.3915754],[35.5540028,32.3914746],[35.5542268,32.3912775],[35.5545299,32.3909661],[35.5546412,32.3907872],[35.5548303,32.3904554],[35.5549175,32.3903365],[35.5550449,32.3900783],[35.5550764,32.3900154],[35.5551394,32.3898648],[35.5551434,32.3898178],[35.5551488,32.3897612],[35.5551448,32.3896785],[35.555128,32.3896287],[35.5550998,32.3895738],[35.5550769,32.3895093],[35.5550783,32.3893978],[35.5550503,32.3892161],[35.5549603,32.3890173]]}},
{"type":"Feature","properties":{"river":"jordan","relationId":2246907,"wayId":969126993,"version":5,"endNodeIds":[8967670476,250392194],"provenance":{"dataset":"OpenStreetMap","version":"overpass-attic:2026-10-08T00:00:00Z; way 969126993 v5","upstreamFeatureIds":["osm:way/969126993","osm:relation/2246907"],"changes":[{"kind":"overpass-attic-download","detail":"A main-stream way of the Jordan's waterway relation, as OpenStreetMap held it at 2026-10-08T00:00:00Z, read through Overpass. © OpenStreetMap contributors, ODbL 1.0.","sources":["osm:relation/2246907"]}]}},"geometry":{"type":"LineString","coordinates":[[35.5641603,32.6480815],[35.5640611,32.6477111]]}},
{"type":"Feature","properties":{"river":"jordan","relationId":2246907,"wayId":969126994,"version":5,"endNodeIds":[2203045349,8967670476],"provenance":{"dataset":"OpenStreetMap","version":"overpass-attic:2026-10-08T00:00:00Z; way 969126994 v5","upstreamFeatureIds":["osm:way/969126994","osm:relation/2246907"],"changes":[{"kind":"overpass-attic-download","detail":"A main-stream way of the Jordan's waterway relation, as OpenStreetMap held it at 2026-10-08T00:00:00Z, read through Overpass. © OpenStreetMap contributors, ODbL 1.0.","sources":["osm:relation/2246907"]}]}},"geometry":{"type":"LineString","coordinates":[[35.5642176,32.6482836],[35.5641603,32.6480815]]}},
{"type":"Feature","properties":{"river":"jordan","relationId":2246907,"wayId":845106661,"version":7,"endNodeIds":[7884419126,2203045349],"provenance":{"dataset":"OpenStreetMap","version":"overpass-attic:2026-10-08T00:00:00Z; way 845106661 v7","upstreamFeatureIds":["osm:way/845106661","osm:relation/2246907"],"changes":[{"kind":"overpass-attic-download","detail":"A main-stream way of the Jordan's waterway relation, as OpenStreetMap held it at 2026-10-08T00:00:00Z, read through Overpass. © OpenStreetMap contributors, ODbL 1.0.","sources":["osm:relation/2246907"]}]}},"geometry":{"type":"LineString","coordinates":[[35.5697472,32.6527759],[35.5686452,32.652045],[35.5681732,32.6515962],[35.5683877,32.6510333],[35.568731,32.6505997],[35.5688265,32.6496859],[35.5684466,32.6492938],[35.5671861,32.6493712],[35.5660469,32.6494961],[35.5655346,32.649116],[35.5647883,32.6486443],[35.5642176,32.6482836]]}},
{"type":"Feature","properties":{"river":"jordan","relationId":2246907,"wayId":845106660,"version":6,"endNodeIds":[7884419125,7884419126],"provenance":{"dataset":"OpenStreetMap","version":"overpass-attic:2026-10-08T00:00:00Z; way 845106660 v6","upstreamFeatureIds":["osm:way/845106660","osm:relation/2246907"],"changes":[{"kind":"overpass-attic-download","detail":"A main-stream way of the Jordan's waterway relation, as OpenStreetMap held it at 2026-10-08T00:00:00Z, read through Overpass. © OpenStreetMap contributors, ODbL 1.0.","sources":["osm:relation/2246907"]}]}},"geometry":{"type":"LineString","coordinates":[[35.5701494,32.6531285],[35.5697472,32.6527759]]}},
{"type":"Feature","properties":{"river":"jordan","relationId":2246907,"wayId":642176672,"version":20,"endNodeIds":[9151216433,7884419125],"provenance":{"dataset":"OpenStreetMap","version":"overpass-attic:2026-10-08T00:00:00Z; way 642176672 v20","upstreamFeatureIds":["osm:way/642176672","osm:relation/2246907"],"changes":[{"kind":"overpass-attic-download","detail":"A main-stream way of the Jordan's waterway relation, as OpenStreetMap held it at 2026-10-08T00:00:00Z, read through Overpass. © OpenStreetMap contributors, ODbL 1.0.","sources":["osm:relation/2246907"]}]}},"geometry":{"type":"LineString","coordinates":[[35.567754,32.689222],[35.5676601,32.6893158],[35.5676269,32.6893542],[35.5673479,32.6894798],[35.5668759,32.6895014],[35.5656442,32.6895348],[35.5646357,32.6896387],[35.5637951,32.6897831],[35.5635199,32.6897831],[35.5632457,32.6896527],[35.5629453,32.689422],[35.5628547,32.6890797],[35.5628547,32.688863],[35.5629706,32.6882879],[35.5631084,32.6879267],[35.5633611,32.6872526],[35.5635032,32.6866693],[35.5635285,32.6864458],[35.5634689,32.6861568],[35.5631379,32.6861469],[35.5628896,32.686183],[35.5627694,32.6862986],[35.5627951,32.6864431],[35.5627951,32.6865948],[35.5627131,32.6868214],[35.5625033,32.687021],[35.5622372,32.6871366],[35.5620693,32.6870959],[35.5596409,32.6855789],[35.5593962,32.6853378],[35.5592731,32.6850306],[35.5591829,32.684662],[35.5592604,32.6844652],[35.5594821,32.6842109],[35.5597862,32.6840619],[35.5599626,32.6839943],[35.5608291,32.6836619],[35.5611681,32.6833756],[35.5614733,32.6829828],[35.5617094,32.68266],[35.5619797,32.6820653],[35.5620999,32.6816824],[35.5620441,32.6813957],[35.5619797,32.6812345],[35.5617995,32.6810901],[35.561059,32.6808355],[35.5605936,32.6807094],[35.5601473,32.6804859],[35.5598721,32.6802037],[35.5596924,32.679908],[35.5594299,32.6793103],[35.559164,32.6789449],[35.5582375,32.6780847],[35.5579414,32.6778707],[35.5575632,32.6776607],[35.5572328,32.6773627],[35.5570445,32.6770082],[35.5569921,32.6768115],[35.5568157,32.6761493],[35.5566462,32.6751603],[35.5566835,32.6747325],[35.5567307,32.674518],[35.5569544,32.6740845],[35.5571984,32.6737576],[35.5574651,32.6734753],[35.5576714,32.6732961],[35.5577698,32.6732107],[35.5582112,32.6729335],[35.5587096,32.672724],[35.5590867,32.6726734],[35.559473,32.6727095],[35.5598426,32.6727456],[35.5601939,32.6726156],[35.5606837,32.6722832],[35.5610099,32.6719653],[35.5614562,32.6714018],[35.561851,32.6706431],[35.5619797,32.6703474],[35.5620822,32.6700435],[35.5621299,32.6698511],[35.5622716,32.6695526],[35.5627446,32.6687818],[35.5633874,32.6680565],[35.5640103,32.6673642],[35.564147,32.6670115],[35.5641851,32.6668065],[35.564147,32.6665419],[35.5641169,32.6663012],[35.5641255,32.6659539],[35.5643009,32.6653059],[35.5644903,32.6648868],[35.5644903,32.6646917],[35.5645976,32.6628903],[35.5646357,32.6616569],[35.5646705,32.6607537],[35.5648288,32.660354],[35.5651684,32.6597642],[35.5655798,32.65928],[35.5658979,32.6589616],[35.5664081,32.6584463],[35.5665159,32.6581527],[35.5664939,32.6579116],[35.5662927,32.6576609],[35.5662536,32.6573768],[35.5662927,32.6571623],[35.5664859,32.6568859],[35.5667042,32.6566492],[35.5668329,32.6564979],[35.567069,32.6562495],[35.5672583,32.656105],[35.5674085,32.6559989],[35.5676446,32.6559682],[35.5680131,32.655946],[35.5683478,32.6559171],[35.5686531,32.6558476],[35.5688205,32.6558376],[35.5691289,32.6557875],[35.5693483,32.6557031],[35.5695581,32.6554763],[35.5697426,32.6549804],[35.5699235,32.6542952],[35.569977,32.6540586],[35.5702464,32.6531984],[35.5701494,32.6531285]]}},
{"type":"Feature","properties":{"river":"jordan","relationId":2246907,"wayId":990290960,"version":9,"endNodeIds":[9151216434,9151216433],"provenance":{"dataset":"OpenStreetMap","version":"overpass-attic:2026-10-08T00:00:00Z; way 990290960 v9","upstreamFeatureIds":["osm:way/990290960","osm:relation/2246907"],"changes":[{"kind":"overpass-attic-download","detail":"A main-stream way of the Jordan's waterway relation, as OpenStreetMap held it at 2026-10-08T00:00:00Z, read through Overpass. © OpenStreetMap contributors, ODbL 1.0.","sources":["osm:relation/2246907"]}]}},"geometry":{"type":"LineString","coordinates":[[35.5678268,32.6891286],[35.567754,32.689222]]}},
{"type":"Feature","properties":{"river":"jordan","relationId":2246907,"wayId":990290961,"version":7,"endNodeIds":[9151216477,9151216434],"provenance":{"dataset":"OpenStreetMap","version":"overpass-attic:2026-10-08T00:00:00Z; way 990290961 v7","upstreamFeatureIds":["osm:way/990290961","osm:relation/2246907"],"changes":[{"kind":"overpass-attic-download","detail":"A main-stream way of the Jordan's waterway relation, as OpenStreetMap held it at 2026-10-08T00:00:00Z, read through Overpass. © OpenStreetMap contributors, ODbL 1.0.","sources":["osm:relation/2246907"]}]}},"geometry":{"type":"LineString","coordinates":[[35.5701601,32.687978],[35.569932,32.6878328],[35.5698247,32.6876784],[35.56952,32.6871465],[35.5693666,32.686998],[35.5692882,32.6869221],[35.568932,32.686732],[35.5686354,32.6867054],[35.5684042,32.6867054],[35.5682754,32.6867054],[35.5678506,32.686667],[35.56746,32.6866187],[35.5668372,32.6865803],[35.5664682,32.6866598],[35.5663485,32.6867682],[35.5662536,32.6869199],[35.5662793,32.6872016],[35.566451,32.6875772],[35.5668372,32.687924],[35.5674214,32.6883502],[35.5677004,32.6886919],[35.5678162,32.6889502],[35.5678329,32.6891159],[35.5678268,32.6891286]]}},
{"type":"Feature","properties":{"river":"jordan","relationId":2246907,"wayId":990290968,"version":5,"endNodeIds":[6046283261,9151216477],"provenance":{"dataset":"OpenStreetMap","version":"overpass-attic:2026-10-08T00:00:00Z; way 990290968 v5","upstreamFeatureIds":["osm:way/990290968","osm:relation/2246907"],"changes":[{"kind":"overpass-attic-download","detail":"A main-stream way of the Jordan's waterway relation, as OpenStreetMap held it at 2026-10-08T00:00:00Z, read through Overpass. © OpenStreetMap contributors, ODbL 1.0.","sources":["osm:relation/2246907"]}]}},"geometry":{"type":"LineString","coordinates":[[35.5702495,32.688035],[35.5701601,32.687978]]}},
{"type":"Feature","properties":{"river":"jordan","relationId":2246907,"wayId":990290967,"version":7,"endNodeIds":[9151216436,6046283261],"provenance":{"dataset":"OpenStreetMap","version":"overpass-attic:2026-10-08T00:00:00Z; way 990290967 v7","upstreamFeatureIds":["osm:way/990290967","osm:relation/2246907"],"changes":[{"kind":"overpass-attic-download","detail":"A main-stream way of the Jordan's waterway relation, as OpenStreetMap held it at 2026-10-08T00:00:00Z, read through Overpass. © OpenStreetMap contributors, ODbL 1.0.","sources":["osm:relation/2246907"]}]}},"geometry":{"type":"LineString","coordinates":[[35.5687676,32.6898147],[35.5688197,32.6897832],[35.5707001,32.6890224],[35.5708761,32.6889086],[35.5709491,32.6887547],[35.570919,32.6885768],[35.5708074,32.688403],[35.570507,32.6881863],[35.5703947,32.6881203],[35.5702495,32.688035]]}},
{"type":"Feature","properties":{"river":"jordan","relationId":2246907,"wayId":990290962,"version":7,"endNodeIds":[9151216437,9151216436],"provenance":{"dataset":"OpenStreetMap","version":"overpass-attic:2026-10-08T00:00:00Z; way 990290962 v7","upstreamFeatureIds":["osm:way/990290962","osm:relation/2246907"],"changes":[{"kind":"overpass-attic-download","detail":"A main-stream way of the Jordan's waterway relation, as OpenStreetMap held it at 2026-10-08T00:00:00Z, read through Overpass. © OpenStreetMap contributors, ODbL 1.0.","sources":["osm:relation/2246907"]}]}},"geometry":{"type":"LineString","coordinates":[[35.5686837,32.6898785],[35.5687676,32.6898147]]}},
{"type":"Feature","properties":{"river":"jordan","relationId":2246907,"wayId":990290959,"version":12,"endNodeIds":[1065180721,9151216437],"provenance":{"dataset":"OpenStreetMap","version":"overpass-attic:2026-10-08T00:00:00Z; way 990290959 v12","upstreamFeatureIds":["osm:way/990290959","osm:relation/2246907"],"changes":[{"kind":"overpass-attic-download","detail":"A main-stream way of the Jordan's waterway relation, as OpenStreetMap held it at 2026-10-08T00:00:00Z, read through Overpass. © OpenStreetMap contributors, ODbL 1.0.","sources":["osm:relation/2246907"]}]}},"geometry":{"type":"LineString","coordinates":[[35.5729021,32.7114961],[35.5717505,32.7112305],[35.5716164,32.7111765],[35.5714987,32.7110991],[35.5712741,32.7108129],[35.5711401,32.710607],[35.5711395,32.7103429],[35.571172,32.7096975],[35.5711211,32.7094809],[35.5710241,32.7092582],[35.5708852,32.7091423],[35.5707444,32.7090624],[35.57047,32.7090528],[35.5701931,32.7090947],[35.5694803,32.7094271],[35.568745,32.7094556],[35.5681435,32.7092699],[35.5678727,32.7086116],[35.5677011,32.7075283],[35.5678078,32.7071869],[35.5678582,32.7064848],[35.5678838,32.7058908],[35.5678981,32.7055587],[35.5676152,32.704206],[35.5673409,32.7029933],[35.5667772,32.7024862],[35.5662413,32.7022101],[35.5651312,32.7021834],[35.5637177,32.702513],[35.5628836,32.702092],[35.5627053,32.702003],[35.5624235,32.7014273],[35.5625197,32.7008327],[35.5627566,32.7002441],[35.5638025,32.6996316],[35.56522,32.6998243],[35.5661047,32.6996076],[35.5664642,32.6988854],[35.5663167,32.6983593],[35.5659844,32.6979223],[35.5657953,32.697493],[35.5658128,32.6970556],[35.5659497,32.6967289],[35.5662227,32.6964752],[35.5667769,32.6966287],[35.5672156,32.6965911],[35.567554,32.6962276],[35.5682434,32.696002],[35.5688127,32.6956725],[35.5689911,32.6955693],[35.5691582,32.6951235],[35.5690706,32.6945981],[35.5694629,32.6944659],[35.5706565,32.694289],[35.5710075,32.6940634],[35.5707968,32.6936115],[35.5704309,32.6932236],[35.5692291,32.6924219],[35.5687069,32.6921081],[35.5686283,32.6920608],[35.5683564,32.691738],[35.5681596,32.6914274],[35.5681467,32.6913073],[35.5681381,32.6911118],[35.568181,32.690859],[35.5683993,32.690315],[35.5685286,32.6900622],[35.5685865,32.6900026],[35.5686837,32.6898785]]}},
{"type":"Feature","properties":{"river":"jordan","relationId":2246907,"wayId":23166153,"version":20,"endNodeIds":[31490214,1065180721],"provenance":{"dataset":"OpenStreetMap","version":"overpass-attic:2026-10-08T00:00:00Z; way 23166153 v20","upstreamFeatureIds":["osm:way/23166153","osm:relation/2246907"],"changes":[{"kind":"overpass-attic-download","detail":"A main-stream way of the Jordan's waterway relation, as OpenStreetMap held it at 2026-10-08T00:00:00Z, read through Overpass. © OpenStreetMap contributors, ODbL 1.0.","sources":["osm:relation/2246907"]}]}},"geometry":{"type":"LineString","coordinates":[[35.5783335,32.7100577],[35.5778525,32.7100044],[35.5774559,32.7100431],[35.5768216,32.7102596],[35.5752542,32.7112115],[35.5745652,32.7114309],[35.5731872,32.7115347],[35.5729021,32.7114961]]}},
{"type":"Feature","properties":{"river":"jordan","relationId":2246907,"wayId":1013928476,"version":10,"endNodeIds":[1652312688,8503704133],"provenance":{"dataset":"OpenStreetMap","version":"overpass-attic:2026-10-08T00:00:00Z; way 1013928476 v10","upstreamFeatureIds":["osm:way/1013928476","osm:relation/2246907"],"changes":[{"kind":"overpass-attic-download","detail":"A main-stream way of the Jordan's waterway relation, as OpenStreetMap held it at 2026-10-08T00:00:00Z, read through Overpass. © OpenStreetMap contributors, ODbL 1.0.","sources":["osm:relation/2246907"]}]}},"geometry":{"type":"LineString","coordinates":[[35.621649,32.922719],[35.621921,32.9222848],[35.6221639,32.9218465],[35.6222003,32.9213164],[35.6223946,32.9207965],[35.6228075,32.9203683],[35.6229897,32.9198892],[35.6231111,32.9194203],[35.6230018,32.9190431],[35.6228544,32.918844],[35.6227225,32.9186659],[35.622651,32.9184119],[35.6225646,32.9181053],[35.6224432,32.9175242],[35.6226496,32.9170145],[35.6227785,32.9162358],[35.622753,32.9157478],[35.6227711,32.9155261],[35.6224068,32.9147207],[35.6221957,32.9140887],[35.622228,32.9136315],[35.6223218,32.9132323],[35.6225403,32.9121822],[35.6225889,32.9116623],[35.6228197,32.9111321],[35.623099,32.9104796],[35.623184,32.9098475],[35.6231597,32.9094907],[35.6230018,32.9090931],[35.6228805,32.9089233],[35.6227832,32.9087872],[35.6225525,32.9085425],[35.6225602,32.9084161],[35.6225768,32.9081449],[35.6226739,32.9078289],[35.6228925,32.9074924],[35.6231961,32.9072375],[35.6235483,32.9070744],[35.6240462,32.9069623],[35.6240705,32.9067889],[35.6240027,32.9066638],[35.6239601,32.906585],[35.6238883,32.9064525],[35.6234876,32.9063403],[35.6232811,32.9063913],[35.6229775,32.9065136],[35.6226873,32.9064618],[35.6224068,32.9064117],[35.6222125,32.9062486],[35.6217388,32.9060447],[35.6215445,32.9058203],[35.6212531,32.9055757],[35.6209252,32.9055858],[35.6206441,32.9057658],[35.6199851,32.9060059],[35.619556,32.9061521],[35.6190959,32.9061677],[35.6185674,32.9060477],[35.6181508,32.905865],[35.6176721,32.9056666],[35.6173736,32.9054891],[35.6171311,32.9052699],[35.6168949,32.9051916],[35.6167456,32.9052229],[35.6166151,32.9052907],[35.6164658,32.9054839],[35.6163539,32.9056301],[35.6161301,32.9056875],[35.6159622,32.9056614],[35.6158316,32.9054735],[35.6157695,32.9052699],[35.6157881,32.9051289],[35.6158627,32.904941],[35.615956,32.9047113],[35.6159435,32.9044868],[35.6158814,32.9042624],[35.6158378,32.9039857],[35.6158752,32.9036464],[35.6159125,32.9033697],[35.6159125,32.9031296],[35.6158068,32.9029834],[35.6155705,32.9028581],[35.6151601,32.902785],[35.6148368,32.9026545],[35.6144637,32.9025188],[35.6140161,32.9023308],[35.6135684,32.9020803],[35.6132637,32.9016365],[35.6131882,32.9014912],[35.6130865,32.9013247],[35.6130026,32.9011771],[35.6126979,32.9008587],[35.6123186,32.9003001],[35.6122254,32.900013],[35.6121818,32.8997833],[35.6123311,32.8996893],[35.6124368,32.8996736],[35.6128036,32.8998355],[35.6129839,32.8998929],[35.613301,32.8998824],[35.6135249,32.8998041],[35.6136679,32.899611],[35.61373,32.8994439],[35.6136306,32.8992351],[35.6135622,32.8989584],[35.6134938,32.8985199],[35.6132637,32.8982119],[35.612928,32.898097],[35.6126917,32.8979352],[35.6125176,32.8975019],[35.6125549,32.8961654],[35.6125425,32.895732],[35.6124204,32.8950004]]}},
{"type":"Feature","properties":{"river":"jordan","relationId":2246907,"wayId":152416475,"version":26,"endNodeIds":[1652312919,1652312688],"provenance":{"dataset":"OpenStreetMap","version":"overpass-attic:2026-10-08T00:00:00Z; way 152416475 v26","upstreamFeatureIds":["osm:way/152416475","osm:relation/2246907"],"changes":[{"kind":"overpass-attic-download","detail":"A main-stream way of the Jordan's waterway relation, as OpenStreetMap held it at 2026-10-08T00:00:00Z, read through Overpass. © OpenStreetMap contributors, ODbL 1.0.","sources":["osm:relation/2246907"]}]}},"geometry":{"type":"LineString","coordinates":[[35.6254128,32.9799405],[35.6254377,32.9796985],[35.6254924,32.9795107],[35.6256963,32.9792437],[35.6259301,32.978985],[35.6263181,32.978576],[35.6269001,32.9781504],[35.6272184,32.9777707],[35.6274572,32.9773117],[35.6273018,32.9765284],[35.6270977,32.9760417],[35.626716,32.9754172],[35.6263598,32.9737979],[35.626321,32.9737327],[35.626098,32.9733577],[35.6259804,32.9731589],[35.6257498,32.972837],[35.625627,32.9726844],[35.6254924,32.9725171],[35.6252735,32.9722875],[35.6251442,32.9720038],[35.6252735,32.9715907],[35.6254426,32.9712944],[35.625562,32.9710148],[35.6257311,32.9705975],[35.6256715,32.9703387],[35.6254526,32.9701342],[35.6253481,32.969671],[35.6252238,32.969308],[35.6249303,32.9688865],[35.6247612,32.9685443],[35.6247498,32.9683282],[35.6247313,32.9679767],[35.6247761,32.9677222],[35.6248905,32.9674259],[35.6251193,32.9671588],[35.6250895,32.9667331],[35.624995,32.9664118],[35.6248308,32.9661739],[35.6245025,32.9656522],[35.624403,32.9654561],[35.6243135,32.9650888],[35.6241991,32.9648509],[35.62402,32.9646047],[35.6237962,32.9636198],[35.6237813,32.9633652],[35.6239056,32.9631232],[35.6240897,32.9630063],[35.6243682,32.9629061],[35.6249353,32.96271],[35.6251492,32.9626015],[35.6252288,32.9623886],[35.6252437,32.9621674],[35.625189,32.9619629],[35.6250646,32.9617918],[35.6249303,32.9616332],[35.6248656,32.9613953],[35.6248955,32.9611199],[35.6249601,32.9607735],[35.62499,32.9605732],[35.6249402,32.9601934],[35.6246517,32.9596508],[35.6245871,32.9594379],[35.6247065,32.958958],[35.6249934,32.9584754],[35.6251756,32.9580169],[35.625297,32.9576704],[35.6254428,32.9573546],[35.6254185,32.9571202],[35.6251756,32.9568858],[35.6247627,32.9566311],[35.6246898,32.9565496],[35.6245562,32.9563152],[35.6245927,32.9558974],[35.6248234,32.9555611],[35.6250542,32.9549192],[35.6256128,32.9541447],[35.6257342,32.9538696],[35.6258192,32.9535129],[35.6258435,32.9530951],[35.6257706,32.952871],[35.6256665,32.95274],[35.6253577,32.9523513],[35.6251877,32.9520761],[35.6250784,32.9517297],[35.6251634,32.9514137],[35.6255763,32.9506495],[35.6257488,32.9501544],[35.6258071,32.9499871],[35.6259554,32.9492585],[35.6263588,32.9488845],[35.6264264,32.9485298],[35.6266207,32.9481426],[35.626645,32.9478776],[35.6264507,32.94747],[35.6261471,32.9471643],[35.6260014,32.9470522],[35.6258071,32.9468993],[35.6255885,32.9466751],[35.6256735,32.9463286],[35.6257706,32.9459311],[35.6256006,32.9448815],[35.625382,32.9445044],[35.6251149,32.944219],[35.6248113,32.9440458],[35.6245077,32.9438012],[35.6243012,32.9435668],[35.6243741,32.9431999],[35.6244227,32.942833],[35.6245966,32.9425005],[35.6247731,32.9420919],[35.624778,32.9416606],[35.6247748,32.9406724],[35.6246777,32.9403259],[35.6244348,32.9401628],[35.6241434,32.9397246],[35.6242284,32.9394596],[35.6244712,32.9388889],[35.6245077,32.93842],[35.6244955,32.9380022],[35.6246291,32.937462],[35.6246898,32.9369524],[35.6247991,32.9365243],[35.6248624,32.9363474],[35.6249449,32.9361166],[35.6251756,32.9358109],[35.6254792,32.9354236],[35.6255521,32.9350974],[35.6254549,32.9348018],[35.6253335,32.9344961],[35.6251392,32.9341393],[35.6248514,32.9339575],[35.6244239,32.9337365],[35.6239341,32.9335768],[35.62353,32.9332818],[35.6232589,32.9330241],[35.623197,32.9327826],[35.6230153,32.9320265],[35.6226755,32.9317511],[35.6222955,32.9314754],[35.6220546,32.9312447],[35.6219662,32.9310744],[35.6219817,32.9309389],[35.6219453,32.9306535],[35.6218603,32.9304802],[35.6215445,32.9301336],[35.6213502,32.929889],[35.6212774,32.9295323],[35.6211559,32.9291347],[35.6212167,32.9285843],[35.6212531,32.9281584],[35.6211438,32.9277791],[35.6210102,32.927514],[35.6208159,32.9272184],[35.6208645,32.9269228],[35.6208958,32.9268211],[35.6211559,32.9259749],[35.6212783,32.9257939],[35.621411,32.9255977],[35.6215567,32.9252511],[35.6214717,32.9249861],[35.621326,32.9246599],[35.6211316,32.924191],[35.6212652,32.9236406],[35.6214231,32.923243],[35.621649,32.922719]]}},
{"type":"Feature","properties":{"river":"jordan","relationId":2246907,"wayId":1013928475,"version":6,"endNodeIds":[331908231,1652312919],"provenance":{"dataset":"OpenStreetMap","version":"overpass-attic:2026-10-08T00:00:00Z; way 1013928475 v6","upstreamFeatureIds":["osm:way/1013928475","osm:relation/2246907"],"changes":[{"kind":"overpass-attic-download","detail":"A main-stream way of the Jordan's waterway relation, as OpenStreetMap held it at 2026-10-08T00:00:00Z, read through Overpass. © OpenStreetMap contributors, ODbL 1.0.","sources":["osm:relation/2246907"]}]}},"geometry":{"type":"LineString","coordinates":[[35.6267073,32.9973014],[35.6253489,32.9938193],[35.6252846,32.9935415],[35.6252068,32.993105],[35.6254107,32.9927856],[35.6255126,32.9926371],[35.6255984,32.9923199],[35.6255797,32.9919104],[35.6255716,32.9914965],[35.6259386,32.9910724],[35.6261188,32.9908643],[35.6262368,32.9905494],[35.6261831,32.9902546],[35.6260624,32.9898564],[35.6258905,32.9895854],[35.6258834,32.9883328],[35.6258657,32.9881999],[35.6258425,32.9871191],[35.6259629,32.9862951],[35.6262037,32.9853272],[35.6262534,32.9847598],[35.6260594,32.984305],[35.6255968,32.9835456],[35.6253879,32.9831909],[35.6252785,32.9827445],[35.6254824,32.9824983],[35.6257809,32.9822813],[35.6261539,32.9819058],[35.6264872,32.981597],[35.6265768,32.9813842],[35.626527,32.9811213],[35.6263828,32.9809252],[35.6261838,32.9805789],[35.6256715,32.9803327],[35.6255421,32.9802075],[35.6254924,32.9801049],[35.6254128,32.9799405]]}},
{"type":"Feature","properties":{"river":"jordan","relationId":2246907,"wayId":30094978,"version":55,"endNodeIds":[502859116,331908231],"provenance":{"dataset":"OpenStreetMap","version":"overpass-attic:2026-10-08T00:00:00Z; way 30094978 v55","upstreamFeatureIds":["osm:way/30094978","osm:relation/2246907"],"changes":[{"kind":"overpass-attic-download","detail":"A main-stream way of the Jordan's waterway relation, as OpenStreetMap held it at 2026-10-08T00:00:00Z, read through Overpass. © OpenStreetMap contributors, ODbL 1.0.","sources":["osm:relation/2246907"]}]}},"geometry":{"type":"LineString","coordinates":[[35.6192668,33.1866471],[35.619409,33.186108],[35.6194743,33.1855894],[35.6194214,33.1850731],[35.619296,33.1846772],[35.6190633,33.1842296],[35.6185197,33.1836861],[35.6180692,33.183354],[35.6169855,33.182744],[35.6165796,33.1824245],[35.6162847,33.1821154],[35.6158726,33.1815113],[35.6157317,33.1812322],[35.6157154,33.1811715],[35.6155097,33.1807123],[35.6154088,33.1800262],[35.615407,33.1794417],[35.6154559,33.1790998],[35.6156965,33.1780249],[35.6160053,33.1765774],[35.6160621,33.1758877],[35.6160376,33.1751912],[35.6153479,33.1731417],[35.6135939,33.1712958],[35.6113259,33.1699184],[35.61123,33.1697867],[35.6106719,33.1690202],[35.6104512,33.1687171],[35.6102806,33.1682488],[35.6102194,33.1672838],[35.6102312,33.1664598],[35.6102827,33.1658347],[35.6104029,33.1650529],[35.6105279,33.1645181],[35.610773,33.1639375],[35.6110353,33.1633887],[35.6113164,33.1629806],[35.6117644,33.1623725],[35.6122021,33.1618574],[35.6128405,33.16131],[35.6168653,33.1587074],[35.6245215,33.1539992],[35.6249941,33.1536772],[35.6256974,33.1531315],[35.6260943,33.152743],[35.6267466,33.1520613],[35.6270969,33.1516023],[35.6275084,33.1509084],[35.6283431,33.1492119],[35.6285039,33.148528],[35.6286828,33.1475499],[35.628841,33.14669],[35.6295197,33.141312],[35.629546,33.1407463],[35.6296268,33.1390122],[35.6284558,33.129527],[35.6279133,33.1251326],[35.6248729,33.1014515],[35.6248221,33.1010558],[35.6241896,33.0959898],[35.6220824,33.0791116],[35.6212595,33.0719983],[35.6212579,33.0719608],[35.621243,33.071613],[35.6212964,33.0712745],[35.62357,33.0632358],[35.6272826,33.0493022],[35.6273045,33.0492201],[35.6276495,33.0482701],[35.6279425,33.0477147],[35.6278283,33.0469591],[35.6280384,33.0464579],[35.6281622,33.0458033],[35.6283802,33.045672],[35.6285231,33.0454777],[35.6285089,33.0450742],[35.6288067,33.0435816],[35.6293364,33.041359],[35.6292505,33.0393012],[35.6293145,33.0385135],[35.6295415,33.0378726],[35.6309601,33.0359852],[35.6308882,33.0340593],[35.6308631,33.0331381],[35.6308524,33.032743],[35.6308437,33.032423],[35.6305019,33.0281418],[35.6304628,33.0279614],[35.6303216,33.0273101],[35.6293048,33.025475],[35.6283331,33.0241422],[35.6280835,33.02367],[35.6281022,33.0224563],[35.6281451,33.019663],[35.6282513,33.0178624],[35.628584,33.016517],[35.6289361,33.0154766],[35.6286764,33.0147144],[35.6282335,33.0109482],[35.6282784,33.0104973],[35.6283451,33.0098277],[35.6286286,33.0092204],[35.6289877,33.0075786],[35.6290966,33.0058179],[35.6290203,33.0052057],[35.6287554,33.0030795],[35.6285967,33.0024477],[35.6284926,33.0021871],[35.6284195,33.0020696],[35.6283713,33.0020358],[35.6282928,33.0020118],[35.6281745,33.0020164],[35.6280655,33.0020366],[35.6279494,33.002094],[35.6278402,33.0021886],[35.626884,33.0025311],[35.6263961,33.0025072],[35.6263682,33.0024586],[35.6262931,33.0022942],[35.6262483,33.002049],[35.6261346,33.0015447],[35.6258892,33.0011753],[35.6259455,33.0008334],[35.6264146,33.0001806],[35.6268853,32.9991832],[35.6269905,32.9981965],[35.6267073,32.9973014]]}},
{"type":"Feature","properties":{"river":"jordan","relationId":2246907,"wayId":1082622557,"version":9,"endNodeIds":[597298150,502859116],"provenance":{"dataset":"OpenStreetMap","version":"overpass-attic:2026-10-08T00:00:00Z; way 1082622557 v9","upstreamFeatureIds":["osm:way/1082622557","osm:relation/2246907"],"changes":[{"kind":"overpass-attic-download","detail":"A main-stream way of the Jordan's waterway relation, as OpenStreetMap held it at 2026-10-08T00:00:00Z, read through Overpass. © OpenStreetMap contributors, ODbL 1.0.","sources":["osm:relation/2246907"]}]}},"geometry":{"type":"LineString","coordinates":[[35.6255141,33.1956046],[35.6252212,33.1950799],[35.6251296,33.1949159],[35.6250551,33.1948111],[35.6248542,33.1945287],[35.6243032,33.1938651],[35.6235706,33.1933843],[35.6221065,33.1927293],[35.6217762,33.1924992],[35.6213569,33.1921073],[35.6209984,33.1916178],[35.6208491,33.1912298],[35.6205768,33.1893955],[35.6205138,33.1891024],[35.6204123,33.1886392],[35.6195909,33.1875312],[35.6192668,33.1866471]]}},
{"type":"Feature","properties":{"river":"yarmuk","relationId":1355013,"wayId":92734694,"version":20,"endNodeIds":[1570953719,1562910313],"provenance":{"dataset":"OpenStreetMap","version":"overpass-attic:2026-10-08T00:00:00Z; way 92734694 v20","upstreamFeatureIds":["osm:way/92734694","osm:relation/1355013"],"changes":[{"kind":"overpass-attic-download","detail":"A main-stream way of the Yarmuk's waterway relation, as OpenStreetMap held it at 2026-10-08T00:00:00Z, read through Overpass. © OpenStreetMap contributors, ODbL 1.0.","sources":["osm:relation/1355013"]}]}},"geometry":{"type":"LineString","coordinates":[[36.171007,32.5920395],[36.1711389,32.5921117],[36.1712542,32.5922066],[36.1714205,32.5923987],[36.1715063,32.5925207],[36.1715519,32.5926292],[36.171568,32.5927399],[36.1715439,32.5928664],[36.171324,32.5931986],[36.1709189,32.593811],[36.1705595,32.5944754],[36.1704174,32.5947601],[36.1702833,32.5949793],[36.1701277,32.595185],[36.1699077,32.5954335],[36.1695939,32.5957951],[36.169315,32.5961273],[36.169111,32.5964053],[36.1690065,32.5965318],[36.168832,32.596681],[36.1686069,32.5968301],[36.1683628,32.5969589],[36.168175,32.5970583],[36.1679363,32.5971487],[36.1674374,32.5973295],[36.1669278,32.5975125],[36.1663619,32.5977046],[36.1660802,32.5977745],[36.1658442,32.5977904],[36.1656269,32.5977837],[36.1653989,32.5977564],[36.1652434,32.5976842],[36.1651361,32.5975916],[36.16501,32.5974899],[36.164833,32.5973385],[36.1644763,32.597047],[36.1642671,32.5968911],[36.1640418,32.5967487],[36.1639291,32.5966946],[36.1636582,32.5965928],[36.1634865,32.5965476],[36.1632398,32.5965024],[36.1629957,32.5964753],[36.1627462,32.5964549],[36.1625236,32.5964504],[36.162293,32.596473],[36.1619925,32.5965069],[36.1616975,32.5965318],[36.1614614,32.5965319],[36.1613247,32.5965227],[36.161153,32.5964866],[36.160917,32.5964301],[36.1605763,32.596342],[36.1602277,32.5962584],[36.1598629,32.5961747],[36.1596054,32.5961363],[36.1593559,32.5961092],[36.1591038,32.5961318],[36.1588919,32.596186],[36.1586693,32.5962471],[36.1584547,32.5963284],[36.1582857,32.5964188],[36.1581489,32.5965069],[36.1579317,32.5966606],[36.1576259,32.5969012],[36.1574328,32.5970323],[36.157245,32.5971306],[36.1571109,32.5971781],[36.1568508,32.5971848],[36.1566496,32.59716],[36.1563545,32.5970719],[36.1558932,32.5968685],[36.1556706,32.5967306],[36.1553567,32.5965228],[36.1551207,32.5963533],[36.1548766,32.5961476],[36.1543241,32.5956912],[36.1538172,32.5953002],[36.1536455,32.5951963],[36.1534658,32.5951262],[36.1533102,32.5950765],[36.1531413,32.5950471],[36.1527738,32.5949839],[36.1522132,32.5948957],[36.1517814,32.5948347],[36.1513227,32.5947782],[36.1510652,32.5947827],[36.1508131,32.5948099],[36.1505315,32.5948663],[36.1503625,32.5949341],[36.150282,32.5950268],[36.1502364,32.5951081],[36.1502016,32.5952595],[36.1502176,32.5954878],[36.1502606,32.5959126],[36.1503276,32.5961612],[36.1504027,32.5964075],[36.15051,32.5967058],[36.1505958,32.596986],[36.1506146,32.5972052],[36.1506119,32.5973249],[36.1505771,32.5974289],[36.1505315,32.5975012],[36.1504215,32.5976006],[36.1502632,32.5976775],[36.1500218,32.5977543],[36.1497992,32.5978288],[36.1495498,32.597917],[36.1493298,32.5979622],[36.1491555,32.5979733],[36.1490804,32.5979599],[36.1489463,32.5979079],[36.1488256,32.5978243],[36.1487344,32.5977317],[36.1486754,32.5976368],[36.1483374,32.5971735],[36.1480209,32.5968301],[36.1477661,32.5966131],[36.1475569,32.5964482],[36.1473745,32.5963059],[36.1467616,32.5959318],[36.1466395,32.5958675],[36.1465256,32.5958267],[36.1464223,32.5958019],[36.1462721,32.5957748],[36.1461567,32.5957726],[36.1460441,32.5957815],[36.1459073,32.5958064],[36.1457303,32.5958561],[36.1456418,32.5958946],[36.1455573,32.5959533],[36.1454768,32.5960211],[36.1454004,32.596125],[36.1453682,32.5961884],[36.1453519,32.5963148]]}},
{"type":"Feature","properties":{"river":"yarmuk","relationId":1355013,"wayId":168680011,"version":9,"endNodeIds":[1562910313,1799086140],"provenance":{"dataset":"OpenStreetMap","version":"overpass-attic:2026-10-08T00:00:00Z; way 168680011 v9","upstreamFeatureIds":["osm:way/168680011","osm:relation/1355013"],"changes":[{"kind":"overpass-attic-download","detail":"A main-stream way of the Yarmuk's waterway relation, as OpenStreetMap held it at 2026-10-08T00:00:00Z, read through Overpass. © OpenStreetMap contributors, ODbL 1.0.","sources":["osm:relation/1355013"]}]}},"geometry":{"type":"LineString","coordinates":[[36.1453519,32.5963148],[36.1453494,32.5965883],[36.1453548,32.5969973],[36.1453494,32.5973747],[36.1453267,32.5979775],[36.1452877,32.5981271],[36.145218,32.5982356],[36.1451199,32.5983593],[36.1448935,32.5984593],[36.1445823,32.5985745],[36.1442068,32.5987033],[36.1438823,32.598787],[36.1435337,32.5988573],[36.1433163,32.5988932],[36.1430991,32.5989112],[36.1428736,32.5989154],[36.142678,32.5988819],[36.1425519,32.5988254],[36.1424124,32.5987146],[36.1422726,32.5985834],[36.1421469,32.598439],[36.1420047,32.5982763],[36.141817,32.5980277],[36.1416641,32.5978627],[36.1414629,32.5977362],[36.1412644,32.5976232],[36.1407061,32.5973549],[36.1396417,32.5968323],[36.1392608,32.5966538],[36.1389631,32.5965318],[36.1387458,32.5964821],[36.1385822,32.596473],[36.1383945,32.5965069],[36.1382389,32.5965521],[36.1379921,32.596647],[36.1376515,32.5967532],[36.1374342,32.5968233],[36.1372304,32.5968481],[36.1370775,32.5968436],[36.1369514,32.5968165],[36.1368012,32.5967668],[36.1366349,32.5966967],[36.1363453,32.596577],[36.1359993,32.5964414],[36.1356828,32.5963148],[36.1354038,32.5962086],[36.1351463,32.5961363],[36.1349317,32.5960911],[36.1346823,32.5960618],[36.134406,32.5960256],[36.1341083,32.5959759],[36.1338776,32.5959262],[36.1337247,32.5958742],[36.1336443,32.5958245],[36.1335745,32.5957567],[36.1335209,32.5956844],[36.1334512,32.5955578],[36.1333573,32.5953929],[36.1332795,32.5952415],[36.1332124,32.5951014],[36.13314,32.5949567],[36.1330757,32.5947986],[36.1330408,32.5946223],[36.1330274,32.5945025],[36.1330381,32.5943511],[36.1330757,32.5941771],[36.1331266,32.594037],[36.1332929,32.5936303],[36.1333841,32.5934359],[36.1334538,32.5932642],[36.1335397,32.5930043],[36.1336094,32.5928032],[36.1337274,32.592593],[36.1338401,32.5924461],[36.1340815,32.5922066],[36.1343497,32.5920258],[36.1346447,32.5918337],[36.1347708,32.5917117],[36.1348513,32.5915761],[36.1348861,32.5914879],[36.134913,32.5913749],[36.1348942,32.5911806],[36.1348781,32.5910653],[36.1348566,32.5909411],[36.1348191,32.5907829],[36.1348007,32.5907526],[36.1347547,32.5906767],[36.1346152,32.5905682],[36.1344677,32.5905185],[36.1343041,32.5904868],[36.1340493,32.5904846],[36.1337757,32.5905026],[36.1333653,32.5905614],[36.132912,32.5906405],[36.1324882,32.5907377],[36.1321693,32.5908182],[36.1319599,32.590871],[36.1315253,32.5909591],[36.1313322,32.5909863],[36.1311364,32.5909863],[36.1308977,32.5909614],[36.1305839,32.5909162],[36.1300823,32.5908439],[36.12968,32.5908213],[36.1295244,32.5908439],[36.1293259,32.5908891],[36.129173,32.5909591],[36.1290362,32.5910857],[36.1287439,32.5914744],[36.1284864,32.5918134],[36.1282074,32.5921659],[36.1280626,32.592306],[36.1279392,32.5923557],[36.12773,32.5923738],[36.127553,32.5923286],[36.1273706,32.5921478],[36.1271775,32.5917591],[36.12692,32.5912439],[36.1266196,32.5907422],[36.1264694,32.5903761],[36.1263674,32.5900281],[36.1262977,32.5896891],[36.126169,32.5891015],[36.1260509,32.5886269],[36.1259222,32.5881162],[36.1256701,32.5874653],[36.1254984,32.5871851],[36.125316,32.586941],[36.1251229,32.5867512],[36.1249351,32.5866337],[36.124624,32.5865433],[36.1243612,32.5865026],[36.1240232,32.5865342],[36.1235297,32.5866065],[36.1231327,32.586706],[36.1222637,32.5869772],[36.1216307,32.5872755],[36.1210728,32.5876009],[36.1208206,32.5877275],[36.12059,32.5878224],[36.1201447,32.587958],[36.119737,32.5880303],[36.1193293,32.5880529],[36.1187661,32.5880981],[36.1184549,32.5881388],[36.118117,32.5881975],[36.1177254,32.5883693],[36.1174625,32.5885817],[36.1172855,32.5888529],[36.1171675,32.5891557],[36.1170924,32.5896213],[36.1170816,32.5900326],[36.117087,32.5903942],[36.1171246,32.5907603],[36.1171406,32.5912213],[36.1171192,32.5923422],[36.1171353,32.5928167],[36.1171836,32.5931376],[36.1172801,32.5935308],[36.1173874,32.5939557],[36.1175162,32.5943624],[36.1175859,32.5946155],[36.1176181,32.5949726],[36.1176234,32.5954064],[36.1176403,32.5958533],[36.1177146,32.5962425],[36.1178058,32.596586],[36.1179614,32.5969205],[36.1182028,32.5972775],[36.1183798,32.5974854],[36.1185783,32.5976526],[36.1189431,32.5978921],[36.1192059,32.5980865],[36.1194473,32.5982898],[36.1197799,32.598692],[36.119957,32.5990491],[36.120054,32.5994638],[36.1201286,32.5999529],[36.1201624,32.6005345],[36.1201447,32.6011053],[36.1200589,32.6017651],[36.1199892,32.60233],[36.1199194,32.602547],[36.1197692,32.6028271],[36.1195868,32.6029175],[36.1194259,32.6029492],[36.1191818,32.602965],[36.1190262,32.6029175],[36.1187875,32.6027707],[36.1184978,32.6025786],[36.1181062,32.6022871],[36.117897,32.6020815],[36.1176342,32.6017787],[36.1173069,32.6013765],[36.117028,32.6009246],[36.116749,32.6003687],[36.1165881,32.600093],[36.1163306,32.5997134],[36.1159873,32.5991982],[36.1153972,32.5986288],[36.1148393,32.5983667],[36.1142278,32.5982492],[36.1139542,32.5982989],[36.1136377,32.5985565],[36.1135733,32.5991078],[36.1136162,32.5997767],[36.1135948,32.6002648],[36.1134928,32.6005314],[36.1133265,32.6008342],[36.113171,32.6010782],[36.1130476,32.6012635],[36.1128384,32.6014262],[36.1126694,32.601546],[36.1125165,32.6016409],[36.1123797,32.6016928],[36.1122134,32.6017267],[36.1119529,32.6017542]]}},
{"type":"Feature","properties":{"river":"yarmuk","relationId":1355013,"wayId":168680010,"version":2,"endNodeIds":[1799086140,1569760261],"provenance":{"dataset":"OpenStreetMap","version":"overpass-attic:2026-10-08T00:00:00Z; way 168680010 v2","upstreamFeatureIds":["osm:way/168680010","osm:relation/1355013"],"changes":[{"kind":"overpass-attic-download","detail":"A main-stream way of the Yarmuk's waterway relation, as OpenStreetMap held it at 2026-10-08T00:00:00Z, read through Overpass. © OpenStreetMap contributors, ODbL 1.0.","sources":["osm:relation/1355013"]}]}},"geometry":{"type":"LineString","coordinates":[[36.1119529,32.6017542],[36.1111942,32.6018894]]}},
{"type":"Feature","properties":{"river":"yarmuk","relationId":1355013,"wayId":940677810,"version":11,"endNodeIds":[1569760261,8711795685],"provenance":{"dataset":"OpenStreetMap","version":"overpass-attic:2026-10-08T00:00:00Z; way 940677810 v11","upstreamFeatureIds":["osm:way/940677810","osm:relation/1355013"],"changes":[{"kind":"overpass-attic-download","detail":"A main-stream way of the Yarmuk's waterway relation, as OpenStreetMap held it at 2026-10-08T00:00:00Z, read through Overpass. © OpenStreetMap contributors, ODbL 1.0.","sources":["osm:relation/1355013"]}]}},"geometry":{"type":"LineString","coordinates":[[36.1111942,32.6018894],[36.1103547,32.602077],[36.1101857,32.6021289],[36.109955,32.6022238],[36.1096975,32.6023504],[36.1095044,32.6024566],[36.1093086,32.6025673],[36.109027,32.6027164],[36.1087561,32.6028339],[36.1085924,32.6028881],[36.1084396,32.6029198],[36.1082599,32.6029446],[36.1080721,32.6029943],[36.1078522,32.6030576],[36.1075115,32.6031616],[36.1072084,32.6032497],[36.1069643,32.6033265],[36.106731,32.6034327],[36.1064547,32.6035818],[36.1060497,32.6038168],[36.1055991,32.6040947],[36.1053872,32.604233],[36.1052504,32.6043478],[36.1050466,32.6045128],[36.1049017,32.6046754],[36.1046228,32.6050008],[36.104427,32.6052426],[36.104258,32.6054911],[36.1041614,32.6056606],[36.1040595,32.605873],[36.1040086,32.6060153],[36.1039844,32.6061351],[36.1039308,32.6063791],[36.1038959,32.606614],[36.1038825,32.6067745],[36.1038825,32.6069711],[36.1038852,32.6070931],[36.1039147,32.6072287],[36.1039817,32.6073552],[36.1040837,32.6074614],[36.1042902,32.6076444],[36.1044914,32.6078184],[36.1046576,32.6079517],[36.1048776,32.6080759],[36.1052853,32.6082499],[36.1058646,32.6084849],[36.1064386,32.6086972],[36.1068276,32.6088283],[36.1071011,32.6089549],[36.1073989,32.6091582],[36.1076242,32.6093073],[36.1079219,32.609479],[36.1081579,32.6095965],[36.1083698,32.6096688],[36.1085898,32.6097027],[36.1088446,32.6097253],[36.1091208,32.6097456],[36.1095232,32.6097434],[36.1098182,32.6097275],[36.1099228,32.6097163],[36.1101186,32.6096779],[36.1103546,32.60961],[36.1105344,32.6095333],[36.1106873,32.6094677],[36.1108803,32.6093705],[36.1110386,32.6093231],[36.1112452,32.6093141],[36.111508,32.6093299],[36.1116582,32.6093616],[36.1117521,32.6094135],[36.1118728,32.6095446],[36.1120069,32.6097027],[36.1120713,32.6098744],[36.1121088,32.610062],[36.112133,32.6102789],[36.1121115,32.6105048],[36.1120847,32.6107398],[36.1120605,32.6109476],[36.1120659,32.6111962],[36.1121088,32.6116322],[36.1121571,32.6120728],[36.1121759,32.6124862],[36.1121437,32.6127483],[36.1121276,32.6128477],[36.1120847,32.6129539],[36.1120257,32.613042],[36.1119506,32.6131414],[36.1118513,32.6132385],[36.111728,32.6133199],[36.1115777,32.6133831],[36.1113229,32.6134555],[36.1110628,32.613521],[36.1109126,32.6135323],[36.1107811,32.61353],[36.1106202,32.6135165],[36.1104566,32.6135097],[36.1101615,32.6135481],[36.1100113,32.6136136],[36.1097994,32.6137198],[36.1096465,32.6138531],[36.1095607,32.6139796],[36.1095124,32.6141558],[36.1095124,32.614314],[36.1095634,32.6144744],[36.1096385,32.6146168],[36.1097162,32.6147161],[36.1099014,32.6149105],[36.1100382,32.6150505],[36.1101267,32.6151703],[36.110175,32.6153149],[36.1101723,32.6154165],[36.1101401,32.6155792],[36.1100838,32.6157102],[36.1100113,32.6158435],[36.1098772,32.6159723],[36.1097404,32.6160559],[36.1095741,32.6161463],[36.1093301,32.6162253],[36.10874,32.6163857],[36.1078066,32.6166433],[36.1073828,32.6167495],[36.1067229,32.6169054],[36.1063099,32.617007],[36.1057358,32.6172013],[36.1045289,32.6176102],[36.1040971,32.6177774],[36.1038154,32.6178971],[36.1036491,32.617974],[36.1034051,32.6180779],[36.1031288,32.6181615],[36.1025307,32.6183512],[36.1022168,32.6184642],[36.1020157,32.6185749],[36.1018118,32.6187127],[36.1016455,32.6188302],[36.1013934,32.6189838],[36.1011735,32.6190832],[36.1009455,32.6191691],[36.1007524,32.6192323],[36.1002105,32.6193995],[36.0998592,32.6195125],[36.0996366,32.6195622],[36.0994193,32.6195938],[36.0992262,32.6196006],[36.0990706,32.6195802],[36.0989311,32.6195531],[36.0987782,32.6194786],[36.0986575,32.6193927],[36.0984993,32.6192323],[36.0983625,32.6190855],[36.0982338,32.6189364],[36.0980996,32.6187895],[36.0979977,32.6186562],[36.0979065,32.6185026],[36.0978126,32.6183535],[36.0977456,32.6182134],[36.0976946,32.6181073],[36.097582,32.6178],[36.097523,32.6176509],[36.0974479,32.6175131],[36.0972923,32.6173459],[36.0971662,32.6172397],[36.0970536,32.6171426],[36.0969277,32.6171019],[36.0967507,32.6170928],[36.0966325,32.6171087],[36.09652,32.617138],[36.0963133,32.6172262],[36.0961392,32.6172826],[36.0959512,32.6173301],[36.0957798,32.6173639],[36.0956347,32.6174069],[36.0955086,32.6174566],[36.0953879,32.6175244],[36.0953075,32.6175989],[36.0952458,32.6177503],[36.095176,32.6179469],[36.0951546,32.618053],[36.0951224,32.618227],[36.0950956,32.6183919],[36.0950795,32.618602],[36.0950446,32.6189093],[36.0949883,32.6192617],[36.0949105,32.6196073],[36.0948595,32.6197948],[36.0948032,32.6199891],[36.094763,32.6201495],[36.0947335,32.6202828],[36.094712,32.6204274],[36.0946557,32.6205494],[36.0945189,32.6207188],[36.0944062,32.6209063],[36.0942909,32.6211209],[36.09413,32.621374],[36.094071,32.6215073],[36.0939878,32.621636],[36.0938725,32.6217512],[36.0938162,32.6218326],[36.0938108,32.6219184],[36.0938376,32.6220223],[36.093902,32.622255],[36.0940066,32.6225238],[36.0940978,32.6227452],[36.0942051,32.6229915],[36.0944009,32.6233958],[36.0945135,32.6236827],[36.0946503,32.62406],[36.0947174,32.6243153],[36.0947522,32.624566],[36.0947737,32.6248281],[36.0948354,32.6252527],[36.0948756,32.6255329],[36.0948971,32.625831],[36.0949025,32.6260208],[36.0948998,32.6262151],[36.0948837,32.6263122],[36.09483,32.6264455],[36.0947442,32.6265607],[36.0946369,32.6266849],[36.0945082,32.6268114],[36.0942963,32.6269876],[36.0940763,32.6271706],[36.0937142,32.6274123],[36.0933253,32.6276698],[36.0930893,32.6278257],[36.0928827,32.6279838],[36.0927004,32.62816],[36.0924938,32.6283882],[36.0922846,32.6286367],[36.0920861,32.6288603],[36.0918581,32.6290681],[36.0915524,32.6292804],[36.0913002,32.6294363],[36.0909462,32.6296554],[36.0905734,32.6298587],[36.0902864,32.6299965],[36.0900718,32.6300801],[36.0899189,32.6301253],[36.0896963,32.6301524],[36.0893691,32.6301795],[36.0891118,32.6301772],[36.0888568,32.6301727],[36.0885432,32.6301365],[36.0880333,32.6300756],[36.0877785,32.6300439],[36.0875961,32.630001],[36.0873815,32.6299468],[36.0871991,32.6299265],[36.0870302,32.6299378],[36.086848,32.6299603],[36.0866412,32.6299378],[36.0864669,32.6299107],[36.0856757,32.62973],[36.0848147,32.629486],[36.0844579,32.6293911],[36.0842623,32.629364],[36.0840905,32.6293505],[36.0839269,32.629355],[36.0837123,32.6293911],[36.0835218,32.6294295],[36.0833609,32.629495],[36.0830364,32.6296712],[36.0827038,32.6298791],[36.0821137,32.6302405],[36.0817972,32.6304347],[36.0815719,32.6305499],[36.081183,32.6307261],[36.0808828,32.6308503],[36.0806572,32.6309226],[36.0803249,32.6309994],[36.0800403,32.6310424],[36.0797372,32.6310582],[36.0792142,32.6310875],[36.0787477,32.6311078],[36.0785249,32.6311237],[36.0782649,32.6311937],[36.0780153,32.6312683],[36.0778304,32.6313744],[36.077562,32.6315596],[36.0772616,32.6318036],[36.0770202,32.632043],[36.0768673,32.632226],[36.0767063,32.6324654],[36.0765588,32.63275],[36.0763818,32.633116],[36.0761887,32.6337236],[36.076135,32.6339269],[36.0760868,32.6341256],[36.0760573,32.6343402],[36.0760599,32.6345842],[36.0760948,32.6349501],[36.0760948,32.6352076],[36.0760733,32.635438],[36.0760412,32.6355532],[36.0760009,32.63563],[36.0758775,32.6357723],[36.0757166,32.6358942],[36.0753116,32.6361269],[36.0748478,32.6363979],[36.0744104,32.6366803],[36.0739705,32.6369581],[36.0737559,32.6370575],[36.0735762,32.6371185],[36.0732517,32.6371795],[36.07308,32.6372043],[36.0729298,32.6372201],[36.0726669,32.6372427],[36.0724121,32.6372472],[36.0720903,32.6372269],[36.0718837,32.6371975],[36.0716477,32.6371456],[36.07113,32.6370191],[36.0707143,32.63687],[36.0703227,32.6367187],[36.0700089,32.6365877],[36.069797,32.6364883],[36.0694673,32.6363256],[36.0691479,32.636163],[36.0689295,32.6360617],[36.0687777,32.6359914],[36.0676648,32.6355938],[36.067391,32.6354973],[36.0672677,32.6354538],[36.0670799,32.6353951],[36.066927,32.6353883],[36.0668224,32.6353838],[36.0666025,32.6354561],[36.0664362,32.6355645],[36.0662645,32.635691],[36.0660928,32.6358378],[36.0659239,32.6359914],[36.0657495,32.6361337],[36.0655725,32.6362737],[36.0654116,32.6363979],[36.0652882,32.6364431],[36.0651326,32.6364634],[36.0649744,32.6364747],[36.0648215,32.636468],[36.0647276,32.6364431],[36.0646498,32.6363979],[36.0645533,32.6363211],[36.0644621,32.6362579],[36.0643199,32.6361924],[36.0639902,32.6361133],[36.06388,32.6361133],[36.0637542,32.6361449],[36.0635903,32.6362037],[36.0634321,32.6362737],[36.0632148,32.6364092],[36.0630164,32.6365809],[36.0628715,32.6367571],[36.0627937,32.63694],[36.0627401,32.637184],[36.0626435,32.6374595],[36.0625201,32.6377712],[36.0623914,32.6380287],[36.0622305,32.6383494],[36.0620964,32.6385256],[36.0619301,32.6386973],[36.0616833,32.6388735],[36.061466,32.6389864],[36.061281,32.6390813],[36.0609886,32.6391897],[36.0607311,32.6392755],[36.0605463,32.6393387],[36.0603851,32.6394155],[36.0602215,32.6394878],[36.0598728,32.6396324],[36.0597709,32.6396798],[36.0597011,32.6397317],[36.0596046,32.6398447],[36.0594946,32.6399937],[36.0593793,32.6401247],[36.0591969,32.6402806],[36.0589796,32.6404274],[36.0587838,32.6405245],[36.0585746,32.6406284],[36.0583332,32.6407843],[36.058183,32.640861],[36.0580516,32.6409085],[36.0578746,32.6409311],[36.0576412,32.6409649],[36.0574561,32.640983],[36.0572818,32.6409943],[36.0570862,32.640983],[36.0569224,32.6409401],[36.0567912,32.640852],[36.0566354,32.6407255],[36.0564879,32.6406307],[36.0563591,32.6405878],[36.0562626,32.6405991],[36.0561579,32.6406804],[36.0560533,32.6407933],[36.0558924,32.6409988],[36.0557234,32.6412315],[36.0555008,32.6415409],[36.0554284,32.6416493],[36.0553452,32.6417103],[36.0551628,32.6417351],[36.0550209,32.6417238],[36.0547444,32.6416538],[36.054562,32.6415928],[36.0543933,32.6415521],[36.0542214,32.6415273],[36.0540336,32.6415251],[36.0538432,32.6415206],[36.0535296,32.641516],[36.0532665,32.6414822],[36.0529715,32.6414234],[36.0526094,32.6413399],[36.0524672,32.6413331],[36.0523733,32.6413489],[36.0523117,32.6414144],[36.0522822,32.6415251],[36.0522768,32.6417148],[36.0522875,32.6419023],[36.0523412,32.6421259],[36.0523841,32.6422365],[36.052494,32.642354],[36.0525665,32.6424466],[36.0526067,32.6426137],[36.0526094,32.6428825],[36.0526335,32.6431128],[36.052663,32.6433116],[36.0527301,32.6435871],[36.0527596,32.6436775],[36.0527945,32.6437656],[36.0528347,32.6438649],[36.0528615,32.6440027],[36.0528561,32.6441495],[36.052824,32.6442602],[36.0527596,32.6443867],[36.0526845,32.6445131],[36.0525826,32.6446667],[36.0525021,32.6448113],[36.052435,32.6449445],[36.052368,32.6451162],[36.0523143,32.6452291],[36.0521159,32.6455272],[36.0519952,32.6457214],[36.0518771,32.6458953],[36.0517323,32.6460444],[36.0515365,32.6462093],[36.0512736,32.6463945],[36.0510564,32.6465164],[36.0508499,32.6466045],[36.0507131,32.6467016],[36.0506219,32.646819],[36.0505816,32.6469455],[36.050587,32.6471126],[36.0507104,32.6475237],[36.0507667,32.6477269],[36.0507962,32.6479234],[36.0507855,32.6481425],[36.0507318,32.6483525],[36.0506862,32.648549],[36.0506353,32.6487093],[36.0505548,32.6488607],[36.050469,32.6489555],[36.0503644,32.6490436],[36.0502222,32.6491272],[36.0499996,32.6492649],[36.0495946,32.6495269],[36.0492781,32.6497618],[36.0491547,32.6498747],[36.048739,32.6503151],[36.0483795,32.6507103],[36.0481167,32.6509474],[36.0478297,32.65118],[36.047677,32.6512725],[36.0475615,32.6513245],[36.0474247,32.6513516],[36.0472264,32.6513764],[36.0469499,32.6513629],[36.0467032,32.6513336],[36.0464296,32.6512861],[36.0461962,32.6512342],[36.0458797,32.6511619],[36.0456061,32.6510964],[36.0450858,32.6509497],[36.0447827,32.6508751],[36.0445493,32.6508006],[36.0443374,32.6507193],[36.044204,32.6506792],[36.0441188,32.6506657],[36.044029,32.6506674],[36.0439002,32.6506922],[36.0437447,32.6507441],[36.0435462,32.6508254],[36.0432082,32.6509406],[36.0430661,32.6509948],[36.0429186,32.6510355],[36.0428032,32.6511077],[36.0427067,32.6512274],[36.0426021,32.6513945],[36.0424197,32.6515865],[36.0419637,32.652063],[36.0415909,32.6524469],[36.0406923,32.6534067],[36.0401049,32.65403],[36.0399333,32.6542084],[36.0398421,32.6542694],[36.0397482,32.6543123],[36.0395685,32.6543552],[36.039448,32.6543483],[36.0392681,32.6542807],[36.0391849,32.6542107],[36.0390401,32.6540255],[36.0389221,32.6538471],[36.0388148,32.6536574],[36.0387692,32.6535377],[36.0387397,32.653427],[36.0386887,32.6533593],[36.038619,32.6532667],[36.0385412,32.6531764],[36.0384527,32.6530296],[36.0383427,32.6527879],[36.0382354,32.6526005],[36.0381228,32.6523882],[36.0380933,32.6522798],[36.0380611,32.6521285],[36.0380611,32.6520043],[36.0380584,32.6518033],[36.0380745,32.6516791],[36.038045,32.6515504],[36.0379618,32.6514375],[36.0378599,32.6513268],[36.0377821,32.6512658],[36.03764,32.6512071],[36.0375085,32.6511665],[36.0373505,32.6511325],[36.0371572,32.651119],[36.0369131,32.6510987],[36.036787,32.6510987],[36.0366744,32.651101],[36.0365269,32.6511168],[36.0363632,32.6511032],[36.0362399,32.6510761],[36.0361272,32.6510445],[36.0359824,32.6510039],[36.0357866,32.6509587],[36.0356578,32.6509497],[36.0355344,32.6509564],[36.0353279,32.6509722],[36.0350972,32.6509948],[36.0349122,32.6509993],[36.0347593,32.6510219],[36.034601,32.6510806],[36.0344616,32.6511439],[36.0343382,32.6512139],[36.0342175,32.6513223],[36.0340726,32.6513991],[36.0339627,32.6514375],[36.0338795,32.6514962],[36.0338071,32.6515481],[36.0337454,32.6516204],[36.0336569,32.6517649],[36.0334745,32.6520427],[36.0333297,32.6523069],[36.0332465,32.6524876],[36.0331741,32.6527789],[36.0331365,32.6529257],[36.0331285,32.6531041],[36.0331607,32.6533096],[36.0332009,32.6534519],[36.0334343,32.6538426],[36.0335818,32.654109],[36.0337749,32.6544387],[36.0338259,32.6545449],[36.0338688,32.6547052],[36.0338822,32.6548181],[36.0338581,32.6549536],[36.0338205,32.6550462],[36.0337347,32.6551546],[36.0335684,32.6552991],[36.0333916,32.6554097],[36.0331795,32.6554866],[36.0329676,32.6555362],[36.0326618,32.6556085],[36.0324553,32.6556401],[36.0323077,32.6556446],[36.03212,32.6556311],[36.0318974,32.6556017],[36.0317337,32.6555633],[36.0315755,32.6555182],[36.031369,32.6555001],[36.0311758,32.6554979],[36.0309264,32.655473],[36.0306957,32.6554391],[36.0304436,32.6553872],[36.0300976,32.6552743],[36.0297489,32.6552065],[36.0295397,32.6552043],[36.0293412,32.6552517],[36.0289979,32.6553917],[36.0287565,32.6554956],[36.0285848,32.6555656],[36.0284024,32.6556966],[36.0282844,32.655814],[36.0282201,32.6559247],[36.0281584,32.6560556],[36.0281208,32.6562024],[36.0280403,32.6563763],[36.0279652,32.6565231],[36.0278258,32.6567444],[36.0274261,32.6574806],[36.0272303,32.6579141],[36.0270962,32.6581919],[36.0270801,32.6583319],[36.0271016,32.6584222],[36.0271606,32.6585058],[36.0272357,32.6585645],[36.0273966,32.6586367],[36.0277078,32.6587609],[36.0279009,32.6588558],[36.0280859,32.6589709],[36.0281986,32.6590545],[36.0283193,32.6591245],[36.0284427,32.6591561],[36.0285741,32.6592284],[36.0287189,32.6593684],[36.0288826,32.65954],[36.0291105,32.6597884],[36.0291347,32.659881],[36.0291427,32.6599848],[36.029132,32.6600842],[36.0290837,32.660179],[36.0289872,32.6602874],[36.0288987,32.660441],[36.0288209,32.6605991],[36.0287216,32.6607571],[36.0286251,32.6608678],[36.028448,32.6609874],[36.0279492,32.6612042],[36.0278285,32.66129],[36.027748,32.6613691],[36.0276622,32.6614571],[36.0275361,32.6615429],[36.0273403,32.6616581],[36.0270426,32.6618116],[36.026828,32.6619358],[36.0267422,32.6620081],[36.0266429,32.6620939],[36.0264847,32.6622091],[36.0263237,32.6623558],[36.026254,32.662471],[36.0261843,32.6625929],[36.0261172,32.6626607],[36.0260206,32.6627216],[36.0259563,32.6627826],[36.0258839,32.6628865],[36.0258517,32.6629226],[36.0257685,32.6629949],[36.0256746,32.6630897],[36.0255727,32.6632749],[36.0254896,32.6634194],[36.0253447,32.6636203],[36.0252294,32.6637716],[36.0251275,32.6639613],[36.0250282,32.6642029],[36.0249478,32.6644468],[36.0249048,32.6647381],[36.0248646,32.6649616],[36.0248217,32.6651626],[36.0247225,32.6653906],[36.0244864,32.6658693],[36.0243228,32.6661832],[36.0241806,32.6664112],[36.0240599,32.6665648],[36.0238695,32.6667567],[36.0235932,32.6670073],[36.0233492,32.6672444],[36.0231373,32.6674634],[36.0229066,32.6677502],[36.0227618,32.6679805],[36.0226303,32.6681995],[36.0222012,32.6689582],[36.0220671,32.6691907],[36.0218793,32.6694278],[36.0217345,32.6696175],[36.0216057,32.6698162],[36.0214958,32.6700645],[36.0214153,32.6702113],[36.0213375,32.6703106],[36.0211337,32.6705025],[36.0209191,32.6707238],[36.0207152,32.6708728],[36.0205275,32.6709677],[36.0203451,32.6710264],[36.0200849,32.6710828],[36.0196504,32.6711551],[36.0192105,32.6712296],[36.018953,32.6712905],[36.0186875,32.6713831],[36.0184327,32.6715208],[36.0181618,32.6716924],[36.0179043,32.6718008],[36.0177702,32.6718279],[36.0175502,32.6718324],[36.0173249,32.6717873],[36.0170245,32.6717218],[36.016708,32.6716134],[36.016295,32.6715141],[36.0158229,32.6714079],[36.015383,32.6713267],[36.0148546,32.6712928],[36.0145891,32.6712815],[36.014235,32.6712634],[36.0139507,32.6712657],[36.0136932,32.6712928],[36.013476,32.6712996],[36.0132426,32.6712612],[36.0129744,32.6711799],[36.012615,32.6710964],[36.0123494,32.6710467],[36.012159,32.6710309],[36.0119444,32.671067],[36.0116655,32.6711483],[36.0112846,32.6712138],[36.0107642,32.6712318],[36.0104692,32.6712228],[36.0100642,32.6711731],[36.0095599,32.6710896],[36.0092837,32.6710286],[36.0089162,32.6709225],[36.0085675,32.6707712],[36.008369,32.6706741],[36.0082564,32.6705951],[36.0081196,32.6704484],[36.007956,32.6702406],[36.0078379,32.670139],[36.0076877,32.6700442],[36.0075161,32.66992],[36.0072908,32.6697213],[36.0070601,32.6695768],[36.0068402,32.669491],[36.0066444,32.6694639],[36.0063279,32.6694594],[36.0056895,32.6695339],[36.0050002,32.6696671],[36.0045657,32.6697597],[36.0039917,32.6698816],[36.0036081,32.6699674],[36.0033238,32.6700374],[36.0030743,32.6701097],[36.0027659,32.6702226],[36.0023582,32.6703806],[36.001921,32.6705138],[36.0015053,32.6706087],[36.000824,32.6707374],[36.0005504,32.6707848],[36.0004029,32.670778],[36.0002795,32.6705771],[36.0001534,32.6703264],[36.0000676,32.6699945],[36.0000649,32.6698523],[36.0001186,32.6696604],[36.0003975,32.6689266],[36.0005289,32.668475],[36.0005477,32.6682921],[36.0005343,32.6681769],[36.0004565,32.6680527],[36.0003197,32.6679195],[36.000132,32.6677547],[36.0000139,32.6676576],[35.9997618,32.667486],[35.9995472,32.6674025],[35.9993058,32.6673618],[35.9991074,32.6673663],[35.9990108,32.6674047],[35.9989062,32.6674747],[35.9987855,32.6676102],[35.9986165,32.6678518],[35.998469,32.6680211],[35.9982195,32.6682853],[35.9979191,32.6685066],[35.9976938,32.6686398],[35.997171,32.6688272],[35.9960765,32.6691546],[35.9954327,32.6693985],[35.9949928,32.6696017],[35.9948131,32.6696965],[35.9946576,32.6698162],[35.994384,32.6700871],[35.9941667,32.67034],[35.9940192,32.6704958],[35.9938744,32.6706538],[35.9936652,32.670848],[35.9933943,32.6710918],[35.9930389,32.6714316],[35.9928618,32.6715502],[35.9926446,32.6716766],[35.9923482,32.6718347],[35.9922141,32.6718945],[35.9921135,32.6719318],[35.9920035,32.6719521],[35.9918024,32.6719735],[35.9916455,32.6719645],[35.9915261,32.6719408],[35.9912726,32.6718392],[35.9910513,32.6717365],[35.9906423,32.6715445],[35.9903124,32.6714125],[35.9900777,32.6713402],[35.9898444,32.6712747],[35.9892744,32.6711641],[35.988746,32.6711167],[35.9882927,32.6711393],[35.9877107,32.6712251],[35.9874263,32.6713176],[35.9871984,32.6714554],[35.9870991,32.6716157],[35.9870347,32.6718121],[35.9869757,32.6721214],[35.9869087,32.6724217],[35.9868497,32.6726046],[35.9867665,32.6727581],[35.9866244,32.6729094],[35.9865063,32.6729749],[35.9863964,32.6729794],[35.9862676,32.6729726],[35.9860477,32.6729387],[35.9859216,32.6729342],[35.9857982,32.6729613],[35.9856373,32.6730403],[35.9853423,32.6732842],[35.9852055,32.673388],[35.9850231,32.6734693],[35.9847575,32.6735664],[35.9842841,32.6737606]]}},
{"type":"Feature","properties":{"river":"yarmuk","relationId":1355013,"wayId":940677809,"version":1,"endNodeIds":[8711795685,1077077461],"provenance":{"dataset":"OpenStreetMap","version":"overpass-attic:2026-10-08T00:00:00Z; way 940677809 v1","upstreamFeatureIds":["osm:way/940677809","osm:relation/1355013"],"changes":[{"kind":"overpass-attic-download","detail":"A main-stream way of the Yarmuk's waterway relation, as OpenStreetMap held it at 2026-10-08T00:00:00Z, read through Overpass. © OpenStreetMap contributors, ODbL 1.0.","sources":["osm:relation/1355013"]}]}},"geometry":{"type":"LineString","coordinates":[[35.9842841,32.6737606],[35.984087,32.6738328]]}},
{"type":"Feature","properties":{"river":"yarmuk","relationId":1355013,"wayId":142813593,"version":26,"endNodeIds":[1077077461,8718327857],"provenance":{"dataset":"OpenStreetMap","version":"overpass-attic:2026-10-08T00:00:00Z; way 142813593 v26","upstreamFeatureIds":["osm:way/142813593","osm:relation/1355013"],"changes":[{"kind":"overpass-attic-download","detail":"A main-stream way of the Yarmuk's waterway relation, as OpenStreetMap held it at 2026-10-08T00:00:00Z, read through Overpass. © OpenStreetMap contributors, ODbL 1.0.","sources":["osm:relation/1355013"]}]}},"geometry":{"type":"LineString","coordinates":[[35.984087,32.6738328],[35.9837571,32.6738577],[35.9835184,32.6738351],[35.9832823,32.6737764],[35.9830785,32.6737109],[35.9828907,32.6736703],[35.9826788,32.6736545],[35.9824777,32.6736793],[35.9822658,32.6737606],[35.9819573,32.6739547],[35.981732,32.6741534],[35.9816006,32.6743137],[35.9815335,32.6745147],[35.9815362,32.6746366],[35.981622,32.6747698],[35.9821209,32.675183],[35.9822738,32.6753771],[35.9823677,32.6755893],[35.9823757,32.6757564],[35.9823543,32.6759122],[35.9822872,32.6760499],[35.9820297,32.6763479],[35.9817186,32.6766279],[35.9814182,32.6768808],[35.9811151,32.6770681],[35.9808978,32.6771652],[35.9806833,32.6772059],[35.9804982,32.6771855],[35.9803104,32.6771156],[35.980128,32.6769711],[35.979833,32.6766527],[35.9796748,32.6765421],[35.979487,32.6764337],[35.9792215,32.676366],[35.9788781,32.6763208],[35.9786421,32.6763683],[35.9784061,32.6764224],[35.9781915,32.676515],[35.978044,32.6766437],[35.9778643,32.6768514],[35.9776284,32.6771629],[35.9775665,32.6773458],[35.9775799,32.6774881],[35.9776604,32.6777545],[35.9777141,32.6779148],[35.9777248,32.6780615],[35.977706,32.6781812],[35.9775826,32.6784589],[35.9774405,32.6786688],[35.977293,32.6787817],[35.9771481,32.6788336],[35.9769979,32.678863],[35.9768155,32.678872],[35.976558,32.6788585],[35.9763837,32.6788765],[35.9761879,32.678942],[35.975976,32.6790797],[35.9754449,32.6795064],[35.9750077,32.6798067],[35.9746563,32.6800121],[35.9743398,32.6801363],[35.9740636,32.6801747],[35.9738892,32.6801769],[35.9736183,32.6801363],[35.9733742,32.6800505],[35.973157,32.6799579],[35.972988,32.6799399],[35.9728512,32.6799828],[35.9727117,32.6800957],[35.9726152,32.6803485],[35.972583,32.680642],[35.9725696,32.6811229],[35.9725293,32.6813215],[35.9724221,32.6815428],[35.972288,32.6817234],[35.9721002,32.6819017],[35.9717649,32.6821184],[35.9712794,32.682421],[35.9710219,32.6825858],[35.9707886,32.6827573],[35.9706196,32.6829108],[35.9703031,32.6832833],[35.9701127,32.68357],[35.9699866,32.6838364],[35.9699598,32.6840532],[35.9699571,32.6842315],[35.9700081,32.6843647],[35.9701073,32.6845159],[35.9701797,32.6846604],[35.9701985,32.6848185],[35.9701771,32.6850261],[35.9700993,32.6853061],[35.9699786,32.6855476],[35.9699169,32.6857034],[35.9698981,32.6858185],[35.9698471,32.6859675],[35.9697157,32.6861752],[35.9694904,32.6863784],[35.9691473,32.6865454],[35.9687367,32.6867915],[35.9683773,32.6870669],[35.9681091,32.6872384],[35.9678596,32.6874055],[35.9676504,32.68755],[35.9674868,32.6876877],[35.9673849,32.6878457],[35.9673366,32.6879789],[35.9673125,32.6881979],[35.9672374,32.688401],[35.9671113,32.6885906],[35.9668162,32.6889744],[35.9665883,32.6892543],[35.9661591,32.6897554],[35.9659713,32.6899925],[35.9657085,32.6903536],[35.9655288,32.6906178],[35.9654161,32.6908616],[35.9653866,32.6910263],[35.9653839,32.6912205],[35.9654108,32.6916403],[35.9654215,32.6920015],[35.9653813,32.6922227],[35.9653169,32.6923988],[35.965215,32.6925997],[35.9650889,32.6927645],[35.9647509,32.6930444],[35.9643647,32.6932836],[35.964177,32.6933852],[35.9639758,32.6934507],[35.9634232,32.6936448],[35.9630209,32.6937938],[35.962828,32.6938773],[35.9626856,32.6938796],[35.9625488,32.6938638],[35.9623667,32.6938727],[35.9621116,32.6938908],[35.9618273,32.6939202],[35.9614869,32.693945],[35.9612828,32.6939608],[35.9610414,32.6939969],[35.9607949,32.6940443],[35.9605989,32.6941075],[35.9603977,32.6941798],[35.9599927,32.6943242],[35.959864,32.6943829],[35.9596923,32.6944236],[35.9594858,32.6944439],[35.9593141,32.6944348],[35.9591478,32.6944055],[35.9590968,32.6943852],[35.9590432,32.6943491],[35.9589761,32.6942836],[35.958893,32.6942317],[35.958775,32.6941662],[35.9585819,32.6940331],[35.9584907,32.6939586],[35.9583834,32.6938322],[35.9582815,32.6937193],[35.9581554,32.6936493],[35.958032,32.6936019],[35.9578845,32.6935681],[35.9576163,32.6934981],[35.9574258,32.6934597],[35.957249,32.6934348],[35.9569859,32.6934191],[35.9566694,32.6934123],[35.9564736,32.6934191],[35.9562995,32.6934484],[35.9561171,32.6934845],[35.9558755,32.6935906],[35.9556021,32.6937418],[35.9553578,32.6938728],[35.9551486,32.6939631],[35.9549823,32.6940082],[35.9548187,32.6940489],[35.9546068,32.6940917],[35.9544539,32.6940963],[35.9542233,32.6941121],[35.9539899,32.6940963],[35.9538397,32.6940782],[35.9536546,32.6940398],[35.9534615,32.6939699],[35.9532845,32.6938931],[35.9530163,32.6937532],[35.9527749,32.6936132],[35.9525844,32.6934936],[35.9524503,32.6933875],[35.9522304,32.6932001],[35.952107,32.6930782],[35.9519809,32.6929699],[35.9517664,32.6927442],[35.9516564,32.6926381],[35.9515357,32.69255],[35.9513372,32.6924417],[35.9511443,32.6923378],[35.9510502,32.6922859],[35.9509429,32.6922588],[35.950801,32.6922339],[35.9506479,32.6922137],[35.9505138,32.6922295],[35.9503555,32.6922543],[35.9500229,32.6923198],[35.9497657,32.6923829],[35.9495911,32.6924484],[35.9494703,32.6925759],[35.9493819,32.6926044],[35.9493255,32.6926565],[35.949314,32.6927108],[35.9492654,32.6928433],[35.9492203,32.6929177],[35.9491861,32.6929676],[35.9490849,32.6930296],[35.9489726,32.6931479],[35.9489148,32.6932754],[35.9488374,32.69341],[35.9486389,32.6936832],[35.9484997,32.6938953],[35.9482822,32.694173],[35.9479737,32.6945432],[35.9477699,32.6947825],[35.9477028,32.694857],[35.9475714,32.6949518],[35.9474643,32.6950149],[35.9473193,32.6950985],[35.9471557,32.695182],[35.9470162,32.6952407],[35.9468874,32.6952949],[35.9467131,32.6953648],[35.9465307,32.6954348],[35.9463617,32.6955273],[35.9462359,32.6956244],[35.9461203,32.6957057],[35.9459487,32.6958637],[35.9457853,32.6960307],[35.9456483,32.6962],[35.9454793,32.6963873],[35.9453264,32.6965205],[35.9451896,32.6965928],[35.9450528,32.6966402],[35.9448516,32.6966921],[35.9446961,32.6967508],[35.9445083,32.696823],[35.9443715,32.6968704],[35.9443191,32.6968909],[35.944275,32.6968834],[35.94422,32.6968721],[35.9441385,32.6968779],[35.9440509,32.6968679],[35.9439304,32.6968838],[35.9438495,32.6969075],[35.9437975,32.6969381],[35.9436178,32.696972],[35.9435025,32.6969832],[35.9434059,32.6969832],[35.9432182,32.696972],[35.943161,32.696959],[35.9431286,32.6969425],[35.9430741,32.6969262],[35.9430175,32.6969186],[35.9429787,32.6968943],[35.9428944,32.696884],[35.9428088,32.6968598],[35.942691,32.6968489],[35.9425946,32.6968126],[35.9425487,32.6967746],[35.9425168,32.6967135],[35.9424779,32.6966582],[35.9424618,32.6966018],[35.9423947,32.6965815],[35.9423223,32.6965815],[35.9422204,32.6966086],[35.9421185,32.6966469],[35.9420139,32.6966808],[35.9419039,32.6967101],[35.9417564,32.6967417],[35.9416008,32.6967508],[35.941456,32.696744],[35.9413138,32.6967485],[35.9411609,32.6967304],[35.9410214,32.6966898],[35.9409383,32.6966943],[35.9408739,32.6967124],[35.9407827,32.6967462],[35.940595,32.6967801],[35.9405225,32.6967891],[35.9404421,32.6968207],[35.9404134,32.696864],[35.9403757,32.6969064],[35.9403525,32.6969834],[35.940325,32.6970459],[35.9403202,32.6970708],[35.9403463,32.6971145],[35.9403558,32.6971933],[35.9403634,32.6972633],[35.9403822,32.6973286],[35.9404016,32.697402],[35.9404009,32.6975005],[35.9403777,32.6975613],[35.9403987,32.6976217],[35.9404261,32.6976807],[35.9404477,32.6977726],[35.9404808,32.6978748],[35.9405187,32.6979427],[35.9405305,32.6980099],[35.9405706,32.6980433],[35.9406166,32.698075],[35.9406383,32.6981167],[35.9406377,32.6981867],[35.9406377,32.6982645],[35.9406048,32.6983251],[35.940619,32.6983653],[35.9406498,32.6983855],[35.9406821,32.6984473],[35.9406917,32.6985041],[35.9407214,32.6986041],[35.9406934,32.69873],[35.9406744,32.6988015],[35.9406939,32.6989338],[35.9406659,32.6989824],[35.9406137,32.6990192],[35.9405547,32.6991208],[35.9405011,32.6992381],[35.9404206,32.6993781],[35.9403428,32.6994797],[35.9402275,32.6996173],[35.9401283,32.6997257],[35.9400156,32.6997776],[35.9399593,32.6997821],[35.9399003,32.6997753],[35.9397957,32.6997731],[35.9396911,32.6998115],[35.9396481,32.6998273],[35.9396026,32.6998295],[35.9395409,32.6998137],[35.9394738,32.6997866],[35.9393772,32.6997979],[35.9392405,32.6998137],[35.9391546,32.6998047],[35.9390902,32.6997686],[35.9390232,32.699746],[35.9388944,32.6997392],[35.9386933,32.6996828],[35.9386048,32.6996241],[35.9385377,32.6995474],[35.9384572,32.699439],[35.938417,32.6993736],[35.9383741,32.6993533],[35.9383312,32.6993465],[35.9382158,32.6993668],[35.9381026,32.6993902],[35.9380227,32.6994052],[35.9379315,32.6994458],[35.9378564,32.6994955],[35.9377813,32.6995587],[35.9376767,32.6996015],[35.9376043,32.699667],[35.9375373,32.6997663],[35.937489,32.6998476],[35.937438,32.6999378],[35.9374031,32.7000417],[35.9374112,32.7001387],[35.9374541,32.7002674],[35.9375212,32.7004457],[35.9375721,32.7005698],[35.9376392,32.7006782],[35.9377411,32.7008429],[35.9378538,32.7010371],[35.9379396,32.7011747],[35.9379959,32.7013102],[35.9380737,32.7014907],[35.9380817,32.7015652],[35.9380764,32.701651],[35.9380549,32.7017525],[35.9380335,32.7018677],[35.9380335,32.7019421],[35.9380603,32.7020595],[35.9381112,32.7022085],[35.9381622,32.702301],[35.9382212,32.7023439],[35.9382883,32.7023778],[35.9383634,32.7024387],[35.9384546,32.7025154],[35.9385216,32.7025967],[35.9385619,32.7026757],[35.9385672,32.7027547],[35.9385699,32.7028743],[35.938586,32.702951],[35.9386316,32.70303],[35.9386933,32.7031429],[35.9387257,32.7032625],[35.9387335,32.7034137],[35.938763,32.7035559],[35.9388006,32.7036823],[35.9388328,32.7037816],[35.9389105,32.7039306],[35.9389588,32.7040322],[35.9390473,32.7042398],[35.9391144,32.7043842],[35.9391654,32.7045422],[35.9391868,32.7046528],[35.9392002,32.7047589],[35.9391841,32.7049101],[35.9391546,32.7050568],[35.9391171,32.7051968],[35.9390688,32.7053593],[35.9390098,32.7054902],[35.9389293,32.7056324],[35.9388435,32.7057429],[35.9387684,32.7058423],[35.9387174,32.7059167],[35.9386718,32.7060228],[35.9386101,32.7062643],[35.9385511,32.7064245],[35.9385163,32.7065667],[35.9384948,32.7066796],[35.9385111,32.7067743],[35.9385323,32.7068489],[35.9385833,32.7069098],[35.9386665,32.706964],[35.938763,32.7070249],[35.9388515,32.7070813],[35.9389347,32.7071242],[35.93905,32.7071513],[35.9391519,32.7071851],[35.9392351,32.7072303],[35.9393612,32.7073138],[35.939506,32.7074266],[35.9395865,32.7074876],[35.9396937,32.707544],[35.9398198,32.7076117],[35.9399083,32.7076523],[35.93997,32.7077087],[35.9400317,32.7077855],[35.9400398,32.7078757],[35.940029,32.708045],[35.9400102,32.7082211],[35.9399888,32.7083881],[35.9399646,32.7085054],[35.9399217,32.7085957],[35.939852,32.7086747],[35.9397957,32.7087221],[35.9397098,32.7087763],[35.9394094,32.7089884],[35.9390822,32.7092163],[35.9389642,32.7092908],[35.9388113,32.7093856],[35.9387201,32.7094443],[35.9386638,32.7094894],[35.9385806,32.7096023],[35.9384868,32.7097625],[35.938377,32.7099475],[35.9381649,32.7103809],[35.9377333,32.7113603],[35.9374648,32.7119652],[35.9373334,32.712315],[35.937229,32.7126331],[35.9371591,32.7128408],[35.9370947,32.7130733],[35.9370652,32.7132425],[35.937041,32.7133531],[35.9370303,32.7134524],[35.9370357,32.7135449],[35.9370759,32.7136442],[35.9371135,32.7137255],[35.9371886,32.7138473],[35.9372744,32.7140956],[35.9373361,32.7142377],[35.937379,32.7144025],[35.93743,32.7146304],[35.9374702,32.7147929],[35.9374943,32.7149712],[35.937497,32.7150976],[35.9375077,32.7152059],[35.9375051,32.7152781],[35.9374621,32.7153797],[35.9373683,32.7155241],[35.9372959,32.7156459],[35.9371671,32.7158445],[35.9371215,32.7159732],[35.9370705,32.7160657],[35.9369767,32.7161582],[35.9368989,32.7161966],[35.9367996,32.7162869],[35.936628,32.716438],[35.9365502,32.7165148],[35.9365102,32.7165689],[35.9364778,32.7166615],[35.9364536,32.7167969],[35.9364351,32.7169435],[35.9364456,32.7171196],[35.9364778,32.7172505],[35.9365287,32.7173497],[35.9366038,32.71744],[35.9366494,32.7175213],[35.9367058,32.7176183],[35.9367487,32.7177063],[35.9367701,32.717783],[35.9367889,32.7178756],[35.9367889,32.7179658],[35.936746,32.7180899],[35.936687,32.7182163],[35.9366226,32.7183562],[35.9365824,32.718469],[35.9365663,32.718539],[35.9365153,32.7186067],[35.9364349,32.718697],[35.9363168,32.7188324],[35.9361693,32.7189294],[35.9360352,32.7190016],[35.935944,32.7190625],[35.9358206,32.7191144],[35.9357482,32.7191663],[35.9357133,32.719216],[35.9356812,32.7192927],[35.9356651,32.7193875],[35.9356275,32.7195184],[35.9355524,32.7197147],[35.9354719,32.719884],[35.9353808,32.7200961],[35.9353164,32.7202518],[35.9352335,32.7203781],[35.9351635,32.7204526],[35.9350294,32.7205903],[35.9348389,32.7207527],[35.9347102,32.7208385],[35.9345734,32.7208926],[35.9344449,32.7209287],[35.9342408,32.7209784],[35.9340745,32.7210168],[35.9338709,32.721028],[35.933758,32.7210213],[35.9336507,32.7209829],[35.9335515,32.7209378],[35.9333798,32.7208453],[35.9331974,32.7207437],[35.9330392,32.7206354],[35.9328863,32.720509],[35.9327763,32.7204007],[35.9326664,32.7203014],[35.9325403,32.7202112],[35.9323713,32.720078],[35.9322238,32.7199945],[35.9321594,32.7199607],[35.9320684,32.7199539],[35.9319395,32.7199629],[35.9318215,32.7199765],[35.9317305,32.720017],[35.9316283,32.7200758],[35.9314916,32.7202879],[35.9313601,32.720509],[35.9312797,32.7206286],[35.9312153,32.7207257],[35.9311831,32.7208362],[35.9311885,32.7209175],[35.9311751,32.7209987],[35.9311482,32.7210777],[35.9310302,32.7211815],[35.930872,32.7212943],[35.9307513,32.7213552],[35.9306654,32.7213891],[35.9304669,32.7214545],[35.9301129,32.7215313],[35.9299841,32.7215629],[35.92985,32.7215696],[35.9296596,32.7215696],[35.9293916,32.721556],[35.9292841,32.7215516],[35.9291097,32.7215674],[35.9289166,32.721599],[35.9286967,32.7216396],[35.9285572,32.7216554],[35.9283882,32.7216712],[35.9282729,32.7216982],[35.9281468,32.7217276],[35.9280047,32.7218224],[35.9278223,32.7219555],[35.9276855,32.7220503],[35.9276077,32.7221022],[35.9275192,32.7221473],[35.9273797,32.7222015],[35.9271947,32.7222353],[35.9269077,32.7222669],[35.9267065,32.7222827],[35.9263068,32.7223007],[35.9261137,32.7223075],[35.9259906,32.7223142],[35.925875,32.7223617],[35.9257811,32.7224045],[35.9256282,32.7224858],[35.9255129,32.7225129],[35.9252878,32.7225489],[35.9250838,32.7225535],[35.9249711,32.722549],[35.9248665,32.7225309],[35.924727,32.722479],[35.9245715,32.7224203],[35.9244695,32.7223752],[35.9243542,32.7222849],[35.924255,32.7221969],[35.9241316,32.7220773],[35.9240028,32.7219081],[35.9239116,32.7217772],[35.923858,32.7216486],[35.9238178,32.7215313],[35.9238043,32.7214184],[35.9238124,32.7213259],[35.9237882,32.7212627],[35.923681,32.7211093],[35.9235522,32.7209581],[35.9234878,32.7208859],[35.9233671,32.7207866],[35.9232089,32.720676],[35.9230694,32.720597],[35.9229379,32.7205366],[35.9227824,32.7205226],[35.9226698,32.7205226],[35.9225954,32.7205366],[35.922415,32.7206128],[35.9221816,32.7206918],[35.9221011,32.7207279],[35.9219992,32.7208046],[35.9218383,32.7209378],[35.9215352,32.7211409],[35.9211092,32.7214818],[35.9209183,32.7216035],[35.9207654,32.7216937],[35.9205991,32.7217953],[35.920473,32.7218675],[35.9203938,32.7219353],[35.9203067,32.7220074],[35.9202182,32.7221247],[35.9201324,32.7221879],[35.9200197,32.7222488],[35.919882,32.7222981],[35.9197488,32.7223143],[35.919663,32.7223053],[35.9195477,32.7222714],[35.9193921,32.7221992],[35.9192285,32.7221338],[35.9191212,32.7220841],[35.919022,32.7220142],[35.9189495,32.721951],[35.9188959,32.7218743],[35.9188771,32.7218291],[35.9188342,32.7217885],[35.9187967,32.7217434],[35.9187886,32.7216892],[35.9187779,32.7216193],[35.9187564,32.7215629],[35.9187216,32.7214816],[35.9187001,32.7213914],[35.9187028,32.7211995],[35.9186813,32.721116],[35.9186572,32.7210122],[35.9186599,32.7209039],[35.918684,32.7207527],[35.9187242,32.7206377],[35.9187725,32.7205451],[35.9188449,32.7204323],[35.9189389,32.7202738],[35.9191292,32.7200487],[35.9193983,32.7197754],[35.9195745,32.719568],[35.9196496,32.7194642],[35.9196818,32.7193446],[35.9196724,32.7191684],[35.9196201,32.7190671],[35.9195504,32.718961],[35.9194548,32.7188565],[35.9193438,32.7187917],[35.9192017,32.7187444],[35.9190477,32.7187039],[35.9188101,32.7186631],[35.918625,32.7186473],[35.9182414,32.7186293],[35.9180564,32.7186338],[35.917713,32.7186767],[35.9174931,32.7187331],[35.9172704,32.7187988],[35.9171015,32.7188775],[35.9169111,32.7189655],[35.9167421,32.7189971],[35.9165838,32.7190467],[35.9164417,32.7190874],[35.9162351,32.7191438],[35.9160492,32.7192227],[35.9159267,32.7192859],[35.9156612,32.7194439],[35.9153634,32.7196493],[35.9152186,32.7197621],[35.9149504,32.7199742],[35.9147192,32.720189],[35.9144327,32.7204887],[35.9141752,32.7207505],[35.9140894,32.7208972],[35.913966,32.7211251],[35.9138748,32.7212763],[35.9138212,32.7214613],[35.9137836,32.7215967],[35.9137434,32.7217659],[35.9136552,32.7219556],[35.9135261,32.7222082],[35.9133771,32.7225252],[35.9132659,32.7227047],[35.9130789,32.7229152],[35.9130004,32.7230251],[35.9129173,32.7230996],[35.9127322,32.7231966],[35.912531,32.7233049],[35.9123942,32.7233839],[35.912303,32.723429],[35.9121398,32.7234645],[35.9118846,32.7234674],[35.9117022,32.723438],[35.9115869,32.7234132],[35.9113052,32.7233162],[35.9111658,32.7232553],[35.9110209,32.723183],[35.9108654,32.7230973],[35.9107688,32.7230386],[35.9106481,32.7229461],[35.9105194,32.7227972],[35.9103477,32.7226031],[35.910227,32.722461],[35.910058,32.7222601],[35.9099695,32.7221496],[35.9098595,32.7220525],[35.9097388,32.7219262],[35.9096262,32.7218336],[35.9094545,32.7217276],[35.9091863,32.7215967],[35.9088778,32.7214748],[35.9085774,32.7213733],[35.9082475,32.7212492],[35.9078988,32.7211318],[35.907636,32.7210326],[35.9074509,32.720931],[35.9072176,32.7208204],[35.9070218,32.7206963],[35.9068394,32.7205745],[35.9067133,32.7204616],[35.9065416,32.7203262],[35.9063512,32.7201818],[35.9061474,32.7200126],[35.9059703,32.7198682],[35.9058067,32.7197418],[35.9056431,32.7196628],[35.9054875,32.7195974],[35.9053239,32.7195274],[35.9050879,32.7194575],[35.9048492,32.7194078],[35.9047848,32.7194078],[35.9047161,32.7194465],[35.9046265,32.7195252],[35.9045702,32.7196357],[35.9045428,32.7197516],[35.9044898,32.7200193],[35.9044495,32.7202563],[35.9044254,32.7204143],[35.9044147,32.7205384],[35.9044522,32.7206196],[35.9045407,32.7207008],[35.904656,32.7208137],[35.9047338,32.720852],[35.9048304,32.7208746],[35.9049377,32.7209536],[35.9051093,32.7211003],[35.9052086,32.7212041],[35.9052917,32.7213033],[35.9053561,32.7213936],[35.9054044,32.7214816],[35.9054205,32.7215493],[35.9054232,32.7216328],[35.9054017,32.7217095],[35.9053722,32.7218404],[35.9053722,32.7219239],[35.9053963,32.7220322],[35.9054393,32.7221044],[35.9055412,32.7222556],[35.9056029,32.7223301],[35.9056914,32.7224835],[35.9057611,32.7226234],[35.9058282,32.7227656],[35.9058657,32.7228874],[35.9058952,32.7230003],[35.9059113,32.7230905],[35.9059194,32.7231853],[35.9059274,32.7232665],[35.905914,32.7233771],[35.9058684,32.7234719],[35.9058067,32.7236253],[35.9057128,32.7238194],[35.9056002,32.72393],[35.9054393,32.724045],[35.9053212,32.7241082],[35.9051684,32.7241466],[35.9050235,32.7241466],[35.9048358,32.7241285],[35.9046829,32.724106],[35.9045246,32.7240766],[35.9043986,32.7240653],[35.9042671,32.7240631],[35.9041598,32.7240721],[35.9040338,32.7240653],[35.9039667,32.7240405],[35.9038916,32.7239819],[35.9037528,32.7238781],[35.9035778,32.7237314],[35.9035242,32.7236705],[35.9034759,32.7235689],[35.9034464,32.7234854],[35.9034356,32.7233523],[35.9034383,32.7232733],[35.9034008,32.7232124],[35.9033364,32.7231537],[35.9032506,32.7230928],[35.9031621,32.7230477],[35.9030092,32.7229754],[35.9029126,32.7229235],[35.9027866,32.7228468],[35.9025747,32.7227159],[35.902352,32.7225467],[35.9021301,32.7223526],[35.9018587,32.7220629],[35.9017313,32.7219405],[35.9016044,32.7217949],[35.901571,32.721737],[35.9015172,32.7216394],[35.9014704,32.7215434],[35.9014432,32.7214693],[35.9014453,32.7214308],[35.9014538,32.7213391],[35.9014273,32.7212654],[35.9013681,32.7211765],[35.901348,32.7210912],[35.9013437,32.7210122],[35.9013655,32.7209442],[35.9014177,32.7209106],[35.9014831,32.7208981],[35.9015487,32.7208695],[35.9015756,32.7208379],[35.9016034,32.7207637],[35.9015937,32.7206775],[35.9016135,32.7205854],[35.9016271,32.7204781],[35.9016122,32.7203938],[35.9015651,32.7203657],[35.9014939,32.7203047],[35.9014149,32.7201925],[35.9013435,32.720065],[35.901254,32.7198586],[35.9011576,32.7196295],[35.900995,32.7192747],[35.9008418,32.719094],[35.9006309,32.7188844],[35.9003387,32.7186301],[35.9001231,32.7185097],[35.899845,32.7183843],[35.8994043,32.7183021],[35.8989634,32.7182783],[35.898428,32.7182524],[35.8976877,32.7182073],[35.8966812,32.71813],[35.8949304,32.7181035],[35.893541,32.718099],[35.8922696,32.7180764],[35.8898985,32.7179545],[35.8894104,32.71795],[35.889008,32.7179681],[35.8885896,32.7180042],[35.8881527,32.7180752],[35.8878064,32.7181667],[35.8874631,32.7183021],[35.8871734,32.7184645],[35.8870017,32.7185999],[35.8866799,32.7188707],[35.8864331,32.7191325],[35.886181,32.7194665],[35.8859664,32.7197869],[35.8853388,32.7208927],[35.8845663,32.7221834],[35.8841586,32.722743],[35.883708,32.7233297],[35.8830321,32.7239977],[35.8814865,32.7255565],[35.8806288,32.72657],[35.8800495,32.7273011],[35.8791053,32.7288716],[35.8788156,32.7295846],[35.8784938,32.7302705],[35.8781397,32.7309113],[35.8775389,32.7316333],[35.8765089,32.7324366],[35.8757901,32.73296],[35.8751249,32.7333932],[35.8747923,32.7335692],[35.8744758,32.733682],[35.8740735,32.7337136],[35.8715457,32.7338354]]}},
{"type":"Feature","properties":{"river":"yarmuk","relationId":1355013,"wayId":941426308,"version":2,"endNodeIds":[8718327857,1571304271],"provenance":{"dataset":"OpenStreetMap","version":"overpass-attic:2026-10-08T00:00:00Z; way 941426308 v2","upstreamFeatureIds":["osm:way/941426308","osm:relation/1355013"],"changes":[{"kind":"overpass-attic-download","detail":"A main-stream way of the Yarmuk's waterway relation, as OpenStreetMap held it at 2026-10-08T00:00:00Z, read through Overpass. © OpenStreetMap contributors, ODbL 1.0.","sources":["osm:relation/1355013"]}]}},"geometry":{"type":"LineString","coordinates":[[35.8715457,32.7338354],[35.8708253,32.7338648]]}},
{"type":"Feature","properties":{"river":"yarmuk","relationId":1355013,"wayId":941426309,"version":7,"endNodeIds":[1571304271,1278049381],"provenance":{"dataset":"OpenStreetMap","version":"overpass-attic:2026-10-08T00:00:00Z; way 941426309 v7","upstreamFeatureIds":["osm:way/941426309","osm:relation/1355013"],"changes":[{"kind":"overpass-attic-download","detail":"A main-stream way of the Yarmuk's waterway relation, as OpenStreetMap held it at 2026-10-08T00:00:00Z, read through Overpass. © OpenStreetMap contributors, ODbL 1.0.","sources":["osm:relation/1355013"]}]}},"geometry":{"type":"LineString","coordinates":[[35.8708253,32.7338648],[35.869326,32.7339618],[35.8683604,32.734043],[35.868009,32.7340836],[35.8677891,32.7340994],[35.867604,32.7340972],[35.8674377,32.7340656],[35.8672848,32.7340363],[35.8671373,32.7340498],[35.8670273,32.7340678],[35.8669227,32.734113],[35.8668208,32.7341513],[35.8666947,32.7341739],[35.8665633,32.7341491],[35.8664533,32.7340949],[35.8663166,32.7340114],[35.8661368,32.7339325],[35.8656017,32.7338332],[35.8649967,32.7337429],[35.8646602,32.7336944],[35.8642915,32.7336358],[35.8639629,32.7335918],[35.8637321,32.7335772],[35.8635659,32.7335354],[35.8633956,32.7334633],[35.8632521,32.7333797],[35.8630992,32.7333052],[35.8629557,32.7332499],[35.8628364,32.7331958],[35.8625333,32.73303],[35.862131,32.7328213],[35.8617756,32.7326216],[35.8615006,32.7324501],[35.8612981,32.732317],[35.861093,32.732185],[35.8608676,32.7320778],[35.8606102,32.7320022],[35.8604358,32.7319548],[35.8602856,32.7319447],[35.8601984,32.7319458],[35.8601005,32.7319481],[35.8600254,32.7319233],[35.8599141,32.7318511],[35.8597706,32.7317495],[35.8596405,32.7316875],[35.859438,32.7316502],[35.8592704,32.7316119],[35.8591041,32.73156],[35.8589633,32.731525],[35.8587594,32.7314923],[35.8585449,32.7314562],[35.8583692,32.7314077],[35.8580433,32.7313084],[35.8579347,32.7312904],[35.857822,32.7313028],[35.8577241,32.7313265],[35.8576356,32.731375],[35.857543,32.7314573],[35.8574626,32.7315205],[35.8573848,32.7315589],[35.8572829,32.7315701],[35.8571139,32.7315408],[35.8568725,32.7315295],[35.8566847,32.7315453],[35.8564058,32.7315972],[35.8561778,32.7316401],[35.8559337,32.731683],[35.8557031,32.7317371],[35.8555555,32.7318138],[35.8553383,32.7319289],[35.8549494,32.7320801],[35.8546355,32.7321929],[35.8543244,32.732317],[35.8541205,32.7323779],[35.8539033,32.7323892],[35.8536565,32.7323418],[35.8533615,32.7321613],[35.8533132,32.731956],[35.8532368,32.7317992],[35.8531127,32.731617],[35.8529273,32.7314852],[35.8528062,32.7313716],[35.8526963,32.7311459],[35.8525756,32.7308459],[35.8525354,32.7306112],[35.8525246,32.7302096],[35.8525568,32.7299208],[35.852607,32.7296537],[35.8528224,32.729034],[35.8529136,32.7288106],[35.8530718,32.7285602],[35.8534017,32.7281631],[35.853678,32.7278855],[35.8539221,32.7276666],[35.8542466,32.7274591],[35.8547375,32.7272357],[35.8550244,32.7270957],[35.8553356,32.7270066],[35.855585,32.7269403],[35.8557259,32.7269433],[35.8558721,32.7269643],[35.856033,32.7269175],[35.8562449,32.7267799],[35.8563817,32.7266851],[35.8564889,32.7266039],[35.8565426,32.7265271],[35.8565909,32.7263647],[35.8565667,32.7260488],[35.8565024,32.7257351],[35.8564272,32.7255479],[35.8563602,32.7254102],[35.8562314,32.7252387],[35.8559471,32.7250808],[35.8555019,32.7249251],[35.8547643,32.7247852],[35.8545712,32.7247897],[35.8543754,32.7248235],[35.8541098,32.7249318],[35.8534527,32.7254373],[35.8530933,32.7256968],[35.8526051,32.7260375],[35.8522564,32.7263557],[35.8521143,32.7264753],[35.8520177,32.7266197],[35.8519962,32.7268002],[35.8520123,32.7271996],[35.852007,32.7273101],[35.8519641,32.7274613],[35.8517924,32.7276125],[35.8515483,32.7277388],[35.8512264,32.7278133],[35.8509153,32.7278742],[35.8506471,32.7279848],[35.8502957,32.7282014],[35.8500516,32.7284067],[35.8498263,32.7286279],[35.8495608,32.7289257],[35.8493704,32.729201],[35.8491585,32.7295169],[35.8489573,32.7297606],[35.8487186,32.7300065],[35.8483082,32.7303269],[35.8480722,32.7304781],[35.8478522,32.7305841],[35.8474123,32.7307488],[35.8468357,32.7309474],[35.8462831,32.7311572],[35.8459452,32.7313174],[35.845626,32.7315228],[35.8452585,32.7317394],[35.8449849,32.7318319],[35.8446765,32.7318747],[35.8443493,32.7318793],[35.8440676,32.7318454],[35.8436975,32.7317597],[35.8435258,32.7316988],[35.8433247,32.7315701],[35.843102,32.7314212],[35.8428392,32.7312655],[35.8426139,32.7311211],[35.8422947,32.7309136],[35.8421525,32.7307962],[35.8420694,32.7306518],[35.8420184,32.7305119],[35.8419567,32.7303585],[35.8418843,32.7302367],[35.8418414,32.7301712],[35.8418387,32.7300855],[35.8418763,32.7299478],[35.8419272,32.7298125],[35.841887,32.7296726],[35.8418065,32.7294605],[35.8416215,32.729122],[35.8414552,32.7287294],[35.8413425,32.7285218],[35.8412003,32.7284],[35.8410072,32.7282917],[35.84057,32.7280976],[35.8402348,32.7279103],[35.8397922,32.7276734],[35.8394328,32.7275121],[35.8391605,32.7273993],[35.8387609,32.7272515],[35.8384243,32.7271443],[35.8380863,32.7270518],[35.8378033,32.7269807],[35.8372387,32.7268961],[35.8366661,32.7268329],[35.8361498,32.7267866],[35.8357072,32.726781],[35.8354859,32.7267844],[35.8352177,32.7267968],[35.8350621,32.7268577],[35.8349468,32.7269277],[35.834865,32.7270292],[35.8347322,32.7271883],[35.8346236,32.7273113],[35.8345377,32.7274173],[35.8344358,32.7275956],[35.8343419,32.7277716],[35.8342575,32.7279058],[35.8341596,32.728057],[35.8340536,32.7281585],[35.833894,32.7282759],[35.8337586,32.7283515],[35.8336057,32.7284101],[35.8333911,32.7284778],[35.8331081,32.7285827],[35.8329257,32.7286583],[35.8328091,32.7287249],[35.8326481,32.7288219],[35.8324175,32.7289494],[35.8320124,32.7291502],[35.8318502,32.7292202],[35.8316825,32.7292709],[35.8314586,32.7293409],[35.8312829,32.7294018],[35.8311568,32.7294661],[35.83102,32.729544],[35.830898,32.7296083],[35.8307089,32.7296692],[35.830434,32.7297459],[35.8301228,32.7298305],[35.8300437,32.7298655],[35.8299847,32.7299151],[35.8299163,32.7300155],[35.8298063,32.7301983],[35.829691,32.7303608],[35.8295757,32.7304849],[35.8294147,32.7306428],[35.8292498,32.7307838],[35.8289963,32.7308825],[35.8287857,32.7310534],[35.8285564,32.7313287],[35.8283244,32.7315431],[35.8281393,32.7317326],[35.8279154,32.7319718],[35.8276954,32.7322222],[35.827509,32.7324636],[35.8272824,32.7327253],[35.8271215,32.7329217],[35.8269873,32.7331326],[35.826754,32.7333966],[35.8265313,32.7336313],[35.8263677,32.7337711],[35.8262698,32.7338558],[35.8261558,32.7339223],[35.8259533,32.7339956],[35.8257709,32.7340667],[35.8256087,32.7341051],[35.8254115,32.7341558],[35.8250655,32.7342359],[35.8244969,32.7343882],[35.8240356,32.7345168],[35.823648,32.7346353],[35.8234066,32.7347007],[35.8231129,32.7347639],[35.8228661,32.7348101],[35.8227079,32.7348508],[35.8225349,32.7348891],[35.8223055,32.7349263],[35.8221124,32.7349771],[35.8218817,32.7350403],[35.8215076,32.7351474],[35.8210784,32.7352524],[35.8208317,32.7352851],[35.8205755,32.735311],[35.8202872,32.7353358],[35.8199613,32.7353584],[35.8195871,32.7353877],[35.8190882,32.7354193],[35.81871,32.7354204],[35.8183211,32.7353956],[35.8179389,32.7353629],[35.8176747,32.7353539],[35.8173797,32.7353889],[35.8172683,32.7353877],[35.8171986,32.7353584],[35.8171396,32.7353088],[35.8170229,32.7351655],[35.8169156,32.7351181],[35.8168218,32.735108],[35.8165897,32.7351204],[35.8163671,32.7351373],[35.8161888,32.7351486],[35.8156604,32.7351892],[35.8153385,32.7352208],[35.8151481,32.7352682],[35.8148584,32.7353539],[35.814617,32.7354351],[35.8144319,32.7354667],[35.8141047,32.7354848],[35.8137667,32.7355209],[35.8133349,32.7356382],[35.8129728,32.7357623],[35.8127394,32.7358142],[35.812431,32.7358548],[35.8121386,32.7358661],[35.8116612,32.735857],[35.8113474,32.7358345],[35.8109799,32.7357848],[35.8107761,32.735751],[35.8104917,32.7357126],[35.8103657,32.73576],[35.8100948,32.7359157],[35.8098829,32.7360669],[35.8096763,32.7362293],[35.8095315,32.7364098],[35.8093223,32.7368655],[35.8092445,32.7370776],[35.8091855,32.737301],[35.8091801,32.7374521],[35.8092257,32.7375717],[35.8093652,32.7377184],[35.8094135,32.7378041],[35.8094215,32.7379192],[35.8093759,32.7381042],[35.8093035,32.7383907],[35.8090675,32.7388916],[35.809038,32.7390202],[35.8090621,32.7391375],[35.8091077,32.7392007],[35.8092177,32.7392593],[35.8093491,32.7392909],[35.8095422,32.7393338],[35.8097219,32.7394105],[35.8098641,32.7395368],[35.8100116,32.7396722],[35.8101511,32.7398685],[35.8104327,32.7402272],[35.8106017,32.7404663],[35.8107224,32.7406491],[35.8107331,32.7407619],[35.8106875,32.7408499],[35.8106098,32.740904],[35.8104435,32.7409401],[35.8102289,32.7410303],[35.8100492,32.7411589],[35.8098561,32.7413124],[35.8095556,32.7415583],[35.809266,32.7417094],[35.8090273,32.7417839],[35.808751,32.7417771],[35.8084211,32.7417591],[35.8082199,32.7417207],[35.8080026,32.7416395],[35.8077371,32.7415109],[35.8072033,32.7411995],[35.8068788,32.7409785],[35.8067125,32.7407957],[35.8065864,32.7406513],[35.8064738,32.7404438],[35.8062056,32.739776],[35.8061627,32.7395774],[35.8061573,32.7394421],[35.80616,32.7389773],[35.8061063,32.738666],[35.8059132,32.7382959],[35.8056021,32.7377658],[35.8051863,32.7372152],[35.8047491,32.7366873],[35.8044421,32.7363725],[35.8040947,32.7361323],[35.8038157,32.7359247],[35.8035019,32.7357284],[35.8033839,32.7356878],[35.8032846,32.7356743],[35.8030701,32.7357758],[35.8027911,32.7359247],[35.8025014,32.7361007],[35.8022922,32.7361639],[35.8020079,32.7361774],[35.8015197,32.7361593],[35.8011979,32.7361503],[35.8009511,32.7361774],[35.800699,32.7362451],[35.8004093,32.7365294],[35.8003128,32.7367776],[35.8002215,32.7371386],[35.800227,32.7374408],[35.8003825,32.7377928],[35.8005327,32.7381448],[35.8005971,32.7385328],[35.8005488,32.7388893],[35.8004361,32.7394759],[35.8003235,32.7399813],[35.800243,32.7402136],[35.8001465,32.7404234],[35.7999748,32.7406265],[35.7997844,32.7408318],[35.7996368,32.7410642],[35.7993579,32.7416282],[35.799095,32.7422103],[35.7989609,32.7425893],[35.7988107,32.7427066],[35.7984835,32.742869],[35.7975608,32.7431127],[35.7972121,32.7431533],[35.7968098,32.7431533],[35.7962251,32.7432841],[35.7957047,32.743433],[35.7948732,32.7437353],[35.7944495,32.743979],[35.7942778,32.7441775],[35.7941893,32.7442768],[35.7941021,32.7444618],[35.79409,32.7446197],[35.7940042,32.7452153],[35.7940364,32.7455221],[35.7941276,32.7456574],[35.7943958,32.7458334],[35.7946372,32.7459327],[35.7949054,32.7460725],[35.7951254,32.7463162],[35.7953775,32.7465418],[35.795812,32.7467809],[35.7961929,32.7468937],[35.7966489,32.7469388],[35.7970297,32.7470065],[35.7978129,32.7472772],[35.7984298,32.7475163],[35.7987034,32.7476562],[35.7988161,32.7477915],[35.7988965,32.7479043],[35.7990414,32.7479946],[35.7994598,32.7481254],[35.8000445,32.7483104],[35.8008331,32.7484457],[35.8012193,32.7485856],[35.801509,32.7487074],[35.8015581,32.7487569],[35.8016968,32.7488969],[35.8018202,32.7492804],[35.8017933,32.749682],[35.8017665,32.7501647],[35.8016914,32.7503768],[35.8016056,32.7505392],[35.801509,32.750652],[35.8012676,32.7508008],[35.8008921,32.751058],[35.800361,32.7514731],[35.8000392,32.7517483],[35.799846,32.7520009],[35.7996744,32.7523167],[35.7995081,32.7527679],[35.7991701,32.7537198],[35.7990575,32.7539589],[35.7989126,32.7541394],[35.7987893,32.7542477],[35.7985532,32.7543379],[35.7980061,32.7546086],[35.7978666,32.7547169],[35.7969814,32.7555966],[35.7968366,32.7557319],[35.7964772,32.7560162],[35.7960802,32.7562688],[35.7958227,32.7563139],[35.7956403,32.7563139],[35.7954526,32.7562868],[35.7953601,32.7562013],[35.795289,32.7561492],[35.7950556,32.7560928],[35.7947391,32.7558898],[35.7945031,32.7556237],[35.7941973,32.7553169],[35.7939184,32.7551139],[35.7935536,32.7549289],[35.7928562,32.7546537],[35.7919979,32.7542612],[35.7913381,32.7538597],[35.7909518,32.7535619],[35.7901955,32.7528356],[35.7897073,32.7524656],[35.789364,32.7522897],[35.7889616,32.7521769],[35.7887417,32.7520506],[35.7885057,32.7518069],[35.7881731,32.7514595],[35.7880336,32.7511212],[35.7879102,32.7507738],[35.7878619,32.7505211],[35.7878619,32.75037],[35.7879478,32.7502628],[35.7880122,32.7500835],[35.7879639,32.7497993],[35.7879209,32.7494789],[35.78776,32.7493165],[35.7873791,32.7491541],[35.7868856,32.7489601],[35.7865423,32.7487977],[35.7863277,32.7486172],[35.7860756,32.7483194],[35.7857564,32.7477893],[35.7855096,32.7475253],[35.7852119,32.7473268],[35.7850429,32.7472839],[35.7844394,32.7471734],[35.7835919,32.7470775],[35.7833397,32.7470629],[35.7830916,32.7470809],[35.7828234,32.7470922],[35.7827121,32.7471181],[35.7826531,32.7472005],[35.7825834,32.7473358],[35.7824868,32.7474757],[35.7823205,32.7475885],[35.7819825,32.7476878],[35.7815963,32.7477464],[35.7812422,32.7477825],[35.7808131,32.747778],[35.7803893,32.7476832],[35.7801104,32.7475975],[35.7798582,32.7475975],[35.7795685,32.7476426],[35.7790965,32.7477599],[35.7787692,32.7478773],[35.7786083,32.7479946],[35.7784903,32.7481254],[35.7783884,32.7483284],[35.7783455,32.7484457],[35.7782435,32.7484999],[35.7781362,32.7484999],[35.7779914,32.7484503],[35.7777822,32.7483826],[35.7775623,32.748351],[35.7771867,32.7482653],[35.7768381,32.7481976],[35.7764894,32.7481164],[35.7757223,32.7479404],[35.77488,32.7476742],[35.7744402,32.7474938],[35.7741934,32.7473268],[35.7739896,32.7470967],[35.7733297,32.7462665],[35.7731795,32.7461221],[35.7730132,32.7460545],[35.7727396,32.7460815],[35.7724875,32.7460861],[35.7720691,32.7460139],[35.7714468,32.745883],[35.7709493,32.7458041],[35.7705698,32.7458154],[35.7704759,32.7458921],[35.7702666,32.7459507],[35.7699823,32.7460094],[35.7697248,32.7460139],[35.7694352,32.7460026],[35.7692099,32.7460274],[35.7679117,32.746262],[35.7667154,32.7464605],[35.7663989,32.7465507],[35.7660663,32.7466861],[35.7656962,32.7468711],[35.7653528,32.7470967],[35.764972,32.7474216],[35.7645106,32.7476923],[35.7642317,32.747778],[35.7638615,32.747787]]}},
{"type":"Feature","properties":{"river":"yarmuk","relationId":1355013,"wayId":1194778773,"version":2,"endNodeIds":[1278049381,746778283],"provenance":{"dataset":"OpenStreetMap","version":"overpass-attic:2026-10-08T00:00:00Z; way 1194778773 v2","upstreamFeatureIds":["osm:way/1194778773","osm:relation/1355013"],"changes":[{"kind":"overpass-attic-download","detail":"A main-stream way of the Yarmuk's waterway relation, as OpenStreetMap held it at 2026-10-08T00:00:00Z, read through Overpass. © OpenStreetMap contributors, ODbL 1.0.","sources":["osm:relation/1355013"]}]}},"geometry":{"type":"LineString","coordinates":[[35.7638615,32.747787],[35.7634109,32.7477329],[35.7626009,32.7476201],[35.7618391,32.7475569],[35.7613778,32.7474938],[35.7606858,32.7473945],[35.7599992,32.7471734],[35.7592964,32.7468621],[35.7588994,32.7466185],[35.7582933,32.746244],[35.7570863,32.7456078],[35.7564962,32.7452784],[35.7562602,32.745204],[35.7560563,32.7451837],[35.7558203,32.7451273],[35.7556486,32.745089],[35.7554985,32.7450145],[35.7552275,32.7447077],[35.7549794,32.7444607],[35.7548171,32.7442136]]}},
{"type":"Feature","properties":{"river":"yarmuk","relationId":1355013,"wayId":60104091,"version":18,"endNodeIds":[746778283,332293180],"provenance":{"dataset":"OpenStreetMap","version":"overpass-attic:2026-10-08T00:00:00Z; way 60104091 v18","upstreamFeatureIds":["osm:way/60104091","osm:relation/1355013"],"changes":[{"kind":"overpass-attic-download","detail":"A main-stream way of the Yarmuk's waterway relation, as OpenStreetMap held it at 2026-10-08T00:00:00Z, read through Overpass. © OpenStreetMap contributors, ODbL 1.0.","sources":["osm:relation/1355013"]}]}},"geometry":{"type":"LineString","coordinates":[[35.7548171,32.7442136],[35.7546079,32.7439091],[35.7544417,32.7436405],[35.7543182,32.7433405],[35.7541064,32.7428487],[35.7537737,32.7423637],[35.7534707,32.7420388],[35.7533097,32.7419102],[35.7531568,32.741838],[35.7529771,32.7417929],[35.7527116,32.7417094],[35.7525212,32.7416237],[35.7522422,32.7414748],[35.7520276,32.7413259],[35.7516977,32.7411928],[35.7511854,32.7410574],[35.7506248,32.7409175],[35.7503781,32.740816],[35.7502118,32.7406829],[35.7501045,32.7404663],[35.7500294,32.7401956],[35.7499033,32.7398527],[35.7496405,32.7393496],[35.7494366,32.738948],[35.7492623,32.7384764],[35.7491067,32.7380117],[35.7489324,32.7376372],[35.7487848,32.7372265],[35.7485756,32.7365722],[35.7482993,32.7361142],[35.7482148,32.7359642],[35.7481411,32.735769],[35.7479668,32.7355727],[35.7476556,32.7353516],[35.7468885,32.7347537],[35.7463521,32.7343115],[35.7457271,32.7338535],[35.7453704,32.7335602],[35.7451531,32.7333594],[35.744909,32.7330232],[35.7447535,32.7327254],[35.744555,32.7325787],[35.743922,32.7322177],[35.7431817,32.7317732],[35.7428893,32.7316243],[35.7427096,32.7315837],[35.7424629,32.7315904],[35.7422134,32.7315972],[35.7419613,32.7315814],[35.7415509,32.7315318],[35.7410413,32.7314867],[35.740824,32.7314912],[35.7406926,32.7315498],[35.7405317,32.7316311],[35.7402045,32.7318477],[35.7398987,32.7320688],[35.7396519,32.7322809],[35.7394159,32.7325426],[35.738968,32.7331495],[35.7385629,32.7337339],[35.7382411,32.73414],[35.7379487,32.7344334],[35.7376751,32.7345868],[35.737474,32.7346432],[35.7372433,32.7346116],[35.7369563,32.7343363],[35.736739,32.7340724],[35.7364789,32.7336098],[35.7363448,32.7333075],[35.7362992,32.7330593],[35.7362992,32.7328066],[35.7363528,32.7326193],[35.7364601,32.7323531],[35.7366881,32.7318161],[35.7369697,32.7313174],[35.737195,32.7309767],[35.7372889,32.7307443],[35.7373103,32.7305616],[35.7372621,32.7301938],[35.737187,32.729844],[35.7371521,32.7295958],[35.7370743,32.7294063],[35.7369724,32.7293025],[35.7368892,32.7292201],[35.736794,32.7291699],[35.7366344,32.7291739],[35.7364306,32.7290972],[35.7360148,32.7289122],[35.7354516,32.7286098],[35.7348132,32.7281992],[35.7345986,32.7280367],[35.734494,32.7278607],[35.7344216,32.7276012],[35.7343331,32.7271341],[35.7342795,32.726746],[35.7341292,32.7262857],[35.7341038,32.7261723],[35.7339924,32.7260409],[35.7339522,32.7259224],[35.7339576,32.7257431],[35.7339308,32.7255998],[35.7337189,32.7252681],[35.733507,32.7248687],[35.7333139,32.7245031],[35.7331395,32.7241376],[35.7330349,32.7239559],[35.7330067,32.7238064],[35.733059,32.7236389],[35.7329169,32.7232801],[35.7328016,32.7231108],[35.7326138,32.7229935],[35.7323241,32.7228965],[35.7320237,32.7228423],[35.7313531,32.7226866],[35.7307202,32.7226731],[35.7303902,32.7227283],[35.7301569,32.7228197],[35.729886,32.7229484],[35.7295454,32.7230792],[35.7292342,32.723244],[35.7290786,32.7234313],[35.7289901,32.723614],[35.7289445,32.7238307],[35.7289231,32.7242233],[35.7289714,32.7250198],[35.7290572,32.7254079],[35.7292181,32.7257509],[35.7293469,32.7260285],[35.7294247,32.7262361],[35.7294354,32.7263557],[35.729422,32.7264527],[35.7293469,32.7265339],[35.7292744,32.7265813],[35.7292289,32.7266016],[35.729143,32.7266174],[35.7289419,32.7265903],[35.7288077,32.7265994],[35.7286495,32.7266603],[35.7284027,32.7267754],[35.728156,32.7268611],[35.7278851,32.726904],[35.7273889,32.7268882],[35.7271144,32.7268548],[35.7269047,32.7268764],[35.7266631,32.7269617],[35.7264429,32.7269748],[35.7258439,32.7268927],[35.7254952,32.7266986],[35.7250661,32.726473],[35.7248998,32.7262767],[35.7247951,32.7261954],[35.7246745,32.726051],[35.7246369,32.7259111],[35.7245484,32.7257938],[35.7243767,32.7256652],[35.7242963,32.7255704],[35.7242614,32.7254305],[35.7242158,32.7251936],[35.7241675,32.7249815],[35.7240522,32.7247423],[35.7239825,32.7245482],[35.7239395,32.7243587],[35.7239074,32.7240428],[35.7238349,32.7238239],[35.7238671,32.7236434],[35.7240147,32.7235802],[35.7240871,32.72349],[35.7241487,32.7230995],[35.7242212,32.7229235],[35.7243017,32.7228378],[35.7242694,32.7226776],[35.7241005,32.7224497],[35.7240119,32.7223052],[35.7238966,32.7221089],[35.7238027,32.7219397],[35.7236284,32.7217524],[35.7234326,32.7215877],[35.7232127,32.7214974],[35.722931,32.7214297],[35.7226038,32.7213981],[35.7222846,32.7214162],[35.7220325,32.7214658],[35.7217509,32.7215516],[35.7214075,32.7216915],[35.7210669,32.7218991],[35.7208657,32.722048],[35.7206994,32.7222511],[35.720458,32.7225896],[35.7202166,32.7229348],[35.7200772,32.7230477],[35.7198653,32.7231424],[35.7195032,32.7232146],[35.7190311,32.7232553],[35.7185858,32.7232733],[35.7183418,32.7232395],[35.7182103,32.7231785],[35.7181138,32.7230567],[35.7180494,32.7228468],[35.7176953,32.7211995],[35.7176605,32.7210122],[35.7176954,32.7208362],[35.7178831,32.7205609],[35.7181808,32.7201457],[35.7182693,32.719981],[35.718323,32.7198614],[35.7183686,32.7196628],[35.7183847,32.7194213],[35.718382,32.7190896],[35.7183713,32.7185728],[35.7183177,32.7178101],[35.7182318,32.7173046],[35.7181272,32.7170045],[35.7180146,32.7168093],[35.7178402,32.716671],[35.7176243,32.7165658],[35.7174406,32.7164696],[35.717065,32.7160883],[35.7163542,32.7154744],[35.7161048,32.7153368],[35.7159251,32.7152623],[35.7157508,32.715233],[35.7156166,32.7152533],[35.7154825,32.7153548],[35.715437,32.715673],[35.7153645,32.7158225],[35.7150762,32.7160417],[35.7146397,32.7164605],[35.7139564,32.7169424],[35.7137981,32.7170713],[35.7137297,32.7171764],[35.7137364,32.7173808],[35.7136559,32.7176025],[35.7135218,32.7177447],[35.7133019,32.7179252],[35.7130069,32.7181057],[35.7126179,32.7183224],[35.7118428,32.7186383],[35.7114351,32.7187353],[35.7110381,32.7187985],[35.710668,32.718785],[35.7103461,32.7186541],[35.7102281,32.7184871],[35.7101583,32.718108],[35.7098848,32.7170203],[35.7098526,32.7167991],[35.7097077,32.7165238],[35.7093859,32.7161266],[35.7089835,32.715734],[35.7077068,32.7146372],[35.7068217,32.7140595],[35.7064623,32.7139421],[35.7062477,32.7139241],[35.7058614,32.7140685],[35.705033,32.7146923],[35.704059,32.7153639],[35.703367,32.7158378],[35.7030356,32.7159091],[35.7027627,32.715877],[35.7025219,32.7157863],[35.7020849,32.7155309],[35.7013285,32.7149622],[35.7011461,32.7147094],[35.7010925,32.7144928],[35.7010978,32.7133282],[35.7010174,32.7129898],[35.7008403,32.7125971],[35.7006096,32.7122721],[35.7004253,32.7122001],[35.7002088,32.7121642],[35.6991667,32.7124391],[35.6987107,32.7125249],[35.6984639,32.7125294],[35.6982357,32.7124535],[35.697509,32.711577],[35.697096,32.7111888],[35.6967741,32.710909],[35.696581,32.7107375],[35.6963503,32.7106337],[35.6962054,32.7106257],[35.6960391,32.710654],[35.6958675,32.7106381],[35.6954383,32.7105253],[35.6947356,32.7103042],[35.6940946,32.7100966],[35.6935823,32.7098889],[35.6930673,32.7096948],[35.6923699,32.7093788],[35.6920213,32.709117],[35.6918757,32.7089398],[35.6916551,32.7087085],[35.6913212,32.7084806],[35.6910181,32.7082413],[35.6909054,32.7081015],[35.6907392,32.7079627],[35.6904227,32.7079187],[35.6902081,32.7079119],[35.6896394,32.7079796],[35.6891674,32.7080518],[35.6887811,32.7082594],[35.6882071,32.7086612],[35.687837,32.7089275],[35.6873328,32.7091396],[35.6870591,32.7091125],[35.6868017,32.7090087],[35.6864101,32.7088327],[35.6852352,32.7081014],[35.6846398,32.7078487],[35.6835455,32.7073657],[35.6829124,32.7070903],[35.6824886,32.7070271],[35.6821024,32.7070045],[35.6817591,32.7069143],[35.6814963,32.706797],[35.6809446,32.7065228],[35.6806862,32.7062643],[35.6805253,32.7061221],[35.6802732,32.705989],[35.6798655,32.7057768],[35.6796455,32.7056775],[35.6793733,32.7056595],[35.6792693,32.7056753],[35.6791439,32.7057633],[35.6789213,32.7057813],[35.6783634,32.7057722],[35.6769767,32.7058355],[35.6766307,32.7058265],[35.6761104,32.7057362],[35.6756008,32.7056188],[35.6751931,32.705348],[35.6751018,32.7052577],[35.6749677,32.7050004],[35.6749623,32.7047296],[35.6750294,32.7045603],[35.6751608,32.704391],[35.6754613,32.7041111],[35.6756759,32.7040796],[35.6759334,32.704066],[35.6762753,32.7041078],[35.6763947,32.7040265],[35.676455,32.7039249],[35.6764859,32.7034656],[35.6765878,32.7030819],[35.6768882,32.7022695],[35.6769526,32.7019896],[35.6768667,32.7017187],[35.6768238,32.7014343],[35.6766629,32.7011589],[35.6764859,32.7007436]]}},
{"type":"Feature","properties":{"river":"yarmuk","relationId":1355013,"wayId":30154751,"version":32,"endNodeIds":[332293180,8967690845],"provenance":{"dataset":"OpenStreetMap","version":"overpass-attic:2026-10-08T00:00:00Z; way 30154751 v32","upstreamFeatureIds":["osm:way/30154751","osm:relation/1355013"],"changes":[{"kind":"overpass-attic-download","detail":"A main-stream way of the Yarmuk's waterway relation, as OpenStreetMap held it at 2026-10-08T00:00:00Z, read through Overpass. © OpenStreetMap contributors, ODbL 1.0.","sources":["osm:relation/1355013"]}]}},"geometry":{"type":"LineString","coordinates":[[35.6764859,32.7007436],[35.6762257,32.6999536],[35.6759789,32.6989718],[35.6757939,32.6984234],[35.6756598,32.6980306],[35.6755364,32.6977733],[35.6753862,32.6973399],[35.6752199,32.6969381],[35.6749168,32.6965228],[35.6747505,32.6963354],[35.6745413,32.6960623],[35.6743053,32.6958636],[35.6740987,32.6957327],[35.6738173,32.6956466],[35.6734287,32.6954973],[35.6732084,32.6953496],[35.6729882,32.6952471],[35.6727532,32.6951495],[35.6725633,32.6950141],[35.6723526,32.694895],[35.6720354,32.694744],[35.6717611,32.6946293],[35.6715883,32.6944765],[35.6714569,32.6943704],[35.6713127,32.6942198],[35.6712611,32.694061],[35.6712985,32.6939134],[35.6711247,32.6935448],[35.6710699,32.6933701],[35.671057,32.6931612],[35.6710666,32.6929522],[35.6711703,32.6926475],[35.6712965,32.6923808],[35.6714137,32.6920371],[35.6715663,32.6917479],[35.6717639,32.6914967],[35.6718537,32.6913762],[35.6719912,32.6911829],[35.6729051,32.6897171],[35.6733879,32.6889992],[35.67408,32.6879134],[35.6749906,32.6862921],[35.6750823,32.685981],[35.6751359,32.6857342],[35.6751524,32.6856549],[35.6751507,32.6855881],[35.675149,32.6855002],[35.6751272,32.6854538],[35.6750955,32.6854031],[35.6750321,32.6853354],[35.6749678,32.6852507],[35.6749115,32.6851497],[35.6748444,32.6850622],[35.6745165,32.6847881],[35.674023,32.6846373],[35.673608,32.6844818],[35.6732085,32.6843723],[35.6725752,32.6843884],[35.6723982,32.6844358],[35.6722279,32.6844866],[35.6719945,32.6845724],[35.6717598,32.6846401],[35.6715775,32.6846762],[35.6712234,32.6847123],[35.6709337,32.6847101],[35.6706923,32.6846627],[35.6704992,32.6845634],[35.6702498,32.6843895],[35.6700513,32.6842721],[35.669724,32.6841231],[35.6693915,32.6839696],[35.6691125,32.6838206],[35.6688496,32.6836333],[35.6686297,32.6834843],[35.668391,32.6832698],[35.6682435,32.6830756],[35.6681469,32.6829041],[35.6681013,32.6827799],[35.6680092,32.6826695],[35.6679075,32.6825775],[35.6676082,32.6823216],[35.6670752,32.6818097],[35.666405,32.6813451],[35.665954,32.680937],[35.6656309,32.6807411],[35.6653395,32.6806073],[35.6648912,32.6803691],[35.6643107,32.6801421],[35.6635678,32.679954],[35.6629129,32.6802754],[35.6626672,32.6804478],[35.6625277,32.6805822],[35.6623748,32.6807797],[35.6622796,32.68094],[35.6622447,32.6810427],[35.6622139,32.6811454],[35.6621978,32.6812583],[35.6621857,32.6813554],[35.6621039,32.681571],[35.6620462,32.6816737],[35.6619698,32.68179],[35.6618249,32.6820011],[35.6616962,32.6821907],[35.6612349,32.6827212],[35.6609827,32.6829537],[35.6606796,32.683175],[35.6602049,32.6834549],[35.6596899,32.68378],[35.6594244,32.683999],[35.6592178,32.6843128],[35.6590998,32.6845543],[35.6590328,32.6846988],[35.658951,32.6848004],[35.6587753,32.6848884],[35.658617,32.6849381],[35.6582925,32.6850013],[35.6574315,32.6851548],[35.6567502,32.6852451],[35.6564096,32.6852677],[35.6561252,32.6852496],[35.6556076,32.6851052],[35.6552267,32.6849426],[35.6545722,32.6846604],[35.6543979,32.6845803],[35.6542759,32.6845047],[35.6540452,32.6843252],[35.6537327,32.6840577],[35.6534699,32.6838274],[35.6529656,32.6834391],[35.6525445,32.6830147],[35.6522173,32.6826603],[35.6518015,32.6822426],[35.6516433,32.6820643],[35.6509593,32.6812267],[35.6505731,32.6808271],[35.6499937,32.6802785],[35.6494385,32.6798699],[35.6488296,32.6794184],[35.6477514,32.678653],[35.6470352,32.6782015],[35.646516,32.6779662],[35.6462042,32.6778208],[35.645924,32.6777198],[35.6456865,32.6776205],[35.6452569,32.6775614],[35.6449191,32.6775346],[35.6446807,32.6775572],[35.644186,32.6776891],[35.6437814,32.6777863],[35.6435459,32.6779903],[35.6433778,32.6781978],[35.643256,32.6784702],[35.6431353,32.6786553],[35.6430468,32.678863],[35.6430361,32.6790955],[35.6430548,32.6794613],[35.6430361,32.6796464],[35.6429744,32.6798789],[35.6428644,32.6802266],[35.6424138,32.681089],[35.6422126,32.6814209],[35.6420732,32.6815428],[35.6418881,32.6816263],[35.6405926,32.6821929],[35.6402734,32.6823532],[35.6398711,32.68257],[35.6392327,32.6828973],[35.6385568,32.6832788],[35.6378701,32.6836694],[35.6374946,32.6838951],[35.637221,32.6840893],[35.6363493,32.6848433],[35.6359255,32.6852338],[35.6356788,32.6854754],[35.6353033,32.6858727],[35.6350055,32.6861752],[35.6348205,32.6862452],[35.6346649,32.6862587],[35.634453,32.6862271],[35.6340104,32.6860172],[35.6336617,32.6858321],[35.6334123,32.685656],[35.6332138,32.6855025],[35.6325272,32.6848343],[35.6322965,32.6845995],[35.6316206,32.6838726],[35.6314286,32.6836553],[35.631068,32.6832472],[35.6307998,32.682947],[35.6304726,32.6825474],[35.6301159,32.6820846],[35.6298637,32.6817211],[35.6295875,32.6812877],[35.6288257,32.6804366],[35.6281713,32.6796848],[35.6277233,32.6791926],[35.6275302,32.6790413],[35.6271118,32.678723],[35.6268382,32.6785718],[35.6263769,32.6784069],[35.6258377,32.6782647],[35.6253764,32.6781157],[35.6250223,32.6779599],[35.6244269,32.6777206],[35.623979,32.6776055],[35.6234774,32.6774903],[35.622772,32.6774023],[35.6223294,32.6774181],[35.6219485,32.6774632],[35.6216723,32.6775265],[35.6214336,32.6775919],[35.6209186,32.6777364],[35.6201059,32.6780186],[35.6199717,32.678066],[35.6198484,32.6781134],[35.6197679,32.6781902],[35.6196687,32.6783257],[35.619328,32.6789691],[35.6190544,32.6793258],[35.6187996,32.6796374],[35.6183074,32.6800708],[35.618054,32.6802221],[35.6178528,32.6803124],[35.6176865,32.6803462],[35.6174424,32.6803508],[35.6169945,32.6802198],[35.6167451,32.6800753],[35.6164822,32.6798857],[35.6162649,32.6797028],[35.616053,32.6796035],[35.6157768,32.6794748],[35.615589,32.6793461],[35.6153503,32.6791158],[35.6152001,32.6790233],[35.6149936,32.6789533],[35.6145617,32.6788607],[35.6140736,32.678784],[35.6135103,32.6786508],[35.6129631,32.6785289],[35.6126118,32.6784115],[35.6123677,32.6783166],[35.6120431,32.6781699],[35.6116676,32.6779802],[35.6112331,32.67775],[35.6106457,32.6774091],[35.6100664,32.6770772],[35.6095701,32.6768401],[35.6090686,32.6766098],[35.6087172,32.6764179],[35.6083685,32.6761809],[35.6079742,32.6758806],[35.6074566,32.6754516],[35.6071615,32.6752191],[35.6069979,32.6751446],[35.6068262,32.6750949],[35.6065419,32.6750656],[35.6061959,32.6750023],[35.6058875,32.6749007],[35.6056648,32.6747743],[35.605512,32.6746276],[35.6053805,32.6744063],[35.6052813,32.6741444],[35.6052357,32.6736522],[35.6052357,32.6733858],[35.6052464,32.6731442],[35.6053001,32.6728191],[35.6053939,32.6722749],[35.6054717,32.6715999],[35.6054744,32.6713018],[35.6054744,32.6709473],[35.6053859,32.6706335],[35.6051767,32.6703287],[35.6050399,32.6702113],[35.6048039,32.6700442],[35.604549,32.6698997],[35.6042379,32.6697665],[35.6040448,32.6697304],[35.603562,32.6696965],[35.6032911,32.6697055],[35.6028753,32.669762],[35.6025213,32.6697913],[35.6022048,32.6697936],[35.6019875,32.66978],[35.601384,32.6697416],[35.6011319,32.6696965],[35.6007215,32.669561],[35.600279,32.669412],[35.5996621,32.669132],[35.599426,32.6690124],[35.5992356,32.6688724],[35.5990371,32.6686962],[35.5987206,32.668344],[35.5985087,32.6680866],[35.5983666,32.6678428],[35.5983424,32.6677095],[35.5983451,32.6676012],[35.5983639,32.6674973],[35.5984819,32.6672286],[35.5988413,32.6665986],[35.5990049,32.6662554],[35.5990532,32.6661719],[35.5992061,32.6659845],[35.5992624,32.6659574],[35.5994099,32.6658783],[35.5995977,32.6657993],[35.5996808,32.6657451],[35.5997372,32.6656774],[35.5998123,32.66556],[35.5999035,32.665359],[35.6000027,32.6650203],[35.6000778,32.6649255],[35.6002361,32.6648081],[35.6004453,32.6647042],[35.6006947,32.6645823],[35.6011453,32.6643994],[35.6014296,32.6642797],[35.6022799,32.6640403],[35.602701,32.6639116],[35.6031328,32.6637603],[35.6037095,32.6633381],[35.6041414,32.662891],[35.6047153,32.6622904],[35.6052867,32.6617665],[35.6058311,32.6612494],[35.6062469,32.6608023],[35.606491,32.6604839],[35.6066626,32.6602378],[35.6068182,32.6598652],[35.6069791,32.6594339],[35.607065,32.6590816],[35.607132,32.6587474],[35.6071374,32.6582235],[35.6071401,32.656995],[35.6071803,32.6562589],[35.6071508,32.6555046],[35.6071025,32.6549491],[35.6070167,32.654362],[35.6068182,32.6535264],[35.6066063,32.6527428],[35.6065097,32.6524311],[35.6063756,32.6520675],[35.6061986,32.6517491],[35.6059545,32.6514894],[35.6057024,32.6512997],[35.6055254,32.651241],[35.60541,32.65125],[35.6053457,32.6512907],[35.6051807,32.6514307],[35.6051378,32.6514589],[35.6050841,32.651477],[35.6049152,32.6514804],[35.6047127,32.6514657],[35.6045504,32.6514431],[35.6042406,32.6513968],[35.6037927,32.6513121],[35.6031811,32.6512319],[35.6026661,32.6511744],[35.6023657,32.6511461],[35.6021002,32.6511235],[35.6018387,32.6511292],[35.6016335,32.651145],[35.6013398,32.6511924],[35.6011185,32.65125],[35.6006773,32.6514002],[35.6004359,32.6514883],[35.6003205,32.6515346],[35.6002146,32.6515718],[35.6001019,32.6516136],[35.6000148,32.6516305],[35.5998807,32.6516452],[35.5997787,32.6516531],[35.5996983,32.6516497],[35.5995789,32.6516272],[35.599359,32.6515504],[35.5992544,32.6515007],[35.59919,32.6514533],[35.5991176,32.6513731],[35.5990572,32.6512816],[35.5989982,32.6511969],[35.5988306,32.6510761],[35.5986817,32.6510118],[35.5985261,32.6509801],[35.5983411,32.6509485],[35.5981949,32.6509406],[35.5979508,32.6509463],[35.5977041,32.6509576],[35.5974667,32.6509903],[35.5971998,32.6510422],[35.5970308,32.6510908],[35.5968578,32.651171],[35.5967371,32.6512263],[35.5966245,32.6512703],[35.5965433,32.6513206],[35.5964702,32.6513759],[35.5964112,32.6514307],[35.5963589,32.6515075],[35.5962624,32.6517073],[35.5960612,32.6520946],[35.5960022,32.6522392],[35.5959043,32.6525689],[35.5958614,32.6526818],[35.5958211,32.6527631],[35.5957729,32.6528376],[35.5957058,32.6529008],[35.5955878,32.6529663],[35.5955046,32.6530047],[35.5953906,32.6530318],[35.5952083,32.6530465],[35.5949534,32.6530646],[35.5947281,32.6530804],[35.5945458,32.6531109],[35.5941971,32.6531414],[35.5939664,32.6531402],[35.5938792,32.6531391],[35.5937304,32.6531267],[35.5935869,32.6530917],[35.593493,32.6530533],[35.593383,32.6529946],[35.5932435,32.6528918],[35.5928385,32.6525915],[35.5925824,32.6524074],[35.5923128,32.6522188],[35.5922471,32.6521658],[35.5921814,32.6520901],[35.5921318,32.6520156],[35.59205,32.6518993],[35.5919789,32.6517977],[35.59183,32.6516543],[35.5916409,32.6515334],[35.5913834,32.6513754],[35.5911085,32.6512365],[35.5909462,32.6511642],[35.5908041,32.6511089],[35.5905908,32.6510355],[35.5904272,32.6509869],[35.5901308,32.6509124],[35.5900075,32.650874],[35.5898358,32.6507566],[35.5897714,32.650682],[35.5897298,32.6506143],[35.5896789,32.6505194],[35.5896521,32.650437],[35.5895904,32.6503196],[35.5895595,32.6502755],[35.5894321,32.6501671],[35.5893812,32.6500768],[35.5893476,32.6500057],[35.5893423,32.6499424],[35.5893503,32.649869],[35.5893905,32.6498171],[35.5894268,32.6497742],[35.5895689,32.6496375],[35.5896749,32.6495066],[35.5898653,32.6492118],[35.5900356,32.6489634],[35.5902703,32.6487523],[35.590501,32.6485513],[35.5907035,32.6484643],[35.5908698,32.6483841],[35.5910254,32.6483265],[35.5912212,32.648243],[35.5913258,32.6481764],[35.591417,32.6480838],[35.5915511,32.6479076],[35.5916704,32.6476931],[35.5917348,32.6475327],[35.5917951,32.6472752],[35.5918421,32.647055],[35.5918756,32.6468416],[35.5919011,32.6465311],[35.5918434,32.646085],[35.5917951,32.6458547],[35.5917589,32.645753],[35.5917066,32.645665],[35.5916208,32.6455577],[35.5915122,32.6454244],[35.5914451,32.6453454],[35.5913901,32.6453025],[35.5913191,32.6452517],[35.5912144,32.6452031],[35.5910079,32.6451353],[35.5908121,32.6450597],[35.5905305,32.6449547],[35.5904607,32.6449321],[35.5903696,32.644914],[35.590167,32.6448937],[35.5900303,32.644888],[35.589872,32.6448542],[35.5894858,32.6447299],[35.589298,32.6446724],[35.5890526,32.6445831],[35.5888313,32.6444985],[35.5886865,32.6444375],[35.588492,32.6443573],[35.5883002,32.6442557],[35.5880454,32.644093],[35.5878295,32.6439248],[35.5875693,32.6437193],[35.5873843,32.643551],[35.5872287,32.643429],[35.5871227,32.6433805],[35.5869873,32.6433127],[35.5868666,32.6432314],[35.5867888,32.6431456],[35.5867378,32.6430711],[35.5867217,32.643018],[35.5867177,32.6429389],[35.5867338,32.6428644],[35.5867445,32.6428181],[35.5867445,32.6427695],[35.5867217,32.6426329],[35.586707,32.6423924],[35.586707,32.6422162],[35.5867211,32.6420745],[35.5867432,32.6418193],[35.5866802,32.6416583],[35.5865756,32.6415612],[35.5865085,32.6414867],[35.5863664,32.6414302],[35.5861089,32.641367],[35.5859131,32.6413444],[35.5857199,32.641376],[35.5855751,32.6414799],[35.5854571,32.641629],[35.5854249,32.6417532],[35.5854222,32.6419136],[35.5854142,32.6420807],[35.5853686,32.6422252],[35.5852693,32.6424172],[35.5852103,32.6425979],[35.5851969,32.6426882],[35.5851915,32.6427695],[35.5852023,32.6428915],[35.5852264,32.6429864],[35.5852371,32.6430699],[35.585264,32.6433489],[35.5852707,32.6435375],[35.5852566,32.6436069],[35.5852237,32.6436662],[35.585095,32.6437701],[35.5849287,32.6438672],[35.5847973,32.6439327],[35.5846578,32.6440321],[35.5845183,32.6440998],[35.5842984,32.6441585],[35.5840972,32.6441856],[35.5839497,32.644215],[35.5835795,32.6443618],[35.5833033,32.6444567],[35.5829143,32.6445606],[35.5826944,32.6445831],[35.582394,32.6446102],[35.5819809,32.6446148],[35.5813453,32.644678],[35.581018,32.6447006],[35.5807069,32.6447458],[35.5804253,32.6447977],[35.5799854,32.6448542],[35.579516,32.6449445],[35.5791499,32.6449908],[35.578997,32.6449874],[35.5787878,32.6449592],[35.5786,32.6448858],[35.5784485,32.6448146],[35.5783251,32.644713],[35.5782366,32.6445696],[35.5781762,32.6444059],[35.5781481,32.644241],[35.5781347,32.6440321],[35.5781829,32.6437407],[35.57825,32.6434381],[35.5783439,32.6432077],[35.578427,32.6430632],[35.5785289,32.6429051],[35.5786201,32.6427402],[35.5786711,32.6425053],[35.5786523,32.6423336],[35.5786268,32.6421654],[35.5785477,32.6420028],[35.578427,32.6418582],[35.5781588,32.6416019],[35.5777806,32.6412902],[35.5774802,32.6410982],[35.5770537,32.6408588],[35.576756,32.6407278],[35.5762812,32.6405652],[35.5756295,32.6404455],[35.5752486,32.6404138],[35.574967,32.6404093],[35.5745968,32.6404138],[35.5741811,32.6404545],[35.5738512,32.6405245],[35.5736205,32.6406058],[35.5733643,32.6407052],[35.5730532,32.6408938],[35.5729338,32.6409943],[35.572679,32.6412224],[35.5725181,32.6414415],[35.5724457,32.6416335],[35.5724242,32.6416933],[35.5724108,32.6418232],[35.5724189,32.6419226],[35.5724376,32.6420174],[35.5724631,32.6420694],[35.5724913,32.642101],[35.5725718,32.6421326],[35.57262,32.642149],[35.5727132,32.6421818],[35.5728031,32.6422281],[35.5728655,32.6422817],[35.572895,32.6423246],[35.5729245,32.6423856],[35.5729486,32.6424375],[35.5729835,32.6425324],[35.573017,32.6426521],[35.5730478,32.642765],[35.5730532,32.642852],[35.5730452,32.6429536],[35.5730291,32.643053],[35.573009,32.6432066],[35.5729955,32.6433274],[35.5729768,32.6434002]]}},
{"type":"Feature","properties":{"river":"yarmuk","relationId":1355013,"wayId":969126996,"version":3,"endNodeIds":[8967690845,6394625097],"provenance":{"dataset":"OpenStreetMap","version":"overpass-attic:2026-10-08T00:00:00Z; way 969126996 v3","upstreamFeatureIds":["osm:way/969126996","osm:relation/1355013"],"changes":[{"kind":"overpass-attic-download","detail":"A main-stream way of the Yarmuk's waterway relation, as OpenStreetMap held it at 2026-10-08T00:00:00Z, read through Overpass. © OpenStreetMap contributors, ODbL 1.0.","sources":["osm:relation/1355013"]}]}},"geometry":{"type":"LineString","coordinates":[[35.5729768,32.6434002],[35.5729463,32.6436748]]}},
{"type":"Feature","properties":{"river":"yarmuk","relationId":1355013,"wayId":969126995,"version":3,"endNodeIds":[6394625097,250392194],"provenance":{"dataset":"OpenStreetMap","version":"overpass-attic:2026-10-08T00:00:00Z; way 969126995 v3","upstreamFeatureIds":["osm:way/969126995","osm:relation/1355013"],"changes":[{"kind":"overpass-attic-download","detail":"A main-stream way of the Yarmuk's waterway relation, as OpenStreetMap held it at 2026-10-08T00:00:00Z, read through Overpass. © OpenStreetMap contributors, ODbL 1.0.","sources":["osm:relation/1355013"]}]}},"geometry":{"type":"LineString","coordinates":[[35.5729463,32.6436748],[35.5729446,32.6437814],[35.5729432,32.6438762],[35.5729432,32.6439158],[35.572962,32.6439519],[35.5729969,32.6439824],[35.5730022,32.6440129],[35.5729969,32.6440411],[35.5729714,32.6440818],[35.5729459,32.6441202],[35.5729379,32.6441563],[35.5729298,32.6442026],[35.5729379,32.6443979],[35.5729339,32.6444973],[35.5729298,32.6445865],[35.5729124,32.6446927],[35.5728547,32.6447864],[35.5727984,32.6448474],[35.572612,32.6450134],[35.572392,32.6452788],[35.5721801,32.6454707],[35.5720058,32.6455995],[35.5714828,32.6460083],[35.5710858,32.6462838],[35.5706701,32.6465458],[35.5702704,32.6467965],[35.5698037,32.6470223],[35.569337,32.6471985],[35.5688435,32.6472572],[35.5685162,32.6472391],[35.568189,32.6471126],[35.5678564,32.6469681],[35.5675721,32.6469275],[35.5672288,32.6469546],[35.5669579,32.647002],[35.5665529,32.6471149],[35.5660835,32.6473046],[35.5655014,32.6474695],[35.5649784,32.6475959],[35.5640611,32.6477111]]}},
{"type":"Feature","properties":{"river":"lamus","relationId":15952690,"wayId":1179780745,"version":7,"endNodeIds":[13394554137,10957680244],"provenance":{"dataset":"OpenStreetMap","version":"overpass-attic:2026-10-08T00:00:00Z; way 1179780745 v7","upstreamFeatureIds":["osm:way/1179780745","osm:relation/15952690"],"changes":[{"kind":"overpass-attic-download","detail":"A main-stream way of the Lamus (Limonlu Çayı)'s waterway relation, as OpenStreetMap held it at 2026-10-08T00:00:00Z, read through Overpass. © OpenStreetMap contributors, ODbL 1.0.","sources":["osm:relation/15952690"]}]}},"geometry":{"type":"LineString","coordinates":[[33.8226662,36.9845457],[33.822744,36.9844542],[33.8228503,36.9843659],[33.8229649,36.9843169],[33.8231122,36.9842973],[33.823284,36.9842973],[33.8235172,36.9842842],[33.8236891,36.984245],[33.8238405,36.9842189],[33.8239346,36.9842189],[33.8240246,36.9842287],[33.82418,36.984245],[33.8243151,36.9842417],[33.8244746,36.9842025],[33.8246301,36.9841273],[33.8247528,36.9840424],[33.8248215,36.9839463],[33.8249065,36.9836297],[33.8251471,36.9831774],[33.825586,36.9827024],[33.8262231,36.9821483],[33.826761,36.9815037],[33.8269734,36.9810626],[33.8269875,36.980565],[33.8269451,36.9801805],[33.8268601,36.9798639],[33.8266556,36.9795599],[33.8263474,36.9792018],[33.826201,36.9788704],[33.8261232,36.9786944],[33.8260578,36.9783587],[33.8260205,36.978105],[33.825871,36.9777543],[33.8255535,36.9772768],[33.825348,36.9769111],[33.825292,36.9767619],[33.8252733,36.9765231],[33.825292,36.9762993],[33.8252733,36.9759859],[33.8251145,36.9755755],[33.8249557,36.9751204],[33.8249464,36.9747995],[33.8249744,36.9745906],[33.8251332,36.9743145],[33.8253494,36.9740052],[33.8257142,36.9735252],[33.8262935,36.9731138],[33.8268729,36.9727195],[33.8271948,36.9722909],[33.827302,36.9719652],[33.8273664,36.9712109],[33.8274057,36.970535],[33.8273768,36.9704282],[33.8273423,36.9703165],[33.8273079,36.9702194],[33.8272804,36.9701493],[33.8272871,36.9700734],[33.8272806,36.9700132],[33.8272664,36.9699348],[33.8272764,36.9698699],[33.8273175,36.9698169],[33.8273413,36.969797],[33.8273918,36.9697944],[33.8274639,36.9698304],[33.8274866,36.9698723],[33.8274956,36.9699157],[33.8274977,36.9699541],[33.8275291,36.969979],[33.8275752,36.9699765],[33.8276076,36.9699547],[33.8276308,36.9699121],[33.8276657,36.9698703],[33.8277661,36.9698284],[33.8278094,36.9697994],[33.8278661,36.9697719],[33.8279084,36.9697469],[33.8279203,36.9697158],[33.8279145,36.9696666],[33.827879,36.9696364],[33.8278191,36.9695934],[33.8277636,36.9695532],[33.827736,36.9695316],[33.8277232,36.9694993],[33.8277284,36.969444],[33.8277568,36.9693939],[33.8278153,36.9693577],[33.8278562,36.9693097],[33.827851,36.9692671],[33.8278084,36.9692245],[33.8278077,36.9691916],[33.8278767,36.9691503],[33.82804,36.9690844],[33.8282294,36.9690219],[33.8283172,36.9689926],[33.8283545,36.968978],[33.8283964,36.9689647],[33.8284408,36.9689811],[33.828456,36.9690247],[33.8284472,36.9690875],[33.8284113,36.9691395],[33.8284167,36.9691748],[33.8284475,36.9692074],[33.8285048,36.9692199],[33.8285522,36.969215],[33.8285829,36.9691846],[33.8285983,36.9691339],[33.8286253,36.9690608],[33.8287,36.9689536],[33.8287826,36.9688052],[33.8288633,36.9687041],[33.828906,36.9686516],[33.8289483,36.9686366],[33.8290173,36.9686343],[33.8290634,36.9686667],[33.8290753,36.9687006],[33.8291199,36.9687308],[33.829153,36.9687353],[33.8291912,36.9687181],[33.8292348,36.9686801],[33.829266,36.9686188],[33.829255,36.9685253],[33.8292369,36.9684411],[33.8292104,36.968365],[33.8292123,36.9683279],[33.8292315,36.968297],[33.8292771,36.9682759],[33.8293337,36.9682483],[33.8293676,36.9682057],[33.8293852,36.9681615],[33.8293839,36.9681249],[33.8293527,36.9681038],[33.8293108,36.9681039],[33.8292539,36.968117],[33.8292031,36.9681432],[33.8291625,36.9681371],[33.8291538,36.9681195],[33.829166,36.9680843],[33.8292011,36.9680438],[33.8292784,36.9679954],[33.8293263,36.9679362],[33.8293729,36.9679012],[33.8294117,36.9678898],[33.8294556,36.9678987],[33.8294958,36.967908],[33.8295261,36.9678948],[33.8295473,36.9678622],[33.8295559,36.9677923],[33.8295358,36.9677232],[33.8295116,36.967638],[33.829518,36.9675957],[33.8295496,36.9675534],[33.8295858,36.9675063],[33.8295998,36.9674665],[33.8296007,36.967419],[33.8295996,36.9673845],[33.8295844,36.9673548],[33.8295565,36.9673481],[33.8295121,36.9673528],[33.8294654,36.9673601],[33.8294482,36.9673491],[33.8294518,36.967329],[33.8294658,36.9672994],[33.8294769,36.9672652],[33.8294966,36.9672318],[33.8295205,36.9672114],[33.8295582,36.9671964],[33.8296034,36.9672018],[33.8296446,36.9671992],[33.8296631,36.9671812],[33.829654,36.9671495],[33.8296149,36.9671158],[33.8295893,36.9670697],[33.8295785,36.9670336],[33.8295901,36.9669992],[33.8296262,36.9669647],[33.8296748,36.9669214],[33.829691,36.9668884],[33.8296767,36.9668329],[33.8296472,36.9667792],[33.8296461,36.966732],[33.8296762,36.9666909],[33.829738,36.9666704],[33.8298156,36.9666601],[33.829889,36.9666468],[33.8299358,36.9666191],[33.8299918,36.9665565],[33.8300106,36.9665171],[33.8299987,36.9664698],[33.8299602,36.9664315],[33.8298994,36.9663965],[33.8298853,36.9663613],[33.8298905,36.9663194],[33.8299033,36.9662545],[33.8299381,36.9661831],[33.8299892,36.9661085],[33.8299997,36.9660573],[33.8299908,36.9659959],[33.8299842,36.9659393],[33.8299993,36.9658622],[33.8300001,36.9657738],[33.8299852,36.9657039],[33.8299798,36.9656251],[33.830015,36.9655691],[33.8300669,36.9655193],[33.830164,36.9654619],[33.8302512,36.9654332],[33.8303008,36.9654058],[33.8303196,36.9653629],[33.8303127,36.9653236],[33.8303011,36.965278],[33.8302669,36.9652454],[33.8302274,36.9652405],[33.8301859,36.9652242],[33.830131,36.9651898],[33.8300691,36.9651385],[33.8300279,36.9650755],[33.8300012,36.9650278],[33.8300001,36.9649682],[33.8300229,36.9649067],[33.8300587,36.9648273],[33.8300786,36.9647599],[33.8300825,36.9647035],[33.8300519,36.9646477],[33.8299919,36.9645743],[33.8298933,36.9644782],[33.8298109,36.9644312],[33.8297372,36.9644272],[33.8296513,36.9644297],[33.8295762,36.9644472],[33.8295224,36.9644364],[33.829495,36.9643996],[33.8294719,36.9643241],[33.8294625,36.964204],[33.8294443,36.9641248],[33.8294241,36.9640245],[33.829411,36.9639434],[33.8294291,36.9638873],[33.8294802,36.9638245],[33.8295151,36.9637561],[33.8295175,36.9637053],[33.8295104,36.9635899],[33.8294996,36.963352],[33.8294828,36.9631563],[33.8294758,36.9629485],[33.829456,36.9628413],[33.8294363,36.9627244],[33.8293914,36.9626298],[33.8293548,36.9625662],[33.8292958,36.9624873],[33.8292379,36.9624333],[33.8291698,36.9623743],[33.8290517,36.9623089],[33.8288685,36.9622272],[33.828332,36.9619872],[33.8280531,36.96173],[33.8277527,36.9613871],[33.827581,36.9608899],[33.8275166,36.9604269],[33.8270016,36.9593982],[33.8267441,36.9589867],[33.8264008,36.9586609],[33.8254352,36.9580779],[33.8245984,36.9576493],[33.8241049,36.9572378],[33.8233753,36.9568948],[33.8227959,36.9567405],[33.8223024,36.9566719],[33.8219376,36.9567062],[33.8215085,36.9567748],[33.8211437,36.9567405],[33.8210364,36.9566376],[33.8206716,36.9562261],[33.8202425,36.955866],[33.8195129,36.9555745],[33.8187833,36.9553859],[33.8183542,36.9551973],[33.8177319,36.9548372],[33.8172813,36.9545114],[33.8170882,36.9541685],[33.8169809,36.9537741],[33.8167234,36.9535169],[33.8159724,36.9529682],[33.8153716,36.952488],[33.815157,36.9522137],[33.8150712,36.9519736],[33.8151355,36.9516649],[33.8152998,36.9513202],[33.8154107,36.9508967],[33.8155093,36.9506998],[33.8154847,36.9504043],[33.81546,36.950099],[33.8155093,36.949705],[33.815534,36.9494588],[33.8156572,36.949252],[33.8159653,36.9488777],[33.8161502,36.9486512],[33.8163474,36.9482178],[33.8164706,36.9480307],[33.8166801,36.9478534],[33.8169389,36.9476465],[33.817703,36.9469866],[33.8184425,36.9464942],[33.8189601,36.9461987],[33.8196503,36.9459426],[33.8199214,36.9458145],[33.8201063,36.9457456],[33.8202665,36.9455191],[33.8203897,36.9453615],[33.8206116,36.9451743],[33.820932,36.9450463],[33.8211661,36.9449281],[33.8214003,36.9447311],[33.8216468,36.9445439],[33.8217947,36.9444257],[33.8219549,36.9440908],[33.8220412,36.9436575],[33.8220412,36.9433521],[33.8220042,36.9430763],[33.8218686,36.9425444],[33.8217824,36.9419731],[33.821807,36.9415496],[33.8218686,36.9411556],[33.8219795,36.9407616],[33.8221274,36.9403774],[33.8223862,36.9398849],[33.8224479,36.939678],[33.8224109,36.9393727],[33.8224109,36.9389589],[33.8223246,36.9385945],[33.8223,36.9383876],[33.8223862,36.9381217],[33.8225588,36.9379345],[33.822719,36.9377867],[33.8230271,36.937639],[33.823175,36.9374223],[33.823212,36.9371563],[33.8232859,36.9369691],[33.823557,36.9366736],[33.8241363,36.9362402],[33.8247771,36.9357673],[33.8251222,36.9354226],[33.8254673,36.9349202],[33.8256768,36.9347133],[33.8259356,36.9346443],[33.82633,36.9346443],[33.8267244,36.9347428],[33.8269955,36.934733],[33.8273652,36.9345754],[33.8275378,36.9344276],[33.827698,36.9341912],[33.8278828,36.9338661],[33.8279075,36.9335213],[33.8279075,36.9333046],[33.8278705,36.9330879],[33.8279814,36.9329302],[33.8281268,36.9328197],[33.8282772,36.9327037],[33.8284621,36.9325756],[33.8286593,36.9323687],[33.8289181,36.9320042],[33.8291153,36.9316496],[33.8292755,36.9313836],[33.8293987,36.9309994],[33.8294973,36.9306841],[33.8297684,36.9302901],[33.8300642,36.9301029],[33.8303107,36.9299453],[33.8309639,36.9297482],[33.8318759,36.929364],[33.8322702,36.929167],[33.8325414,36.9288813],[33.8326523,36.9285562],[33.8328248,36.9283099],[33.8331699,36.9280242],[33.8338354,36.9276005],[33.8342914,36.927305],[33.8345132,36.9270291],[33.8347228,36.9267237],[33.8347967,36.9265267],[33.834883,36.9263099],[33.8350309,36.9261622],[33.8353513,36.9260538],[33.8356348,36.9258764],[33.8358689,36.9256301],[33.8365221,36.9252163],[33.8368056,36.9249897],[33.8372739,36.9248124],[33.8375573,36.9246942],[33.8378654,36.9244577],[33.8381982,36.9241917],[33.8385679,36.923906],[33.8392211,36.9234823],[33.8395169,36.9231966],[33.8399729,36.9228912],[33.8403056,36.922704],[33.8406137,36.9224577],[33.8408356,36.9222803],[33.8411067,36.9222606],[33.8412669,36.9222705],[33.8414641,36.9222409],[33.8417722,36.9220734],[33.841994,36.9218961],[33.8423514,36.9217384],[33.84245,36.9216695],[33.8425117,36.9215414],[33.8425363,36.9213739],[33.8425733,36.9211768],[33.8427458,36.9210192],[33.8430416,36.9209108],[33.8433497,36.9208024],[33.843436,36.9207138],[33.8434606,36.9205364],[33.8434606,36.9203098],[33.8435346,36.9200043],[33.8436208,36.9197482],[33.8436948,36.9195314],[33.8438427,36.9193442],[33.8440645,36.9192358],[33.8441877,36.9191176],[33.8442124,36.9189008],[33.8441508,36.918684],[33.8442124,36.9184673],[33.844274,36.9183688],[33.8445082,36.9182407],[33.844804,36.9180436],[33.845223,36.917748],[33.8454325,36.917482],[33.845605,36.9172652],[33.8457776,36.9171568],[33.8461103,36.9170484],[33.8462336,36.9169203],[33.8463198,36.9167528],[33.8464061,36.916605],[33.8467019,36.9164769],[33.8470716,36.9162897],[33.8471948,36.9161813],[33.8472565,36.9159843],[33.847503,36.9156985],[33.8477864,36.9155212],[33.8481068,36.9154128],[33.8482917,36.9153733],[33.8484149,36.9152847],[33.8485135,36.9152058],[33.8487723,36.9148708],[33.8489326,36.9146836],[33.8491051,36.9145457],[33.8493639,36.9144176],[33.8496843,36.914319],[33.8498322,36.9141811],[33.8498938,36.913984],[33.8499185,36.9137869],[33.8500664,36.9136588],[33.8502882,36.9135603],[33.8505594,36.9133337],[33.8512865,36.9123384],[33.8514837,36.9120921],[33.8515206,36.9118753],[33.8515206,36.9116092],[33.8515206,36.9109884],[33.8515699,36.9106829],[33.8516316,36.9104169],[33.8515576,36.9098946],[33.8515453,36.909599],[33.8516809,36.9093428],[33.8518287,36.9092048],[33.8521615,36.9089979],[33.8522478,36.9088895],[33.8523217,36.9087022],[33.8523587,36.9084263],[33.8523833,36.9081011],[33.8525066,36.9074803],[33.8527284,36.9067905],[33.8528393,36.9062485],[33.8528147,36.9053813],[33.85279,36.904652],[33.852827,36.9043662],[33.8532091,36.9036369],[33.8537267,36.9027697],[33.8540225,36.9021784],[33.8549714,36.9005326],[33.8552425,36.8998328],[33.855563,36.8992908],[33.8557848,36.8989852],[33.8558218,36.8984136],[33.8557971,36.8981179],[33.8556985,36.8976941],[33.8556985,36.8974872],[33.8558218,36.8972703],[33.8561299,36.8968761],[33.8563641,36.8966691],[33.8564257,36.8964425],[33.8563517,36.8959792],[33.8562531,36.8954076],[33.8562162,36.895102],[33.8563024,36.89456],[33.8563271,36.894353],[33.8560683,36.8932195],[33.8559081,36.8921451],[33.8559081,36.8918002],[33.855945,36.8915242],[33.8560559,36.8911595],[33.8561422,36.8909131],[33.8561792,36.8906371],[33.8561176,36.8902625],[33.8560066,36.8899865],[33.8559204,36.8897894],[33.8558957,36.8895627],[33.8561669,36.8885474],[33.8563024,36.887749],[33.8563394,36.8874435],[33.8563394,36.8869112],[33.8563148,36.8866253],[33.8564133,36.8862705],[33.8566105,36.8857086],[33.8566722,36.8853833],[33.8566722,36.884437],[33.8566598,36.8841511],[33.8567215,36.8835892],[33.8567707,36.8832344],[33.8567954,36.8829584],[33.8568324,36.8825739],[33.85682,36.882357],[33.8567954,36.8820219],[33.8568817,36.8815881],[33.8570172,36.8813614],[33.8571009,36.8812982],[33.8572391,36.8811938],[33.8579539,36.880277],[33.859137,36.878404],[33.8597532,36.8775069],[33.8602924,36.8769602],[33.8605446,36.876634],[33.8609952,36.8764753],[33.8614243,36.8765267],[33.8620305,36.8764924],[33.8621646,36.8763294],[33.8620841,36.8759946],[33.8617516,36.8758101],[33.8617623,36.8755398],[33.8619125,36.8752351],[33.8623846,36.874909],[33.8629103,36.874733],[33.8631785,36.8745957],[33.8635164,36.8744798],[33.8638008,36.8743339],[33.8643372,36.8740979],[33.8650024,36.8737203],[33.8653672,36.8733126],[33.8660002,36.8727976],[33.8662845,36.8722698],[33.8664883,36.8718921],[33.8666171,36.871669],[33.8666063,36.8713815],[33.8658875,36.8706219],[33.8657427,36.8702914],[33.8657802,36.8698623],[33.865909,36.8696391],[33.8662791,36.8693387],[33.8667726,36.8686821],[33.866837,36.8684632],[33.8667512,36.8682315],[33.8668799,36.8678109],[33.867411,36.8671843],[33.8678402,36.8667637],[33.8678724,36.8662959],[33.8682157,36.8657766],[33.8685536,36.8655663],[33.8687092,36.8654118],[33.8687843,36.8651715],[33.8692564,36.864562],[33.8695353,36.8644719],[33.8698894,36.8641243],[33.8699913,36.863811],[33.8698304,36.863635],[33.8696319,36.8633131],[33.8696748,36.8630556],[33.8698035,36.8629612],[33.8702649,36.8630256],[33.8705063,36.8629011],[33.8705814,36.8625492],[33.8705492,36.8621972],[33.8703239,36.8617637],[33.8700664,36.8610985],[33.8697874,36.8605577],[33.8697928,36.8603559],[33.8700396,36.8598623],[33.8699698,36.8594846],[33.8700771,36.8591842],[33.8702132,36.8590433],[33.8703507,36.8589009],[33.8704151,36.8586219],[33.8703829,36.8583386],[33.8701147,36.8581326],[33.8701093,36.8577892],[33.8703561,36.8576133],[33.8707262,36.8573085],[33.8708228,36.8568492],[33.8709462,36.8565445],[33.8711393,36.8557204],[33.8713753,36.8555143],[33.8718688,36.8548619],[33.8722604,36.854643],[33.8722497,36.8543511],[33.8723946,36.8541279],[33.8723409,36.8535055],[33.8725555,36.8532694],[33.8728291,36.8527972],[33.8729793,36.8524796],[33.8735372,36.8523036],[33.8738376,36.8517971],[33.8738912,36.8514451],[33.8744974,36.8506982],[33.8749909,36.849874],[33.8757205,36.849419],[33.8762838,36.849376],[33.8765681,36.8490541],[33.8768953,36.8488394],[33.8774639,36.8480496],[33.877539,36.8476546],[33.8778663,36.8471052],[33.8783598,36.8469893],[33.8790035,36.8466587],[33.8796258,36.8462337],[33.8798833,36.8460448],[33.8798404,36.8451991],[33.8800764,36.8444951],[33.8810527,36.8442719],[33.8812619,36.8440143],[33.8813853,36.8431857],[33.8818628,36.8426105],[33.8823187,36.8422584],[33.8827854,36.841958],[33.8833809,36.8407687],[33.8857412,36.8384675],[33.8877582,36.8370422],[33.8887238,36.8362865],[33.8891959,36.8349298],[33.8901615,36.8341913],[33.8906765,36.833075],[33.8919425,36.8316323],[33.893466,36.8282488]]}},
{"type":"Feature","properties":{"river":"lamus","relationId":15952690,"wayId":1179780744,"version":2,"endNodeIds":[10957680244,10957689380],"provenance":{"dataset":"OpenStreetMap","version":"overpass-attic:2026-10-08T00:00:00Z; way 1179780744 v2","upstreamFeatureIds":["osm:way/1179780744","osm:relation/15952690"],"changes":[{"kind":"overpass-attic-download","detail":"A main-stream way of the Lamus (Limonlu Çayı)'s waterway relation, as OpenStreetMap held it at 2026-10-08T00:00:00Z, read through Overpass. © OpenStreetMap contributors, ODbL 1.0.","sources":["osm:relation/15952690"]}]}},"geometry":{"type":"LineString","coordinates":[[33.893466,36.8282488],[33.8942094,36.8259464]]}},
{"type":"Feature","properties":{"river":"lamus","relationId":15952690,"wayId":1458919490,"version":4,"endNodeIds":[10957689380,955690494],"provenance":{"dataset":"OpenStreetMap","version":"overpass-attic:2026-10-08T00:00:00Z; way 1458919490 v4","upstreamFeatureIds":["osm:way/1458919490","osm:relation/15952690"],"changes":[{"kind":"overpass-attic-download","detail":"A main-stream way of the Lamus (Limonlu Çayı)'s waterway relation, as OpenStreetMap held it at 2026-10-08T00:00:00Z, read through Overpass. © OpenStreetMap contributors, ODbL 1.0.","sources":["osm:relation/15952690"]}]}},"geometry":{"type":"LineString","coordinates":[[33.8942094,36.8259464],[33.8941056,36.8258306],[33.8940734,36.8256073],[33.8940627,36.8253969],[33.8940949,36.8251822],[33.8941539,36.8249761],[33.8942987,36.8246411],[33.8946367,36.8240056],[33.894863,36.823601],[33.8949692,36.8234084],[33.8950753,36.823176],[33.8951603,36.8228814],[33.8951957,36.8226604],[33.8951957,36.8223941],[33.8951036,36.8219351],[33.8950399,36.8214478],[33.8950399,36.8212212],[33.8950612,36.8209435],[33.8950895,36.8208019],[33.8952027,36.8206092],[33.8954009,36.8203429],[33.8956133,36.8200313],[33.8957549,36.8197593],[33.8957973,36.8196063],[33.8957903,36.8193853],[33.8957407,36.8191813],[33.8956416,36.8189546],[33.8954505,36.8185806],[33.8953089,36.818235],[33.895132,36.8179233],[33.8949479,36.817572],[33.8948101,36.8173553],[33.8946129,36.8171382],[33.8944034,36.816931],[33.8940029,36.8166794],[33.8934853,36.8163834],[33.8930724,36.8161466],[33.8927089,36.8159542],[33.8925979,36.8158556],[33.8925425,36.8157471],[33.8925178,36.815604],[33.892487,36.8153327],[33.8924501,36.814938],[33.8923391,36.8145927],[33.8921666,36.8143016],[33.8919571,36.8140352],[33.8917784,36.8138724],[33.8915997,36.813759],[33.891458,36.8136751],[33.8912176,36.8136208],[33.8908849,36.8135764],[33.8903673,36.8135172],[33.8900838,36.8134728],[33.889862,36.8133939],[33.8896833,36.8132755],[33.88956,36.813088],[33.8895292,36.8129302],[33.8895539,36.8126835],[33.8895477,36.812427],[33.8895107,36.8122296],[33.8894121,36.8119928],[33.8892704,36.8117906],[33.8890239,36.8115488],[33.8888884,36.8113909],[33.8888021,36.8112035],[33.8887713,36.8110357],[33.8887713,36.8108877],[33.8888083,36.810646],[33.8888391,36.810419],[33.8887959,36.8102612],[33.8886419,36.810054],[33.8885248,36.8098961],[33.888303,36.8096543],[33.8881736,36.8095014],[33.888075,36.8092893],[33.8879887,36.8089636],[33.8879332,36.8088699],[33.8878223,36.8087712],[33.887619,36.8086676],[33.8874341,36.808564],[33.8873232,36.8084061],[33.8872862,36.8083025],[33.8872862,36.8081693],[33.8872985,36.8077845],[33.8873047,36.8074786],[33.8873417,36.8073701],[33.8873971,36.8072615],[33.8876066,36.8069556],[33.8876806,36.8068668],[33.887736,36.8067386],[33.8877607,36.8064573],[33.887773,36.806255],[33.8877792,36.806033],[33.8877669,36.8058258],[33.887736,36.8056679],[33.8876929,36.8055446],[33.8875882,36.8053966],[33.8874649,36.8052584],[33.8873663,36.8051252],[33.8872862,36.8048489],[33.8872246,36.8044443],[33.8871815,36.8041483],[33.8871137,36.8039312],[33.8870336,36.8037733],[33.8868795,36.8035316],[33.8866823,36.803275],[33.8865776,36.8031467],[33.886479,36.8030184],[33.8864235,36.8029197],[33.8863865,36.8027915],[33.8863496,36.802599],[33.8862941,36.8023819],[33.8862325,36.8022191],[33.8861277,36.8020267],[33.8860476,36.8019231],[33.8860168,36.8018194],[33.8860168,36.801701],[33.8861339,36.8014938],[33.8862263,36.8012076],[33.8862818,36.8009116],[33.8862941,36.8006895],[33.886288,36.8005218],[33.8862695,36.8003738],[33.8862263,36.8001961],[33.8861832,36.8000284],[33.886149,36.7998551],[33.8861303,36.799713],[33.8861537,36.7995933],[33.8861911,36.7994662],[33.886163,36.7993615],[33.8860836,36.799268],[33.8859762,36.7991035],[33.8858968,36.7989315],[33.8857661,36.7985575],[33.8857147,36.7984079],[33.88571,36.798307],[33.8856867,36.7981948],[33.885654,36.7981649],[33.8855559,36.7981013],[33.8854298,36.7980377],[33.885159,36.7979106],[33.8849722,36.7978171],[33.8848181,36.7977161],[33.8846406,36.7975703],[33.8845332,36.797488],[33.8844818,36.7973945],[33.8844818,36.7973122],[33.8845192,36.7971402],[33.8846686,36.7967924],[33.8847807,36.7965494],[33.8848881,36.7963699],[33.8850049,36.796239],[33.8853178,36.7959847],[33.8855466,36.795794],[33.8856727,36.795693],[33.8857848,36.7955696],[33.8859622,36.7954387],[33.8861163,36.7953303],[33.8862004,36.795233],[33.8862424,36.7951508],[33.8862704,36.7950386],[33.8862704,36.7949264],[33.8862284,36.7947581],[33.886135,36.7945262],[33.8861023,36.7944402],[33.8860977,36.7942906],[33.8861303,36.7941822],[33.8862237,36.7938867],[33.8862518,36.7937072],[33.8862704,36.7934903],[33.8862004,36.7932622],[33.8861117,36.792978],[33.8860463,36.792791],[33.8859716,36.7925404],[33.8858688,36.7923534],[33.8858315,36.7922562],[33.8858315,36.7921515],[33.8858735,36.7920393],[33.8859342,36.7919122],[33.8860556,36.7917626],[33.8861817,36.7915868],[33.8863732,36.7913811],[33.8865927,36.7911829],[33.8869056,36.7909847],[33.8871764,36.7908351],[33.8875967,36.790663],[33.8879283,36.7905322],[33.8881244,36.7904686],[33.8882832,36.7904536],[33.8884186,36.7904648],[33.8885728,36.790491],[33.8887642,36.790491],[33.8889464,36.7904723],[33.8891799,36.7904237],[33.88932,36.7903975],[33.8895068,36.7903826],[33.8897076,36.7903938],[33.8899784,36.7904349],[33.890254,36.7904723],[33.8904781,36.7904873],[33.8906743,36.7904611],[33.890847,36.7904125],[33.8910665,36.7902816],[33.891244,36.7901619],[33.8913934,36.7900422],[33.8914355,36.7899674],[33.8914308,36.7898702],[33.8913934,36.789743],[33.8913607,36.7896421],[33.8913047,36.7895336],[33.8913187,36.789399],[33.8913421,36.7893129],[33.8913654,36.7892643],[33.8914682,36.7891858],[33.8915989,36.7891185],[33.891669,36.7890736],[33.8917343,36.7889876],[33.8917624,36.7888903],[33.8917904,36.7888305],[33.8918558,36.788737],[33.8920192,36.7885425],[33.8920799,36.7884528],[33.8921033,36.7883742],[33.8921079,36.7882732],[33.8921079,36.7881872],[33.8920332,36.7880675],[33.8919305,36.7879778],[33.8918651,36.787888],[33.8918231,36.7877945],[33.8918091,36.7874766],[33.8917857,36.7872485],[33.8917577,36.7870727],[33.891767,36.7869605],[33.8917951,36.7868745],[33.8918558,36.7867922],[33.8919352,36.7867174],[33.8920799,36.7866388],[33.8921967,36.7865977],[33.8923461,36.7865453],[33.8924675,36.786478],[33.8925656,36.7864107],[33.8926543,36.7863658],[33.8928692,36.7863322],[33.89307,36.7862948],[33.8932895,36.7862574],[33.8934716,36.7861975],[33.8936677,36.7860965],[33.8938078,36.7860142],[33.8940086,36.785932],[33.8942094,36.7858684],[33.8943822,36.7858497],[33.8945317,36.7858684],[33.8946831,36.7859382],[33.894801,36.7859741],[33.8949229,36.7859773],[33.8949839,36.7859676],[33.8950449,36.785935],[33.8951099,36.7858862],[33.895236,36.7858243],[33.8953498,36.7858048],[33.8954393,36.7857917],[33.8956791,36.7857917],[33.8958092,36.785795],[33.8959474,36.7857982],[33.8960287,36.7857722],[33.8960897,36.7857266],[33.8961548,36.7856387],[33.8962117,36.7855866],[33.8962767,36.7855606],[33.8963662,36.7855671],[33.8965085,36.7856061],[33.8967158,36.7856159],[33.8968337,36.7855866],[33.8968807,36.7855401],[33.8969353,36.7854726],[33.8969557,36.785388],[33.8969597,36.7852871],[33.8969516,36.7852057],[33.8969272,36.7851015],[33.8969069,36.784968],[33.8968784,36.7847791],[33.8968947,36.7846652],[33.8968947,36.784574],[33.896911,36.7844926],[33.8969313,36.7843949],[33.8969882,36.7843005],[33.8970451,36.784193],[33.8971305,36.7841116],[33.8972525,36.7840856],[33.8973866,36.7840954],[33.897533,36.7841182],[33.8976712,36.7841149],[33.8978379,36.7841214],[33.8980127,36.7841247],[33.898216,36.7840888],[33.8983623,36.7840433],[33.8985534,36.783926],[33.8987282,36.783786],[33.8988868,36.783633],[33.899035,36.7834251],[33.8991104,36.7833334],[33.8992161,36.7832748],[33.899334,36.7832293],[33.8994803,36.7831869],[33.8997202,36.7831316],[33.899895,36.7830892],[33.9000576,36.7830534],[33.9001715,36.7830404],[33.9002934,36.7830339],[33.900555,36.7830252],[33.9007081,36.782985],[33.9007853,36.7829427],[33.9009236,36.7828255],[33.9010699,36.7826953],[33.9011512,36.7826073],[33.9011919,36.7825292],[33.9011838,36.7824445],[33.9011607,36.7823675],[33.9011472,36.782311],[33.9011919,36.7822557],[33.9012529,36.7822134],[33.9013667,36.7821841],[33.90157,36.7821555],[33.9018465,36.782035],[33.9020945,36.7819047],[33.9023181,36.7818038],[33.9026677,36.7817224],[33.902871,36.7816703],[33.9029564,36.7816312],[33.903058,36.7815856],[33.9031434,36.781514],[33.9032247,36.7814456],[33.9032572,36.781374],[33.9032938,36.7812763],[33.90331,36.7811982],[33.9033466,36.7811102],[33.9034117,36.7810093],[33.9034686,36.7808953],[33.9035255,36.780827],[33.9036475,36.7807456],[33.9037125,36.7806935],[33.9037694,36.7806218],[33.9037735,36.7805176],[33.9037654,36.7803841],[33.9037661,36.7802978],[33.9038194,36.7801951],[33.9039564,36.7800892],[33.9041085,36.780008],[33.9043793,36.7798878],[33.9045411,36.7797746],[33.9046473,36.7795693],[33.9047304,36.7792726],[33.9048119,36.7791063],[33.9049374,36.7790249],[33.9050844,36.7789497],[33.9053569,36.7788664],[33.9059434,36.7786439],[33.9060536,36.7785473],[33.9060958,36.7784288],[33.9060701,36.7782908],[33.9059879,36.7781607],[33.9058609,36.7779602],[33.9056743,36.7776916],[33.9054847,36.7773962],[33.905442,36.7772529],[33.9054501,36.7771537],[33.9054501,36.7770856],[33.9055917,36.7767681],[33.9056837,36.7766491],[33.9057828,36.7765017],[33.9059315,36.7762805],[33.9059831,36.7761368],[33.9059685,36.7760411],[33.9058838,36.7759404],[33.9057789,36.7758522],[33.9056116,36.7757526],[33.9054053,36.7757121],[33.9052081,36.7757197],[33.9049722,36.7757388],[33.9047772,36.7757483],[33.9045126,36.775675],[33.9043019,36.7755777],[33.9041284,36.7754526],[33.9040584,36.7753223],[33.904011,36.7750087],[33.9039563,36.7746003],[33.9038017,36.7743228],[33.903635,36.774005],[33.9035175,36.773693],[33.90343,36.7734957],[33.9033953,36.7733113],[33.9034015,36.7731696],[33.9034866,36.7730129],[33.9035974,36.7728742],[33.903707,36.7727505],[33.9039425,36.772531],[33.904092,36.7723509],[33.904184,36.7723398],[33.9044318,36.7724009],[33.9052375,36.772637],[33.9058796,36.7728916],[33.9064419,36.7730874],[33.9068291,36.7731661],[33.9071334,36.773212],[33.9077131,36.773258],[33.9081321,36.7732743],[33.9085624,36.7733062],[33.9088898,36.7732973],[33.9091313,36.773266],[33.9093464,36.7731837],[33.9095389,36.77306],[33.9096732,36.7729371],[33.9097796,36.7727608],[33.9098477,36.7725737],[33.9099433,36.7723631],[33.9100588,36.7720577],[33.9101206,36.7718088],[33.9101195,36.7715595],[33.9100284,36.7711943],[33.9099585,36.7709278],[33.9099534,36.7706667],[33.9099514,36.7705673],[33.9099145,36.7703544],[33.9099073,36.7701543],[33.9098706,36.7699788],[33.9097938,36.769781],[33.9096937,36.7695906],[33.9096085,36.7693962],[33.9095963,36.7692774],[33.9096023,36.7691459],[33.9096766,36.7689903],[33.9098173,36.7688609],[33.910113,36.7686869],[33.9106685,36.7684151],[33.9109838,36.7682577],[33.9112777,36.7681433],[33.9116046,36.7680461],[33.9120763,36.7679226],[33.9124078,36.7678066],[33.912604,36.7677056],[33.9128608,36.7675672],[33.9132466,36.7673429],[33.9146057,36.7664357],[33.9158231,36.7655511],[33.9159753,36.7654604],[33.916078,36.7654065],[33.9161912,36.7653611],[33.916347,36.7653044],[33.9165381,36.7652052],[33.9166903,36.7651173],[33.9169486,36.7649472],[33.917115,36.7648621],[33.9172778,36.7648083],[33.9175326,36.7647686],[33.9177414,36.7647629],[33.9179714,36.7647969],[33.9181413,36.7648565],[33.9182581,36.7649217],[33.9184634,36.7650975],[33.9185731,36.765225],[33.9187288,36.7654717],[33.9188421,36.7656503],[33.9188775,36.7657184],[33.9189376,36.7657779],[33.9190005,36.7658192],[33.919115,36.7658584],[33.9192387,36.765894],[33.9193204,36.7659015],[33.9193741,36.7658996],[33.9194862,36.7658921],[33.9199065,36.7658098],[33.9200326,36.7657593],[33.9200816,36.7657256],[33.920098,36.765692],[33.9201073,36.7656302],[33.920112,36.7655592],[33.9200992,36.7654891],[33.9200957,36.7654394],[33.9201237,36.7654002],[33.9202054,36.7653403],[33.9203151,36.7652617],[33.9204599,36.7651832],[33.9205767,36.7651177],[33.920642,36.7650691],[33.9208662,36.7648558],[33.9209152,36.7647997],[33.9209549,36.7647286],[33.9209993,36.7645771],[33.921025,36.7644032],[33.921018,36.7643096],[33.920997,36.7642348],[33.9209573,36.76416],[33.9208685,36.7640608],[33.9207875,36.7639795],[33.9206828,36.7638906],[33.9205903,36.7638042],[33.9204979,36.7636561],[33.9204086,36.7634365],[33.9203346,36.763281],[33.9202576,36.7632044],[33.9201497,36.7631452],[33.9199618,36.7630638],[33.9197769,36.7629897],[33.9196383,36.7629453],[33.9194473,36.7629008],[33.9193117,36.7628811],[33.9190221,36.7628342],[33.918754,36.7627626],[33.9185476,36.7627231],[33.9183905,36.7627083],[33.9182118,36.7627058],[33.9180331,36.7627034],[33.9178328,36.7626886],[33.9176726,36.762659],[33.917614,36.7626392],[33.9175124,36.762575],[33.9174446,36.7625059],[33.9174057,36.7624152],[33.9174151,36.7622206],[33.9174664,36.76197],[33.9175552,36.7616819],[33.9176159,36.761506],[33.9177513,36.7612703],[33.9178027,36.7611768],[33.917826,36.7610271],[33.9178167,36.7608925],[33.9177887,36.7607765],[33.9177294,36.7606931],[33.9176184,36.7605845],[33.9174397,36.7604857],[33.9173134,36.7604462],[33.9171255,36.7604462],[33.917033,36.760466],[33.9166941,36.7605697],[33.9161211,36.760703],[33.9156435,36.7607696],[33.9153816,36.7608264],[33.9151012,36.7608807],[33.915015,36.7608881],[33.9148239,36.7608634],[33.914676,36.7608362],[33.9146021,36.7608042],[33.9145312,36.7607721],[33.9144265,36.7606338],[33.9143803,36.7605154],[33.9143741,36.7604043],[33.9143803,36.7603006],[33.9144018,36.7602019],[33.9144388,36.7601254],[33.9146572,36.7598258],[33.9148627,36.7594442],[33.9149636,36.7592619],[33.9150096,36.7591429],[33.915045,36.7589585],[33.9150486,36.7588593],[33.9150415,36.7587345],[33.9150379,36.7585871],[33.9150238,36.7583971],[33.9150273,36.7583177],[33.9150379,36.7582525],[33.915091,36.7582298],[33.9152503,36.7582327],[33.9153211,36.7582327],[33.9154166,36.7582128],[33.9154662,36.7581561],[33.9154768,36.7580909],[33.9154662,36.7580228],[33.9153848,36.7578584],[33.9153494,36.7577903],[33.9153494,36.7577166],[33.9154025,36.7576741],[33.9155122,36.7576684],[33.9156325,36.7576797],[33.915852,36.7577081],[33.9160926,36.7577535],[33.9163687,36.7578102],[33.9166341,36.7578555],[33.9167969,36.7578669],[33.916988,36.7578073],[33.9172252,36.7577024],[33.9174941,36.7575607],[33.9178091,36.7574387],[33.9181241,36.7573253],[33.9183152,36.7572828],[33.918563,36.7572601],[33.9186833,36.7572601],[33.9189452,36.7573026],[33.9192107,36.757365],[33.9196637,36.7574331],[33.9198052,36.7574529],[33.919961,36.7574586],[33.9201521,36.7574472],[33.9203255,36.7574019],[33.9205131,36.757314],[33.9208033,36.7571467],[33.920913,36.7570673],[33.9209944,36.7569765],[33.9210935,36.7568433],[33.9212174,36.7566306],[33.9213448,36.7564321],[33.9214616,36.7562024],[33.921589,36.7559671],[33.9216739,36.7558508],[33.9217695,36.7557544],[33.9218934,36.7556523],[33.9220456,36.7555474],[33.922088,36.7555134],[33.9221446,36.7554449],[33.9222462,36.7550996],[33.9223234,36.7548814],[33.9223682,36.7547315],[33.9224617,36.7544938],[33.9225714,36.7542379],[33.9226493,36.7540224],[33.9227342,36.7537502],[33.9227767,36.753495],[33.9227767,36.7532398],[33.9227908,36.7530356],[33.9228262,36.7527464],[33.922897,36.7525138],[33.9230315,36.7522189],[33.9231943,36.7518219],[33.9232992,36.7515498],[33.9233833,36.7514039],[33.9235141,36.7512579],[33.9236355,36.7511494],[33.923841,36.7510596],[33.9240184,36.751011],[33.9241492,36.7509998],[33.9243313,36.7510147],[33.9244807,36.7510634],[33.925326,36.7514375],[33.9257043,36.7516059],[33.9258771,36.7516733],[33.9260265,36.751707],[33.9261433,36.7517107],[33.9262974,36.7516957],[33.9264048,36.7516508],[33.9265169,36.7515722],[33.9266243,36.7514413],[33.9267317,36.7512505],[33.9269138,36.7508052],[33.9269885,36.7506555],[33.9270539,36.7505283],[33.9271567,36.7504011],[33.9273014,36.7502963],[33.9274649,36.7502514],[33.927675,36.750199],[33.9279599,36.7501504],[33.9282074,36.7501242],[33.9286464,36.7501354],[33.9290153,36.7501391],[33.9292301,36.7501504],[33.9295477,36.7501803],[33.9297625,36.7501953],[33.9298933,36.7501878],[33.9300474,36.7501504],[33.9302762,36.7500718],[33.9305891,36.749952],[33.9307776,36.7498827],[33.9309931,36.7498273],[33.9312533,36.7497719],[33.9315135,36.7497198],[33.9318916,36.7496547],[33.9323632,36.7495309],[33.9325908,36.749456],[33.932725,36.7493876],[33.9328104,36.7492801],[33.9328754,36.7491465],[33.9329527,36.7489315],[33.9330299,36.7487914],[33.9331844,36.748609],[33.9334364,36.7483419],[33.9335381,36.7482116],[33.9336844,36.7479836],[33.9338186,36.7478109],[33.9339568,36.7476708],[33.9343796,36.7472571],[33.9345423,36.7470975],[33.934713,36.7469346],[33.9349651,36.7467131],[33.935209,36.7464851],[33.9353513,36.7463385],[33.9354245,36.7462277],[33.9354676,36.7461021],[33.9354738,36.7460033],[33.9354306,36.7458898],[33.935369,36.7457713],[33.9353074,36.7456429],[33.9352889,36.7455096],[33.9353197,36.7453516],[33.9353813,36.74508],[33.9354491,36.7447985],[33.9355354,36.7445615],[33.9356093,36.7443739],[33.9357264,36.7442702],[33.9358743,36.744206],[33.9360222,36.7441862],[33.936207,36.7441665],[33.9363241,36.7441369],[33.9363981,36.7440924],[33.9365275,36.7439739],[33.9366877,36.7438307],[33.9367986,36.743732],[33.9369988,36.7436347],[33.9373117,36.7435187],[33.9376386,36.7433503],[33.9378208,36.7432492],[33.9379188,36.7431781],[33.9380776,36.7430172],[33.9382037,36.7428937],[33.9383625,36.7427665],[33.9386771,36.7425565],[33.9393424,36.742046],[33.9397176,36.7417681],[33.9399512,36.7415752],[33.9401989,36.7413313],[33.9404325,36.7411328],[33.940659,36.7409059],[33.9408643,36.740713],[33.9410483,36.7405882],[33.9413527,36.740384],[33.9414801,36.7402819],[33.9416217,36.7401231],[33.9417279,36.7399473],[33.9417916,36.7397658],[33.9417916,36.7395162],[33.9417632,36.7392893],[33.9416712,36.7390737],[33.9415792,36.7388525],[33.9415509,36.7386937],[33.9415863,36.7385575],[33.9416925,36.7383703],[33.9417845,36.7382172],[33.9420181,36.7379676],[33.9424428,36.7375251],[33.9430798,36.7368274],[33.9434408,36.7364303],[33.9436036,36.7362091],[33.9436886,36.736056],[33.9437169,36.7359085],[33.9436956,36.7357213],[33.9436956,36.735466],[33.9437452,36.735154],[33.9437947,36.7348987],[33.9437523,36.7346662],[33.9436393,36.734448],[33.9435152,36.7342574],[33.9433645,36.7340855],[33.943268,36.7339141],[33.9431957,36.7337612],[33.943191,36.7336051],[33.9432044,36.7334677],[33.9432655,36.7333241],[33.9433622,36.7332127],[33.9434273,36.7331736],[33.9436346,36.733053],[33.9440534,36.732851],[33.9443908,36.7327011],[33.9445859,36.7326327],[33.9447608,36.7325806],[33.9448543,36.7325578],[33.9450169,36.7325154],[33.9451551,36.7324437],[33.9453625,36.7323492],[33.9455576,36.7322971],[33.9456755,36.7322808],[33.9459154,36.7322743],[33.9460861,36.7322678],[33.9462812,36.7322417],[33.9465374,36.7322189],[33.9467325,36.7321994],[33.9468382,36.7322124],[33.9469277,36.7322548],[33.9470374,36.7323232],[33.9471716,36.7323949],[33.9474887,36.7325578],[33.9477692,36.7327402],[33.947944,36.7328868],[33.9481026,36.7330628],[33.9482286,36.733242],[33.9482977,36.7333202],[33.9484237,36.7334147],[33.9486514,36.7335548],[33.9487978,36.7336395],[33.9490132,36.7337405],[33.9492775,36.7338415],[33.9499402,36.7341673],[33.9501556,36.7342879],[33.9503589,36.7344442],[33.9504687,36.7345518],[33.95055,36.7346853],[33.9506598,36.7348515],[33.950737,36.734946],[33.9508915,36.7350796],[33.9510135,36.7351708],[33.9511923,36.7352425],[33.9514119,36.7353011],[33.9515664,36.7353337],[33.9516843,36.73535],[33.9518672,36.7353435],[33.9520176,36.7353467],[33.9521477,36.7353565],[33.9522737,36.7353891],[33.9523713,36.7354412],[33.9524689,36.735539],[33.9526112,36.7356237],[33.9527372,36.7356823],[33.9528104,36.7356921],[33.9528998,36.7356823],[33.9529893,36.7356497],[33.9531844,36.7355748],[33.9533186,36.7355357],[33.9534487,36.7355194],[33.9535584,36.7355357],[33.9537292,36.7355813],[33.9538633,36.7356335],[33.9540788,36.7357182],[33.9542496,36.7357768],[33.9544772,36.7358127],[33.9547049,36.735855],[33.9549366,36.7358811],[33.955144,36.7359137],[33.9554245,36.7359853],[33.9556481,36.736057],[33.9557863,36.7360863],[33.9559855,36.7360994],[33.9562173,36.7361059],[33.9563758,36.7361059],[33.9565262,36.7360798],[33.9567214,36.7360179],[33.9568921,36.7359462],[33.9569653,36.7358908],[33.9570263,36.7357996],[33.9571279,36.7356302],[33.957209,36.7355045],[33.9573646,36.7353412],[33.957515,36.7352043],[33.9576126,36.735149],[33.9577386,36.7350805],[33.957885,36.7350382],[33.9580191,36.7349926]]}},
{"type":"Feature","properties":{"river":"lamus","relationId":15952690,"wayId":1179780742,"version":4,"endNodeIds":[955690494,955690274],"provenance":{"dataset":"OpenStreetMap","version":"overpass-attic:2026-10-08T00:00:00Z; way 1179780742 v4","upstreamFeatureIds":["osm:way/1179780742","osm:relation/15952690"],"changes":[{"kind":"overpass-attic-download","detail":"A main-stream way of the Lamus (Limonlu Çayı)'s waterway relation, as OpenStreetMap held it at 2026-10-08T00:00:00Z, read through Overpass. © OpenStreetMap contributors, ODbL 1.0.","sources":["osm:relation/15952690"]}]}},"geometry":{"type":"LineString","coordinates":[[33.9580191,36.7349926],[33.9582252,36.7349045],[33.9584018,36.7348132],[33.9585132,36.734712],[33.9585853,36.7345719],[33.9586303,36.7344108],[33.9586298,36.7341491],[33.9586236,36.7340108],[33.9585497,36.7338182],[33.9583794,36.733574],[33.9582299,36.7333195],[33.9580898,36.7329452],[33.9580151,36.732541],[33.9579964,36.7322865],[33.9580431,36.7320544],[33.9581552,36.7318673],[33.9583794,36.7316502],[33.9586129,36.7313957],[33.9588183,36.7310888],[33.9591546,36.7305424],[33.9593601,36.730183],[33.9595562,36.7298761],[33.9598457,36.7295617],[33.9601353,36.7292923],[33.9604435,36.7290003],[33.9606023,36.7287832],[33.9606583,36.728611],[33.9607144,36.7282218],[33.9606677,36.7280197],[33.9605462,36.72784],[33.9604061,36.7277352],[33.9602193,36.7276678],[33.9598924,36.7276454],[33.9594908,36.7276454],[33.9591455,36.7276683],[33.9588312,36.7276831],[33.958609,36.7276836],[33.9583309,36.727662],[33.958118,36.7276302],[33.9579329,36.7275836],[33.9577927,36.7275244],[33.9576599,36.7274392],[33.9575376,36.7273172],[33.9574812,36.7271908],[33.9574658,36.7270842],[33.9574984,36.7269673],[33.9575953,36.7267574],[33.9577179,36.7264976],[33.9578654,36.7261068],[33.9579479,36.7258184],[33.9579547,36.725668],[33.957919,36.7255149],[33.9578264,36.7253221],[33.957627,36.7250272],[33.9573627,36.7246756],[33.9572851,36.7245444],[33.957257,36.7243848],[33.9572576,36.7241848],[33.9573053,36.7240627],[33.9574522,36.7238795],[33.9576278,36.7237035],[33.9578448,36.7235153],[33.9580388,36.7232869],[33.9581516,36.7231087],[33.9581836,36.7229775],[33.9581903,36.7226498],[33.9581727,36.7223881],[33.9582001,36.7222037],[33.9582743,36.7220476],[33.9583988,36.7219188],[33.958534,36.7217943],[33.9587507,36.7216485],[33.9590342,36.7214632],[33.959159,36.7213609],[33.9592865,36.7212563],[33.9594258,36.7211067],[33.959614,36.720851],[33.9597503,36.7206069],[33.9598431,36.7203857],[33.9598766,36.7202163],[33.9598877,36.7198941],[33.9598915,36.7196572],[33.959867,36.7194121],[33.9598563,36.7193218],[33.959885,36.7192716],[33.9599949,36.7191685],[33.9601692,36.7190215],[33.960328,36.7188933],[33.9604837,36.7187593],[33.9607729,36.7184707],[33.9611479,36.7181202],[33.9614322,36.7178966],[33.96165,36.7176768],[33.9617744,36.7174771],[33.9619024,36.7172648],[33.9619808,36.717027],[33.962027,36.7166816],[33.9620497,36.7163935],[33.9620301,36.716171],[33.9619562,36.7159313],[33.961877,36.715683],[33.9617024,36.7153198],[33.9612459,36.7145674],[33.9610792,36.7142809],[33.9609845,36.7140674],[33.9609309,36.7139073],[33.9608462,36.7138098],[33.9607335,36.7137539],[33.9605633,36.7137186],[33.9604488,36.7136814],[33.9603572,36.713578],[33.9602964,36.7134572],[33.9601573,36.7129455],[33.9601074,36.7127104],[33.9601058,36.7124537],[33.9601277,36.7122937],[33.9601695,36.7121833],[33.9602702,36.7120765],[33.9603834,36.7119743],[33.960613,36.7118313],[33.9607813,36.7117166],[33.9609792,36.7115677],[33.9612063,36.7113492],[33.9614426,36.7111384],[33.9616037,36.7109621],[33.9617681,36.7107931],[33.9618829,36.7106112],[33.9620179,36.7103204],[33.9621824,36.710033],[33.9624021,36.7096903],[33.962527,36.70947],[33.9625728,36.7092802],[33.9625642,36.7090691],[33.9624951,36.7086583],[33.9624154,36.7083121],[33.9623233,36.7080752],[33.9621669,36.7078039],[33.9620454,36.707661],[33.9619188,36.7075629],[33.9617727,36.7075021],[33.9615157,36.707417],[33.9612211,36.7073448],[33.9608805,36.7072589],[33.96066,36.7071799],[33.9604339,36.707084],[33.960314,36.7070784],[33.9595706,36.7071544],[33.959116,36.7071592],[33.9587471,36.707119],[33.9584638,36.707045],[33.9583094,36.7069566],[33.9582034,36.7068253],[33.9580556,36.7065884],[33.9579321,36.7063844],[33.9577642,36.7061764],[33.9575226,36.7058713],[33.9573299,36.7056472],[33.9570374,36.7053868],[33.9565464,36.7049151],[33.9563427,36.7046347],[33.9561991,36.7043626],[33.9560447,36.7039228],[33.9560013,36.7036948],[33.9560223,36.7035012],[33.9560769,36.7034071],[33.9561657,36.7033291],[33.9564131,36.703217],[33.9565977,36.7031228],[33.9568142,36.7029992],[33.9569524,36.7028874],[33.9570845,36.7027448],[33.957281,36.7024818],[33.9575045,36.7022267],[33.9576969,36.7020737],[33.9580078,36.7018587],[33.9582381,36.7017582],[33.9584261,36.7017095],[33.958717,36.7016838],[33.9589864,36.701659],[33.9591962,36.7016228],[33.9596074,36.7015781],[33.9597882,36.7015519],[33.9599386,36.701557],[33.9600996,36.7016134],[33.9602275,36.7017079],[33.9603522,36.7018317],[33.9606552,36.7022428],[33.9609071,36.7027122],[33.9610809,36.7030903],[33.9611752,36.7032872],[33.961317,36.7034711],[33.9619451,36.7040888],[33.9621243,36.7042421],[33.9622674,36.7043205],[33.9624004,36.7043613],[33.9625655,36.7043699],[33.9627416,36.7043562],[33.9629082,36.7042972],[33.9632371,36.7041339],[33.9635667,36.7039667],[33.9638497,36.7038322],[33.9641518,36.7037179],[33.9645457,36.7035982],[33.9649426,36.7034542],[33.9651935,36.7033868],[33.965416,36.7033692],[33.9657028,36.7033549],[33.9660195,36.7033111],[33.9663023,36.7032262],[33.9665305,36.7031519],[33.9669439,36.703016],[33.9672541,36.7029319],[33.9676039,36.7028822],[33.9679477,36.7028524],[33.9682157,36.7028176],[33.9683927,36.7027443],[33.9685133,36.7026044],[33.9686501,36.7024],[33.9689995,36.701795],[33.9692307,36.7014486],[33.9693749,36.7012572],[33.9695707,36.7010245],[33.9697557,36.7008172],[33.9698305,36.7006273],[33.969873,36.7004194],[33.9698956,36.700131],[33.969887,36.6998188],[33.9698845,36.6995946],[33.9699464,36.699151],[33.9699897,36.6989862],[33.9700731,36.6987743],[33.9701585,36.6986149],[33.9702337,36.6983685],[33.9702736,36.6981861],[33.970382,36.6980746],[33.9705432,36.6980044],[33.9707472,36.6979608],[33.9709509,36.6979382],[33.971215,36.6979112],[33.9713867,36.6978403],[33.9715355,36.6977159],[33.971708,36.6976218],[33.9719208,36.6975346],[33.9722448,36.6974435],[33.9726674,36.6973364],[33.9730428,36.6972542],[33.9732688,36.697193],[33.9734294,36.6971114],[33.9735874,36.6969965],[33.9737647,36.6968321],[33.9740961,36.6964542],[33.9742639,36.6963107],[33.9745194,36.6961182],[33.9748161,36.6959067],[33.9750712,36.6957344],[33.9752653,36.695577],[33.9756938,36.6951712],[33.9759472,36.6949554],[33.9761185,36.6948407],[33.9763149,36.6947743],[33.9766295,36.6947227],[33.9769349,36.6946712],[33.9771788,36.6946287],[33.9774096,36.6945476],[33.9777353,36.6944252],[33.9780276,36.6943529],[33.97839,36.6942807],[33.9786439,36.6942289],[33.978825,36.694171],[33.9789946,36.6940825],[33.9792062,36.6939417],[33.9794328,36.6937592],[33.9796016,36.6936324],[33.9798336,36.6935027],[33.9800976,36.6933549],[33.9802684,36.6932041],[33.9803929,36.6930441],[33.9804799,36.6928972],[33.9805626,36.6926653],[33.9806351,36.6923831],[33.9806517,36.6920372],[33.9806848,36.6917348],[33.9806721,36.6915027],[33.9806437,36.6910682],[33.9806672,36.690826],[33.9807339,36.6905651],[33.9808425,36.6903041],[33.9809455,36.6901246],[33.9811005,36.6899348],[33.9811813,36.689799],[33.9812325,36.6896391],[33.9812505,36.6894983],[33.981251,36.6893493],[33.9812198,36.6891884],[33.981125,36.6888662],[33.9810509,36.6886006],[33.9810188,36.6883762],[33.9810469,36.688059],[33.9810878,36.6878775],[33.9811368,36.6877508],[33.9812095,36.6876537],[33.9813368,36.6875471],[33.9814566,36.6874094],[33.9815891,36.6871863],[33.9817477,36.6869114],[33.9818752,36.6866811],[33.9819817,36.6864451],[33.9820771,36.6862116],[33.9821814,36.6860456],[33.982306,36.6859024],[33.9831277,36.6851481],[33.9842133,36.6841921],[33.9843486,36.6840464],[33.9844513,36.6839081],[33.9845538,36.683699],[33.9846598,36.6832472],[33.9847421,36.6827696],[33.9847715,36.6824853],[33.9848182,36.6822086],[33.9848818,36.6819345],[33.9849,36.6816946],[33.9848855,36.6814828],[33.9848809,36.681218],[33.9848592,36.6809276],[33.9848574,36.6807225],[33.984874,36.6805991],[33.9849257,36.6804543],[33.9849942,36.6803167],[33.9851065,36.6801985],[33.9852023,36.6800711],[33.9852527,36.6799696],[33.9852944,36.6797824],[33.9853556,36.679558],[33.9854027,36.6794613],[33.985512,36.6793637],[33.9860186,36.6789396],[33.9861631,36.67885],[33.9863116,36.6787938],[33.9865413,36.6787186],[33.986898,36.6785909],[33.9872472,36.6784714],[33.9875344,36.6783701],[33.9877775,36.6782965],[33.9879433,36.6782635],[33.9881207,36.678245],[33.9884133,36.678239],[33.988825,36.6782594],[33.9890806,36.6782413],[33.9894342,36.6781826],[33.9898409,36.6781096],[33.9903388,36.6780378],[33.9906837,36.6780139],[33.9909774,36.678002],[33.9912356,36.6779979],[33.9914131,36.6780167],[33.9916111,36.6780755],[33.9917736,36.6781558],[33.9919399,36.6782414],[33.9920856,36.6783602],[33.9924539,36.6787308],[33.9925527,36.6788486],[33.992616,36.6789664],[33.9927297,36.6791716],[33.9928327,36.6792859],[33.9929326,36.6793328],[33.9930615,36.6793643],[33.993239,36.6793908],[33.993408,36.6793822],[33.9936235,36.6793402],[33.9938652,36.6792481],[33.994059,36.679138],[33.9942318,36.6790141],[33.994429,36.6788653],[33.994636,36.6787409],[33.9948296,36.6786188],[33.9950044,36.6785067],[33.9950686,36.6784408],[33.9951658,36.678303],[33.9952725,36.6781148],[33.9954503,36.6777749],[33.9955959,36.6775172],[33.9957101,36.6773699],[33.9958111,36.6772963],[33.9959982,36.6771483],[33.9961592,36.6770281],[33.9963344,36.6769476],[33.9965397,36.6768652],[33.9966501,36.6767959],[33.9967281,36.6767348],[33.9968183,36.67663],[33.9970978,36.676248],[33.9972654,36.6759848],[33.9973586,36.6758362],[33.997423,36.675717],[33.9974517,36.6756233],[33.9974662,36.675487],[33.9974457,36.67535],[33.9973798,36.6752177],[33.9972219,36.6750455],[33.9969904,36.6748571],[33.9967455,36.6746729],[33.9964781,36.6745209],[33.9961606,36.6743902],[33.9958299,36.6742646],[33.9947931,36.6739106],[33.9945294,36.6738502],[33.9943687,36.6738449],[33.9942267,36.6738819],[33.9941028,36.6739416],[33.9940586,36.6740197],[33.993992,36.6740987],[33.9938996,36.674137],[33.9937932,36.6741271],[33.9936595,36.6740776],[33.9935437,36.6740495],[33.9934492,36.674049],[33.9933383,36.6740772],[33.9931743,36.6741366],[33.9930032,36.6741975],[33.9928864,36.6742348],[33.9927727,36.6742453],[33.9926301,36.6742282],[33.9924199,36.6741656],[33.9922417,36.6740768],[33.9918086,36.6738575],[33.9916442,36.6738065],[33.991418,36.6737924],[33.9912272,36.6738214],[33.9910519,36.6738929],[33.9909013,36.6739587],[33.9907521,36.6740257],[33.9906341,36.6740604],[33.9904948,36.674052],[33.9903694,36.6740233],[33.9898047,36.6738595],[33.9895237,36.6737657],[33.98924,36.6736256],[33.988914,36.6734515],[33.9887902,36.6733553],[33.9886317,36.6731416],[33.9883776,36.6728057],[33.9882128,36.6725174],[33.9881378,36.6723551],[33.9881156,36.6721834],[33.9881312,36.6720456],[33.9881956,36.6718557],[33.9882701,36.6715608],[33.9883473,36.6713874],[33.9885381,36.6710598],[33.9887058,36.6708282],[33.9888774,36.6706266],[33.9890558,36.670467],[33.9893184,36.6702918],[33.9895191,36.6701396],[33.9896751,36.6699687],[33.9912581,36.6679123],[33.9913514,36.6677249],[33.9914427,36.6675136],[33.9915969,36.6672456],[33.9919186,36.6667484],[33.9922077,36.6662701],[33.9922994,36.6661337],[33.9923911,36.6660221],[33.9925559,36.6658927],[33.9932402,36.6654809],[33.9938257,36.6651461],[33.9944143,36.6648625],[33.9947201,36.6646647],[33.994965,36.6644596],[33.9953142,36.6640968],[33.9955601,36.6638576],[33.9960429,36.6634986],[33.9964515,36.6631246],[33.9967257,36.6628115],[33.9969585,36.6624428],[33.9975055,36.6617642],[33.9976373,36.6615905],[33.997774,36.6614246],[33.9979262,36.6613007],[33.9980853,36.6611899],[33.9981536,36.6611352],[33.9981947,36.6610607],[33.9981965,36.6610039],[33.9981563,36.6606234],[33.9981664,36.6604478],[33.9982279,36.6602545],[33.9983992,36.6600004],[33.9985534,36.6597328],[33.9987066,36.6594482],[33.999033,36.6588436],[33.9992609,36.6584943],[33.9994148,36.6582291],[33.9994809,36.6581675],[33.9995458,36.6581118],[33.9996416,36.6580729],[33.9997649,36.6580704],[33.9999836,36.6580944],[34.0003073,36.6581101],[34.0009367,36.6580728],[34.0011209,36.6580705],[34.0012962,36.6580683],[34.0014934,36.6581014],[34.0017492,36.6581301],[34.0022097,36.6581168],[34.0027979,36.6580901],[34.0031105,36.6581014],[34.0032936,36.6581325],[34.0035147,36.6581846],[34.0037111,36.6582589],[34.0038648,36.658367],[34.0040801,36.6585492],[34.0042313,36.658672],[34.0043729,36.6587626],[34.0045823,36.6588489],[34.0047794,36.6589007],[34.00531,36.6589966],[34.0057428,36.6590722],[34.0064689,36.6590554],[34.0082743,36.6592743],[34.010526,36.6590257],[34.011972,36.6583297],[34.0149468,36.6571697],[34.0162069,36.6555787],[34.01819,36.6540541],[34.0202971,36.6533746],[34.0256887,36.6497285],[34.0278371,36.6478556],[34.0286015,36.6451208],[34.0294278,36.6432147]]}},
{"type":"Feature","properties":{"river":"lamus","relationId":15952690,"wayId":82015276,"version":6,"endNodeIds":[955690274,10957702353],"provenance":{"dataset":"OpenStreetMap","version":"overpass-attic:2026-10-08T00:00:00Z; way 82015276 v6","upstreamFeatureIds":["osm:way/82015276","osm:relation/15952690"],"changes":[{"kind":"overpass-attic-download","detail":"A main-stream way of the Lamus (Limonlu Çayı)'s waterway relation, as OpenStreetMap held it at 2026-10-08T00:00:00Z, read through Overpass. © OpenStreetMap contributors, ODbL 1.0.","sources":["osm:relation/15952690"]}]}},"geometry":{"type":"LineString","coordinates":[[34.0294278,36.6432147],[34.0305846,36.6424689],[34.0322166,36.6420545],[34.036596,36.6398831],[34.038827,36.6391372],[34.0412027,36.6376785],[34.0432478,36.6352749],[34.045706,36.6340482],[34.0482056,36.6320921],[34.048784,36.6307659],[34.0500235,36.6295059],[34.055064,36.6260411],[34.0556011,36.6248805],[34.0552292,36.6239355],[34.0545475,36.6225097],[34.0556424,36.621432],[34.0590096,36.6199896],[34.0593814,36.6182984],[34.0614265,36.6172538],[34.0631205,36.6161429],[34.0646491,36.6146175],[34.0663224,36.6134734],[34.0676652,36.610671],[34.0679049,36.6104514],[34.0691734,36.6101903],[34.0704418,36.6099815],[34.0713362,36.609864],[34.0726534,36.6097987],[34.0741495,36.6106472],[34.0749463,36.6106342],[34.076166,36.6106603],[34.077532,36.6100859],[34.0794509,36.6096421],[34.0807518,36.6098509],[34.0822804,36.6105428],[34.0839066,36.6106994],[34.0848498,36.6107125],[34.0863296,36.6103078],[34.0873541,36.6103209],[34.0886063,36.6105036],[34.0904764,36.6111171],[34.0913871,36.611809],[34.0924116,36.6120439],[34.0936842,36.6119598],[34.094818,36.6114553],[34.0958286,36.6106639],[34.0972458,36.6101495],[34.0991931,36.6096944],[34.1004994,36.6096153],[34.1016949,36.6100308],[34.1024713,36.610654],[34.1028534,36.6111387],[34.1030259,36.6122467],[34.1036298,36.6130282],[34.1043569,36.6138987],[34.1051703,36.6145714],[34.1057194,36.6146382],[34.1063416,36.6148104],[34.1064984,36.6148459],[34.1068942,36.6149353],[34.1075164,36.6149482],[34.1078651,36.6150645],[34.1082889,36.6154003],[34.1088361,36.6159816],[34.1090346,36.6162701],[34.1097549,36.6172621],[34.1107655,36.6183205],[34.1115173,36.6193492],[34.1120842,36.6200317],[34.1125402,36.6207637],[34.1131934,36.621555],[34.1139328,36.6220199],[34.1149311,36.6222078],[34.1161142,36.6222078],[34.1167797,36.6226035],[34.1174329,36.6228903],[34.118123,36.6230585],[34.1191829,36.6231376],[34.1210069,36.6231574],[34.121808,36.6229694],[34.1228679,36.6227222],[34.1238415,36.6223166],[34.1246672,36.6221188],[34.1258257,36.6220694],[34.1267746,36.621921],[34.1273292,36.6218715],[34.1295252,36.6220488],[34.1308342,36.6222296],[34.1319929,36.6222813],[34.133452,36.6222555],[34.1345141,36.6221435],[34.1363059,36.621756],[34.1373358,36.621446],[34.1398464,36.6211274],[34.1426466,36.6206969],[34.1444598,36.6203697],[34.1460476,36.6198875],[34.1472064,36.6195861],[34.1487299,36.6192158],[34.1492663,36.6190177],[34.1493521,36.6185786],[34.1493307,36.6181911],[34.1493414,36.6177174],[34.1498135,36.6175022],[34.1509722,36.6174333],[34.1512619,36.6175108],[34.1516803,36.6177433],[34.1517661,36.6181136],[34.1518949,36.6185183],[34.1521094,36.6188541],[34.1525064,36.6194138],[34.1541801,36.6195947],[34.1546908,36.6195617]]}},
{"type":"Feature","properties":{"river":"lamus","relationId":15952690,"wayId":1458706874,"version":2,"endNodeIds":[10957702353,27636495],"provenance":{"dataset":"OpenStreetMap","version":"overpass-attic:2026-10-08T00:00:00Z; way 1458706874 v2","upstreamFeatureIds":["osm:way/1458706874","osm:relation/15952690"],"changes":[{"kind":"overpass-attic-download","detail":"A main-stream way of the Lamus (Limonlu Çayı)'s waterway relation, as OpenStreetMap held it at 2026-10-08T00:00:00Z, read through Overpass. © OpenStreetMap contributors, ODbL 1.0.","sources":["osm:relation/15952690"]}]}},"geometry":{"type":"LineString","coordinates":[[34.1546908,36.6195617],[34.1560469,36.6194741],[34.1569499,36.6194517],[34.1575156,36.6192872],[34.1583649,36.6190401],[34.1593661,36.6188135],[34.1602236,36.6185593],[34.1613652,36.6181545],[34.1622267,36.6179834],[34.16286,36.6179243],[34.1649603,36.6184116],[34.1663615,36.6188218],[34.1676019,36.6191555],[34.1683314,36.6192675],[34.1692863,36.6192416],[34.169917,36.6189958],[34.1701768,36.6188197],[34.170445,36.618303],[34.1705816,36.6175484],[34.1706213,36.6171495],[34.1704988,36.6164875],[34.170135,36.6156885],[34.1694596,36.6150607],[34.1690236,36.6145854],[34.1687434,36.6142555],[34.1686127,36.6138806],[34.1685513,36.613428],[34.1686466,36.6129013],[34.1688035,36.6120338],[34.1692287,36.6112731],[34.1695545,36.6106903],[34.1696985,36.6100903],[34.1696588,36.6094573],[34.1696027,36.6087825],[34.1695093,36.6081228],[34.1696774,36.607448],[34.1698829,36.6067432],[34.1700884,36.6063233],[34.1703395,36.6057577],[34.1709839,36.6047439],[34.1719698,36.6034083],[34.1726969,36.602597],[34.1729804,36.6024288],[34.1734364,36.6022606],[34.1741142,36.6020924],[34.1750016,36.6019737],[34.1754699,36.6019242],[34.1762463,36.6018945],[34.1771583,36.6019242],[34.1776759,36.6020232],[34.1787481,36.6022903],[34.180264,36.6026366],[34.1821113,36.6031464],[34.1835505,36.6036817],[34.1842172,36.6038971],[34.1846644,36.6039558],[34.1851441,36.6039476],[34.1855831,36.6038889],[34.1860303,36.603693],[34.1863068,36.6035168],[34.1868353,36.6031382],[34.1874289,36.6027596],[34.1878029,36.6025834],[34.1881444,36.6024789],[34.1886322,36.602381],[34.1889656,36.6022896],[34.1896567,36.6021069],[34.1905999,36.6017413],[34.1913317,36.6014541],[34.1917708,36.6012648],[34.1921448,36.6011408],[34.1924605,36.601075],[34.1930052,36.6009444],[34.1934524,36.6007943],[34.1938427,36.6006246],[34.1941817,36.600475],[34.1949054,36.6001558],[34.1953184,36.5999577],[34.1957047,36.5997596],[34.1963698,36.5994194],[34.1969103,36.599132],[34.1972322,36.5989468],[34.1973449,36.5988564],[34.1973771,36.5987789],[34.1973824,36.5986841],[34.1973395,36.5985592],[34.1972698,36.5983482],[34.1972054,36.598107],[34.197141,36.5977366],[34.1970552,36.5973189],[34.1969586,36.5969959],[34.1968031,36.5966815],[34.1966491,36.5964324],[34.1965472,36.5962859],[34.1964774,36.5960706],[34.1964989,36.5958552],[34.1965525,36.5956227],[34.1966384,36.595347],[34.196751,36.5950197],[34.1968422,36.5947053],[34.1969656,36.5943909],[34.1972177,36.5938654],[34.1974699,36.5935123],[34.1977274,36.5931548],[34.197958,36.5928619],[34.1981975,36.5926446],[34.1983972,36.5924539],[34.1986328,36.5922554],[34.1988372,36.5920515],[34.1989958,36.5918357],[34.1990621,36.5916275],[34.1990449,36.5913015],[34.1989446,36.5910085],[34.1988217,36.5907586],[34.1985268,36.5904284],[34.1981463,36.5900692],[34.1979209,36.5898005],[34.1977926,36.5895701],[34.197644,36.5892973],[34.1975024,36.5889278],[34.1974104,36.5885641],[34.1973608,36.5881947],[34.1973538,36.5878991],[34.1973821,36.5875581],[34.1974741,36.5872057],[34.1975803,36.5869102],[34.1977077,36.5866487],[34.1978493,36.5863759],[34.1979173,36.5861737],[34.198006,36.5856525],[34.1980807,36.5853637],[34.1982348,36.58503],[34.1983235,36.5849175],[34.1984496,36.5848462],[34.1986364,36.5847862],[34.1990894,36.5847262],[34.1992389,36.584715],[34.1994677,36.5847037],[34.1997432,36.5846512],[34.1999534,36.5846025],[34.2000795,36.5845537],[34.2001915,36.58449],[34.2002803,36.5844113],[34.2004157,36.5843138],[34.2005465,36.5842913],[34.2007006,36.5843138],[34.2009387,36.5843438],[34.2012131,36.5843779],[34.2017408,36.5843817],[34.2021098,36.5843817],[34.2024273,36.5843592],[34.2027822,36.5843217],[34.2030391,36.5842842],[34.2032819,36.5842504],[34.2035061,36.5842429],[34.2037116,36.5842167],[34.2039731,36.5841717],[34.2041365,36.584108],[34.2044681,36.583958],[34.2046876,36.5838042],[34.2048277,36.5836542],[34.2049164,36.5835005],[34.2049958,36.5833505],[34.2050845,36.5832267],[34.2052153,36.5830842],[34.2054441,36.5829417],[34.2058924,36.582683],[34.2062894,36.5824017],[34.2065566,36.5822462],[34.2068714,36.5819347],[34.2070123,36.5817707],[34.2071194,36.581612],[34.2071799,36.5814307],[34.2072043,36.5812088],[34.2072124,36.5810129],[34.2071542,36.5806999],[34.207063,36.5804242],[34.2069182,36.58017],[34.2067787,36.5799719],[34.2065836,36.5797835],[34.2060347,36.5793755],[34.2056485,36.5789543],[34.2054452,36.5786703],[34.2053639,36.5785103],[34.2053558,36.5783471],[34.2053734,36.5782432],[34.2054224,36.5781345],[34.2055088,36.5780201],[34.2056186,36.5779263],[34.205733,36.5778438],[34.2059151,36.5777651],[34.2061299,36.5777088],[34.2063051,36.5776694],[34.2064662,36.5776357],[34.2066576,36.5776207],[34.2069052,36.5776113],[34.2072414,36.5775888],[34.2074745,36.5775731],[34.207602,36.5775572],[34.2077102,36.5775311],[34.2079999,36.5774191],[34.2081849,36.5773695],[34.2083647,36.5773329],[34.2084988,36.5773135],[34.208653,36.57731],[34.2088274,36.577325],[34.208991,36.5773552],[34.2091948,36.5774069],[34.2094765,36.5774715],[34.2100317,36.5776417],[34.2103562,36.577758],[34.2104474,36.5777967],[34.2105708,36.5778549],[34.2106781,36.5779324],[34.2107532,36.5779971],[34.2108176,36.5780789],[34.2108632,36.5781565],[34.2109141,36.5782555],[34.2109544,36.5783309],[34.2110408,36.5784831],[34.2110974,36.5785755],[34.211154,36.5786622],[34.2111788,36.5787233],[34.2111983,36.5788256],[34.2112,36.5789038],[34.2111877,36.578972],[34.2111717,36.5790445],[34.2111841,36.579097],[34.2112124,36.5791354],[34.2112708,36.5791823],[34.2113345,36.5792306],[34.2114191,36.579285],[34.2115732,36.5793691],[34.2117334,36.5794557],[34.2119152,36.5795373],[34.2122726,36.5796957],[34.2123588,36.5797229],[34.2124786,36.5797404],[34.2125976,36.579738],[34.2127992,36.5797226],[34.2129675,36.5797046],[34.2131303,36.5796762],[34.2134984,36.5796023],[34.2139444,36.5795397],[34.2141921,36.5794715],[34.214454,36.5794033],[34.2147088,36.5793465],[34.2149849,36.5793181],[34.215353,36.579284],[34.2157564,36.5792442],[34.2160611,36.579182],[34.2162152,36.5791523],[34.2163507,36.5791275],[34.2165048,36.5791127],[34.2167328,36.5791127],[34.2170162,36.5791028],[34.2171764,36.5791028],[34.217386,36.5791275],[34.2175462,36.5791325],[34.2177064,36.5791325],[34.2179344,36.5791275],[34.2181008,36.5791275],[34.2182856,36.5791424],[34.218643,36.5792265],[34.2187539,36.5792463],[34.218871,36.5792413],[34.2189448,36.579209],[34.2192036,36.5790308],[34.21937,36.5788972],[34.2196596,36.5786894],[34.2198198,36.5785261],[34.219863,36.578442],[34.2198753,36.5783479],[34.2198445,36.578249],[34.2198013,36.5781549],[34.219826,36.5780956],[34.2198814,36.578051],[34.2200047,36.5780312],[34.220208,36.5780411],[34.2206455,36.5780857],[34.2207934,36.5780857],[34.2209783,36.5780411],[34.2210892,36.5779719],[34.221184,36.5778659],[34.2213442,36.5777076],[34.2214921,36.5776234],[34.221831,36.57747],[34.2220651,36.5773859],[34.2221637,36.5773562],[34.2223794,36.5773513],[34.2225704,36.5773364],[34.2226875,36.5773117],[34.2228169,36.5772671],[34.2229956,36.577188],[34.2232976,36.5770692],[34.2234886,36.5770296],[34.2236796,36.5770148],[34.2240692,36.5770058],[34.2242765,36.5769731],[34.2244025,36.5769307],[34.2245083,36.5768523],[34.2246018,36.5767576],[34.2246871,36.5766466],[34.2247847,36.5764834],[34.2248945,36.5763202],[34.2249636,36.5761896],[34.2250246,36.5760916],[34.2252075,36.5758239],[34.2255693,36.5753962],[34.2258214,36.575086],[34.2259576,36.5748969],[34.2260568,36.5747698],[34.2264163,36.5742291],[34.2264753,36.5741581],[34.2265182,36.5741042],[34.2265665,36.5740719],[34.2266443,36.5740482],[34.2267462,36.5740202],[34.2269634,36.5739793],[34.2270788,36.573947],[34.2271378,36.5739146],[34.2271968,36.5738651],[34.2272585,36.5737854],[34.2273202,36.5736799],[34.2273926,36.5735291],[34.2274516,36.5734408],[34.2274972,36.5733847],[34.2275857,36.5733115],[34.2277171,36.5732146],[34.2278405,36.5731241],[34.2279478,36.5730272],[34.2280578,36.5729065],[34.2281061,36.5728441],[34.2281463,36.5727773],[34.2282455,36.5725791],[34.2282858,36.5724951],[34.2283314,36.5724434],[34.2284038,36.5724068],[34.2284789,36.5723874],[34.2285948,36.5723821],[34.2287895,36.5723949],[34.2289947,36.5724119],[34.2291664,36.572419],[34.2293239,36.5724233],[34.2294389,36.572419],[34.2295522,36.5724119],[34.2301007,36.572348],[34.2308015,36.5722542],[34.2308723,36.5722457],[34.2309325,36.5722485],[34.231074,36.572267],[34.2312457,36.5722926],[34.2313625,36.5723011],[34.2314563,36.5722982],[34.2315377,36.572284],[34.2315978,36.5722457],[34.2317412,36.5720694],[34.2317978,36.5719941],[34.2318509,36.5719486],[34.2319394,36.5718932],[34.2322066,36.5717511],[34.2322915,36.5716999],[34.2323304,36.5716672],[34.2323782,36.5715948],[34.2323906,36.5715351],[34.2323818,36.5714228],[34.2323552,36.571167],[34.2323641,36.5710106],[34.2323928,36.5708934],[34.2324355,36.5707628],[34.2325005,36.5706224],[34.2325432,36.5705457],[34.232594,36.5704869],[34.232653,36.570451],[34.2327566,36.5704135],[34.2328949,36.5703612],[34.232964,36.5703253],[34.2330209,36.5702665],[34.2330534,36.570198],[34.2330819,36.5701261],[34.2331022,36.5699857],[34.2331246,36.5698551],[34.2331611,36.5697474],[34.2332038,36.5696739],[34.2332465,36.5696364],[34.2333177,36.5696037],[34.2335128,36.5695515],[34.2336327,36.5695237],[34.2338137,36.5694633],[34.2341023,36.5693229],[34.2342039,36.5692625],[34.2342428,36.5692159],[34.2342696,36.5691578],[34.2342777,36.5690953],[34.2342857,36.5689574],[34.2342857,36.5687485],[34.2342991,36.5684232],[34.2343099,36.5682702],[34.2343313,36.5681582],[34.2343608,36.5680505],[34.2344333,36.5678588],[34.2345057,36.5676929],[34.2345325,36.5676347],[34.2346049,36.5675206],[34.2346478,36.5674732],[34.2346934,36.5674387],[34.2348063,36.5673678],[34.2349912,36.567259],[34.2351298,36.56716],[34.2352161,36.5670907],[34.2352962,36.5670041],[34.2353887,36.5668853],[34.2354472,36.5667962],[34.2354903,36.5666898],[34.2355335,36.5665636],[34.2355559,36.5664831],[34.2356915,36.5662159],[34.2357993,36.5660154],[34.2358887,36.5658868],[34.2359472,36.5658026],[34.2360119,36.5657333],[34.2360913,36.5656722],[34.2365195,36.565314],[34.2366169,36.565233],[34.2366841,36.5651662],[34.2367177,36.5651108],[34.2367337,36.5650724],[34.2367455,36.5649939],[34.2367755,36.5647048],[34.2368033,36.5646009],[34.2368556,36.5645044],[34.2369172,36.56444],[34.2370744,36.5642792],[34.2371853,36.5641752],[34.2372962,36.5640193],[34.2373763,36.5638585],[34.2374225,36.5636902],[34.2374934,36.563324],[34.2375489,36.5631507],[34.2376096,36.5630363],[34.2380533,36.5624448],[34.2382413,36.5621998],[34.2383583,36.5620514],[34.23842,36.5619474],[34.2384569,36.5618435],[34.23846,36.5617445],[34.238423,36.5615638],[34.2383799,36.5614005],[34.2383831,36.5613303],[34.238417,36.5612486],[34.2386234,36.5609368],[34.2387343,36.5607834],[34.238799,36.5606844],[34.2389315,36.5604022],[34.2390424,36.5601548],[34.2391041,36.5600657],[34.2391657,36.5600088],[34.2392335,36.5599419],[34.2394245,36.5598009],[34.2396402,36.5596474],[34.2400592,36.5593752],[34.2401732,36.5592911],[34.2402348,36.5592218],[34.2402718,36.5591549],[34.240318,36.5590287],[34.2403642,36.558905],[34.2404166,36.5588332],[34.2405244,36.5587639],[34.2406631,36.5586897],[34.240774,36.5586476],[34.2409042,36.5586206],[34.2411538,36.5585958],[34.2413694,36.5585711],[34.2415112,36.5585389],[34.2417361,36.5584448],[34.2419302,36.5583582],[34.2422013,36.5582122],[34.2423123,36.5581825],[34.2424355,36.55818],[34.2425618,36.5581998],[34.2427467,36.5582964],[34.2428915,36.558378],[34.2429901,36.5584077],[34.2430793,36.5584164],[34.2431696,36.5584052],[34.2433076,36.5583767],[34.2434385,36.5583625],[34.2435553,36.5583682],[34.2436615,36.5584279],[34.2437217,36.5584905],[34.2438208,36.558661],[34.243934,36.5588487],[34.2439942,36.5589197],[34.2440685,36.5589624],[34.2441358,36.5589652],[34.2442066,36.5589283],[34.2443764,36.5587975],[34.2445888,36.5586639],[34.2447728,36.5585871],[34.244925,36.5585672],[34.245109,36.5585757],[34.2453179,36.5586013],[34.2455338,36.5586298],[34.2457178,36.5586184],[34.2459272,36.5585796],[34.2463586,36.558451],[34.246509,36.5583882],[34.2468685,36.5581969],[34.2471628,36.5580168],[34.2472491,36.5579699],[34.2473262,36.5579493],[34.2474126,36.5579493],[34.247471,36.5579699],[34.2475293,36.5580243],[34.2475994,36.5581069],[34.2476905,36.5582119],[34.2478002,36.5583338],[34.2480267,36.5585626],[34.2482065,36.5587539],[34.248315,36.5588365],[34.2484402,36.5589048],[34.2486278,36.5589901]]}}
]}
