{"type":"FeatureCollection","features":[{"type":"Feature","properties":{"id":1746705265,"featurecla":"International boundary (verify)"},"geometry":{"type":"LineString","coordinates":[[-124.76,48.495],[-124.413,48.396],[-124.03,48.302],[-123.647,48.223],[-123.387,48.249],[-123.142,48.4],[-123.235,48.638],[-123.014,48.764],[-123.314,48.993]]}},{"type":"Feature","properties":{"id":1746705359,"featurecla":"International boundary (verify)"},"geometry":{"type":"LineString","coordinates":[[91.632,27.76],[91.493,27.982],[91.226,28.071],[90.963,27.995],[90.716,28.072],[90.353,28.08],[90.334,28.118]]}},{"type":"Feature","properties":{"id":1746705363,"featurecla":"International boundary (verify)"},"geometry":{"type":"LineString","coordinates":[[23.605,51.518],[23.864,51.624],[24.127,51.665],[24.324,51.838],[24.611,51.89],[24.866,51.899],[25.267,51.938],[25.58,51.925],[25.925,51.914],[26.267,51.855],[26.567,51.802],[26.953,51.754],[27.27,51.614],[27.601,51.602],[27.859,51.592],[28.144,51.602],[28.425,51.564],[28.69,51.439],[28.928,51.562],[29.23,51.497],[29.47,51.408],[29.909,51.458],[30.161,51.478],[30.45,51.274],[30.561,51.531],[30.64,51.77],[30.846,51.953],[31.079,52.077],[31.346,52.105],[31.763,52.101]]}},{"type":"Feature","properties":{"id":1746705381,"featurecla":"International boundary (verify)"},"geometry":{"type":"LineString","coordinates":[[35.927,33.5],[35.986,33.753],[36.283,33.836],[36.423,34.05],[36.504,34.432],[36.384,34.658],[35.976,34.629]]}},{"type":"Feature","properties":{"id":1746705821,"featurecla":"International boundary (verify)"},"geometry":{"type":"LineString","coordinates":[[34.68,-12.009],[34.68,-12.009]]}},{"type":"Feature","properties":{"id":1746705407,"featurecla":"International boundary (verify)"},"geometry":{"type":"LineString","coordinates":[[80.209,42.19],[80.179,42.518],[80.25,42.797],[80.539,42.874],[80.617,43.128],[80.704,43.427],[80.593,43.685],[80.432,43.952],[80.365,44.223],[80.355,44.552],[80.255,44.808],[79.997,44.797],[80.228,45.034],[80.509,45.105],[80.78,45.136],[81.04,45.169],[81.335,45.246],[81.602,45.311],[81.867,45.182],[82.123,45.195],[82.397,45.162],[82.621,45.293],[82.327,45.52],[82.43,45.812],[82.555,46.159],[82.692,46.387],[82.8,46.624],[82.975,46.966],[83.09,47.209],[83.444,47.109],[83.714,47.021],[84.016,46.971],[84.339,46.996],[84.592,46.975],[84.858,46.843],[85.111,46.961],[85.355,47.047],[85.577,47.188],[85.587,47.494],[85.562,47.746],[85.562,48.052],[85.692,48.312],[86.056,48.424],[86.373,48.486],[86.664,48.636],[86.729,48.939],[86.938,49.098],[87.23,49.106],[87.323,49.086]]}},{"type":"Feature","properties":{"id":1746705417,"featurecla":"International boundary (verify)"},"geometry":{"type":"LineString","coordinates":[[23.485,53.94],[23.734,53.912],[24.008,53.932],[24.318,53.893],[24.621,53.98],[24.87,54.145],[25.18,54.214],[25.461,54.293],[25.681,54.14],[25.568,54.377],[25.732,54.59],[25.859,54.919],[26.175,55.003],[26.601,55.13],[26.458,55.342],[26.591,55.623],[26.594,55.668]]}},{"type":"Feature","properties":{"id":1746708923,"featurecla":"International boundary (verify)"},"geometry":{"type":"LineString","coordinates":[[-53.371,-33.742],[-53.53,-33.5],[-53.531,-33.171],[-53.31,-32.927],[-53.126,-32.737],[-53.363,-32.581],[-53.602,-32.403],[-53.747,-32.097],[-53.985,-31.928],[-54.37,-31.745],[-54.531,-31.542],[-54.896,-31.391],[-55.174,-31.28],[-55.346,-31.093],[-55.557,-30.876],[-55.806,-31.035]]}},{"type":"Feature","properties":{"id":1746705433,"featurecla":"International boundary (verify)"},"geometry":{"type":"LineString","coordinates":[[116.683,49.824],[116.402,49.406],[116.243,49.17],[116.098,48.936],[115.954,48.689],[115.792,48.456],[115.639,48.186],[115.558,47.945],[115.812,47.738],[116.075,47.79],[116.317,47.86],[116.652,47.865],[116.952,47.837],[117.197,47.74],[117.455,47.741],[117.677,47.908],[117.979,48],[118.24,47.999],[118.498,47.984],[118.691,47.822],[118.953,47.703],[119.162,47.525],[119.377,47.381],[119.6,47.222],[119.76,47.027],[119.884,46.791],[119.707,46.606],[119.332,46.614],[119.029,46.692],[118.723,46.692],[118.404,46.703],[118.071,46.667],[117.814,46.538],[117.547,46.588],[117.357,46.391],[116.979,46.362],[116.689,46.322],[116.445,46.159],[116.265,45.963],[116.11,45.687],[115.789,45.535],[115.539,45.44],[115.217,45.396],[114.919,45.378],[114.644,45.413],[114.419,45.203],[114.167,45.05],[113.931,44.912],[113.653,44.763],[113.301,44.792],[113.049,44.81],[112.707,44.883],[112.411,45.058],[112.113,45.063],[111.751,44.97],[111.547,44.673],[111.411,44.419],[111.52,44.192],[111.837,43.935],[111.878,43.68],[111.641,43.563],[111.187,43.392],[110.913,43.257],[110.709,43.074],[110.521,42.895],[110.289,42.743],[109.859,42.606],[109.596,42.511],[109.34,42.438],[108.875,42.426],[108.546,42.429],[108.171,42.447],[107.806,42.406],[107.292,42.349],[106.906,42.309],[106.579,42.227],[106.317,42.141],[105.868,41.994],[105.566,41.875],[105.314,41.771],[105.051,41.616],[104.774,41.641],[104.498,41.659],[104.305,41.846],[103.997,41.797],[103.711,41.751],[103.45,41.856],[103.073,42.006],[102.807,42.052],[102.157,42.158],[101.88,42.292],[101.66,42.5],[101.314,42.538],[100.773,42.588],[100.519,42.617],[100.086,42.671],[99.757,42.629],[99.468,42.568],[98.947,42.616],[98.248,42.685],[97.719,42.736],[97.206,42.79],[96.833,42.76],[96.385,42.72],[96.168,43.014],[95.913,43.207],[95.687,43.664],[95.567,43.892],[95.326,44.039],[95.05,44.259],[94.712,44.351],[94.365,44.52],[93.958,44.675],[93.755,44.832],[93.516,44.944],[92.916,45.02],[92.579,45.011],[92.173,45.035],[91.853,45.069],[91.584,45.077],[91.312,45.118],[91.05,45.217],[90.763,45.371],[90.71,45.731],[90.887,45.922],[90.948,46.177],[91.034,46.529],[90.911,46.883],[90.643,47.1],[90.476,47.329],[90.347,47.597],[90.103,47.745],[89.831,47.823],[89.561,48.004],[89.196,47.981],[88.918,48.089],[88.576,48.22],[88.31,48.472],[88.063,48.538],[87.942,48.765],[87.835,49.032],[87.814,49.163]]}},{"type":"Feature","properties":{"id":1746705449,"featurecla":"International boundary (verify)"},"geometry":{"type":"LineString","coordinates":[[13.815,48.767],[13.548,48.96],[13.289,49.097],[13.024,49.26],[12.748,49.366],[12.556,49.575],[12.472,49.83],[12.276,50.042],[12.09,50.269],[12.359,50.273],[12.636,50.397],[12.943,50.406],[13.181,50.51],[13.436,50.601],[13.701,50.716],[13.998,50.801],[14.369,50.899],[14.624,50.915],[14.809,50.859]]}},{"type":"Feature","properties":{"id":1746705455,"featurecla":"International boundary (verify)"},"geometry":{"type":"LineString","coordinates":[[27.352,57.528],[27.033,57.579],[26.533,57.531],[26.215,57.663],[26.015,57.815],[25.721,57.914],[25.34,58.039],[24.911,58.005],[24.459,57.908],[24.323,57.871]]}},{"type":"Feature","properties":{"id":1746705461,"featurecla":"International boundary (verify)"},"geometry":{"type":"LineString","coordinates":[[27.352,57.528],[27.673,57.368],[27.717,57.055],[27.882,56.824],[28.008,56.6],[28.169,56.387],[28.148,56.143]]}},{"type":"Feature","properties":{"id":1746705467,"featurecla":"International boundary (verify)"},"geometry":{"type":"LineString","coordinates":[[21.046,56.07],[21.315,56.188],[21.653,56.315],[22.043,56.401],[22.366,56.393],[22.773,56.377],[23.043,56.324],[23.613,56.334],[24.008,56.295],[24.368,56.283],[24.7,56.381],[24.944,56.326],[25.207,56.178],[25.586,56.13],[25.876,55.994],[26.21,55.812],[26.543,55.672],[26.594,55.668]]}},{"type":"Feature","properties":{"id":1746705475,"featurecla":"International boundary (verify)"},"geometry":{"type":"LineString","coordinates":[[20.622,69.037],[20.117,69.021],[20.337,68.9],[20.147,68.607],[19.97,68.356],[19.691,68.392],[19.259,68.465],[18.868,68.501],[18.379,68.562],[18.147,68.468],[18.177,68.201],[17.917,67.965],[17.565,68.048],[17.17,68.03],[16.784,67.895],[16.586,67.628],[16.307,67.521],[16.361,67.252],[16.238,66.976],[15.884,66.769],[15.557,66.552],[15.484,66.306],[15.153,66.191],[14.543,66.129],[14.635,65.845],[14.48,65.301],[14.115,64.946],[13.65,64.582],[14.078,64.464],[14.141,64.174],[13.671,64.041],[13.3,64.075],[12.988,64.05],[12.69,63.957],[12.302,63.671],[12,63.292],[12.145,63.083],[12.12,62.826],[12.303,62.286],[12.234,61.977],[12.155,61.721],[12.487,61.573],[12.757,61.446],[12.776,61.174],[12.468,61.042],[12.445,60.69],[12.589,60.451],[12.486,60.107],[12.169,59.913],[11.881,59.782],[11.681,59.592],[11.798,59.29],[11.712,59.019],[11.471,58.91],[11.298,59.101],[11.057,58.959],[10.912,58.946]]}},{"type":"Feature","properties":{"id":1746705487,"featurecla":"International boundary (verify)"},"geometry":{"type":"LineString","coordinates":[[20.622,69.037],[20.889,69.071],[21.144,69.247],[21.461,69.278],[21.82,69.154],[22.08,68.993],[22.3,68.856],[22.811,68.695],[23.072,68.674],[23.324,68.649],[23.707,68.714],[23.997,68.798],[24.332,68.712],[24.703,68.653],[25.087,68.64],[25.357,68.862],[25.647,68.919],[25.749,69.231],[25.962,69.589],[26.308,69.782],[26.525,69.915],[26.934,69.928],[27.206,69.919],[27.592,70.042],[27.89,70.062],[28.269,69.871],[28.8,69.732],[29.142,69.671],[29.333,69.473],[29.025,69.288],[28.833,69.119],[28.966,69.022]]}},{"type":"Feature","properties":{"id":1746705493,"featurecla":"International boundary (verify)"},"geometry":{"type":"LineString","coordinates":[[104.426,10.411],[104.69,10.523],[104.984,10.662],[105.046,10.911],[105.315,10.845],[105.577,10.969],[105.853,10.864],[106.099,10.797],[106.099,11.079],[105.892,11.245],[105.835,11.559],[106.006,11.758],[106.34,11.682],[106.414,11.948],[106.7,11.979],[106.931,12.078],[107.159,12.277],[107.446,12.296],[107.555,12.54],[107.512,12.836],[107.546,13.225],[107.594,13.522],[107.462,13.816],[107.343,14.069],[107.364,14.369],[107.535,14.65],[107.519,14.705]]}},{"type":"Feature","properties":{"id":1746705309,"featurecla":"International boundary (verify)"},"geometry":{"type":"LineString","coordinates":[[-69.511,-17.505],[-69.358,-17.772],[-69.094,-18.051],[-69.081,-18.357],[-69.027,-18.656],[-68.969,-18.91],[-68.759,-19.162],[-68.548,-19.341],[-68.698,-19.721],[-68.561,-19.967],[-68.735,-20.225],[-68.696,-20.493],[-68.484,-20.628],[-68.558,-20.902],[-68.314,-21.13],[-68.199,-21.447],[-68.112,-21.753],[-67.988,-22.057],[-67.95,-22.334],[-67.874,-22.631],[-67.794,-22.879],[-67.362,-22.855],[-67.195,-22.822]]}},{"type":"Feature","properties":{"id":1746705311,"featurecla":"International boundary (verify)"},"geometry":{"type":"LineString","coordinates":[[-69.511,-17.506],[-69.806,-17.665],[-69.803,-17.99],[-70.059,-18.283],[-70.377,-18.334],[-70.418,-18.346]]}},{"type":"Feature","properties":{"id":1746705515,"featurecla":"International boundary (verify)"},"geometry":{"type":"LineString","coordinates":[[6.344,49.453],[6.445,49.682],[6.256,49.872],[6.108,50.094],[6.117,50.121]]}},{"type":"Feature","properties":{"id":1746705533,"featurecla":"International boundary (verify)"},"geometry":{"type":"LineString","coordinates":[[2.525,51.097],[2.669,50.811],[2.922,50.727],[3.182,50.732],[3.316,50.507],[3.595,50.477],[3.858,50.339],[4.175,50.246],[4.137,49.984],[4.545,49.96],[4.773,50.139],[4.849,49.847],[5.124,49.721],[5.354,49.62],[5.61,49.528],[5.79,49.538]]}},{"type":"Feature","properties":{"id":1746705539,"featurecla":"International boundary (verify)"},"geometry":{"type":"LineString","coordinates":[[6.117,50.121],[5.867,50.083],[5.741,49.857],[5.88,49.645],[5.79,49.538]]}},{"type":"Feature","properties":{"id":1746705551,"featurecla":"International boundary (verify)"},"geometry":{"type":"LineString","coordinates":[[20.964,40.85],[20.709,40.928],[20.489,41.273],[20.449,41.521],[20.505,41.706]]}},{"type":"Feature","properties":{"id":1746705577,"featurecla":"International boundary (verify)"},"geometry":{"type":"LineString","coordinates":[[41.51,41.517],[41.779,41.441],[42.078,41.494],[42.364,41.454],[42.59,41.571],[42.907,41.467],[43.149,41.307],[43.402,41.177],[43.439,41.107]]}},{"type":"Feature","properties":{"id":1746705621,"featurecla":"International boundary (verify)"},"geometry":{"type":"LineString","coordinates":[[101.139,21.567],[101.212,21.278],[101.542,21.234],[101.801,21.213],[101.743,21.534],[101.737,21.827],[101.576,22.055],[101.62,22.327],[101.945,22.439],[102.127,22.379]]}},{"type":"Feature","properties":{"id":1746705629,"featurecla":"International boundary (verify)"},"geometry":{"type":"LineString","coordinates":[[73.632,39.449],[73.873,39.533],[73.835,39.8],[73.992,40.043],[74.243,40.092],[74.613,40.272],[74.811,40.459],[75.111,40.454],[75.521,40.628],[75.656,40.329],[76.004,40.371],[76.258,40.431],[76.521,40.511],[76.64,40.742],[76.824,40.982],[77.182,41.011],[77.582,40.993],[77.956,41.051],[78.346,41.281],[78.543,41.46],[79.148,41.719],[79.504,41.821],[79.766,41.899],[80.216,42.032],[80.209,42.19]]}},{"type":"Feature","properties":{"id":1746705637,"featurecla":"International boundary (verify)"},"geometry":{"type":"LineString","coordinates":[[43.439,41.107],[43.793,41.131],[44.077,41.182],[44.473,41.191],[44.841,41.211],[45.001,41.291]]}},{"type":"Feature","properties":{"id":1746705643,"featurecla":"International boundary (verify)"},"geometry":{"type":"LineString","coordinates":[[80.209,42.19],[79.921,42.413],[79.598,42.457],[79.295,42.605],[79.06,42.764],[78.792,42.791],[78.524,42.865],[78.023,42.858],[77.622,42.902],[77.369,42.904],[77.057,42.971],[76.647,42.929],[76.218,42.924],[75.932,42.928],[75.682,42.83],[75.366,42.837],[75.048,42.904],[74.622,43.056],[74.364,43.179],[74.086,43.189],[73.719,43.088],[73.45,42.703],[73.493,42.409],[73.191,42.527],[72.855,42.561],[72.543,42.678],[72.276,42.758],[71.817,42.822],[71.514,42.767],[71.257,42.734],[71.023,42.535],[70.893,42.294],[70.947,42.249]]}},{"type":"Feature","properties":{"id":1746705653,"featurecla":"International boundary (verify)"},"geometry":{"type":"LineString","coordinates":[[-56.483,1.942],[-56.766,1.892],[-57.038,1.936],[-57.318,1.963],[-57.5,1.774],[-57.796,1.7],[-58.012,1.54],[-58.281,1.574],[-58.506,1.439],[-58.73,1.248],[-59.1,1.344],[-59.337,1.508],[-59.536,1.7],[-59.741,1.874],[-59.755,2.274],[-59.961,2.588],[-59.972,2.99],[-59.873,3.283],[-59.854,3.587],[-59.604,3.82],[-59.691,4.16],[-59.746,4.417],[-60.045,4.505],[-60.027,4.813],[-59.991,5.083],[-60.242,5.258],[-60.576,5.192],[-60.742,5.202]]}},{"type":"Feature","properties":{"id":1746705661,"featurecla":"International boundary (verify)"},"geometry":{"type":"LineString","coordinates":[[8.393,55.097],[8.595,54.916],[8.857,54.901],[9.186,54.845],[9.499,54.84],[9.74,54.826]]}},{"type":"Feature","properties":{"id":1746705679,"featurecla":"International boundary (verify)"},"geometry":{"type":"LineString","coordinates":[[9.519,30.229],[9.807,30.342],[10.06,30.58],[10.216,30.783],[10.243,31.032],[10.115,31.464],[10.275,31.685],[10.544,31.803],[10.772,32.021],[11.005,32.173],[11.358,32.345],[11.534,32.525],[11.454,32.782],[11.502,33.156],[11.505,33.182]]}},{"type":"Feature","properties":{"id":1746705707,"featurecla":"International boundary (verify)"},"geometry":{"type":"LineString","coordinates":[[20.242,46.109],[20.508,46.167],[20.76,46.246],[21.04,46.242],[21.265,46.412],[21.411,46.648],[21.584,46.878],[21.785,47.138],[21.954,47.364],[22.112,47.572],[22.351,47.736],[22.608,47.766],[22.852,47.923],[22.877,47.947]]}},{"type":"Feature","properties":{"id":1746705715,"featurecla":"International boundary (verify)"},"geometry":{"type":"LineString","coordinates":[[70.958,40.239],[71.305,40.287],[71.58,40.21],[71.845,40.234],[72.131,40.439],[72.389,40.427],[72.68,40.556],[73.113,40.786],[72.867,40.842],[72.506,40.982],[72.213,41.014],[71.958,41.187],[71.792,41.413],[71.546,41.308],[71.299,41.152],[71.026,41.187],[70.782,41.262],[70.471,41.413],[70.201,41.514],[70.455,41.725],[70.728,41.905],[71.032,42.078],[70.947,42.249]]}},{"type":"Feature","properties":{"id":1746705729,"featurecla":"International boundary (verify)"},"geometry":{"type":"LineString","coordinates":[[18.832,49.511],[19.149,49.4],[19.386,49.564],[19.627,49.424],[19.757,49.204],[20.058,49.181],[20.303,49.366],[20.616,49.392],[20.868,49.315],[21.136,49.417],[21.64,49.412],[21.89,49.343],[22.203,49.153],[22.473,49.081],[22.539,49.073]]}},{"type":"Feature","properties":{"id":1746705739,"featurecla":"International boundary (verify)"},"geometry":{"type":"LineString","coordinates":[[-7.219,55.092],[-7.446,54.905],[-7.69,54.728],[-8.044,54.512],[-7.884,54.284],[-7.607,54.144],[-7.355,54.121],[-7.133,54.355],[-6.877,54.329],[-6.67,54.185],[-6.44,54.064],[-6.218,54.089]]}},{"type":"Feature","properties":{"id":1746705747,"featurecla":"International boundary (verify)"},"geometry":{"type":"LineString","coordinates":[[18.832,49.511],[18.595,49.758],[18.348,49.93],[18.099,49.993],[17.831,49.983],[17.596,50.14],[17.152,50.378],[16.88,50.427],[16.779,50.157],[16.488,50.248],[16.231,50.394],[16.42,50.574],[16.066,50.63],[15.819,50.709],[15.464,50.794],[15.259,50.959],[14.994,51.014],[14.809,50.859]]}},{"type":"Feature","properties":{"id":1746705761,"featurecla":"International boundary (verify)"},"geometry":{"type":"LineString","coordinates":[[70.958,40.239],[70.644,40.083],[70.379,40.07],[70.072,40.173],[69.765,40.158],[69.494,40.06],[69.279,39.918],[69.28,39.666],[69.599,39.574],[69.956,39.553],[70.209,39.575],[70.501,39.587],[70.733,39.413],[71.005,39.412],[71.273,39.535],[71.546,39.453],[71.779,39.278],[72.043,39.352],[72.287,39.274],[72.563,39.377],[72.872,39.36],[73.235,39.375],[73.47,39.461],[73.632,39.449]]}},{"type":"Feature","properties":{"id":1746705767,"featurecla":"International boundary (verify)"},"geometry":{"type":"LineString","coordinates":[[20.001,39.709],[20.272,39.701],[20.311,39.951],[20.606,40.083],[20.752,40.335],[20.95,40.494],[20.956,40.775],[20.964,40.85]]}},{"type":"Feature","properties":{"id":1746705795,"featurecla":"International boundary (verify)"},"geometry":{"type":"LineString","coordinates":[[33.202,-14.013],[32.92,-13.884],[32.772,-13.657],[32.9,-13.357],[32.971,-13.084],[32.946,-12.804],[33.243,-12.557],[33.483,-12.403],[33.252,-12.113],[33.305,-11.8],[33.226,-11.535],[33.346,-11.249],[33.293,-10.981],[33.465,-10.783],[33.659,-10.591],[33.538,-10.352],[33.394,-10.121],[33.351,-9.862],[33.196,-9.626],[32.951,-9.484],[32.92,-9.407]]}},{"type":"Feature","properties":{"id":1746705803,"featurecla":"International boundary (verify)"},"geometry":{"type":"LineString","coordinates":[[22.132,48.405],[22.295,48.686],[22.432,48.934],[22.539,49.073]]}},{"type":"Feature","properties":{"id":1746705855,"featurecla":"International boundary (verify)"},"geometry":{"type":"LineString","coordinates":[[-11.508,6.907],[-11.268,7.233],[-11,7.463],[-10.691,7.736],[-10.571,8.071],[-10.315,8.311],[-10.283,8.485]]}},{"type":"Feature","properties":{"id":1746705877,"featurecla":"International boundary (verify)"},"geometry":{"type":"LineString","coordinates":[[24.147,8.666],[24.208,8.369],[24.456,8.239],[24.737,8.192],[25.007,7.965],[25.247,7.725],[25.279,7.428],[25.567,7.229],[25.889,7.065],[26.087,6.872],[26.285,6.699],[26.325,6.396],[26.514,6.069],[26.796,5.946],[27.083,5.777],[27.229,5.563],[27.257,5.29],[27.332,5.186]]}},{"type":"Feature","properties":{"id":1746705895,"featurecla":"International boundary (verify)"},"geometry":{"type":"LineString","coordinates":[[42.923,10.999],[43.159,11.366],[43.246,11.5]]}},{"type":"Feature","properties":{"id":1746705905,"featurecla":"International boundary (verify)"},"geometry":{"type":"LineString","coordinates":[[42.923,10.999],[42.655,11.078],[42.308,11.005],[42.052,10.968],[41.798,10.98],[41.765,11.413],[41.793,11.686],[41.996,11.912],[42.149,12.134],[42.378,12.466]]}},{"type":"Feature","properties":{"id":1746705913,"featurecla":"International boundary (verify)"},"geometry":{"type":"LineString","coordinates":[[29.403,-4.449],[29.326,-4.836],[29.42,-5.176],[29.542,-5.5],[29.596,-5.776],[29.48,-6.025],[29.541,-6.314],[29.71,-6.617],[29.962,-6.803],[30.162,-6.973],[30.313,-7.204],[30.407,-7.461],[30.559,-7.782],[30.721,-8.104],[30.751,-8.194]]}},{"type":"Feature","properties":{"id":1746705931,"featurecla":"International boundary (verify)"},"geometry":{"type":"LineString","coordinates":[[42.378,12.466],[42.67,12.377],[42.866,12.623],[43.117,12.709]]}},{"type":"Feature","properties":{"id":1746705953,"featurecla":"International boundary (verify)"},"geometry":{"type":"LineString","coordinates":[[13.815,48.767],[14.049,48.603],[14.368,48.576],[14.691,48.599],[14.923,48.771],[15.067,48.998],[15.403,48.957],[15.701,48.86],[16.057,48.755],[16.367,48.739],[16.713,48.734],[16.953,48.599]]}},{"type":"Feature","properties":{"id":1746705963,"featurecla":"International boundary (verify)"},"geometry":{"type":"LineString","coordinates":[[42.359,37.109],[42.635,37.249],[42.937,37.325],[43.263,37.316],[43.516,37.245],[43.836,37.224],[44.114,37.302],[44.202,37.052],[44.496,37.111],[44.765,37.142]]}},{"type":"Feature","properties":{"id":1746705973,"featurecla":"International boundary (verify)"},"geometry":{"type":"LineString","coordinates":[[16.093,46.863],[16.332,47.002],[16.44,47.253],[16.623,47.448],[16.432,47.656],[16.748,47.686],[17.067,47.708],[17.089,47.964],[17.147,48.006]]}},{"type":"Feature","properties":{"id":1746705983,"featurecla":"International boundary (verify)"},"geometry":{"type":"LineString","coordinates":[[7.021,45.926],[7.328,45.912],[7.593,45.972],[7.852,45.947],[8.125,46.161],[8.299,46.403],[8.565,46.16],[8.819,46.077],[8.954,45.83],[9.071,46.102],[9.251,46.287],[9.428,46.482],[9.639,46.296],[9.884,46.368],[10.128,46.238],[10.038,46.483],[10.363,46.547],[10.453,46.865]]}},{"type":"Feature","properties":{"id":1746705995,"featurecla":"International boundary (verify)"},"geometry":{"type":"LineString","coordinates":[[10.453,46.865],[10.18,46.862],[9.878,46.938],[9.62,47.057],[9.58,47.057]]}},{"type":"Feature","properties":{"id":1746706009,"featurecla":"International boundary (verify)"},"geometry":{"type":"LineString","coordinates":[[44.765,37.142],[44.604,37.424],[44.59,37.71],[44.336,37.872],[44.349,38.147],[44.291,38.42],[44.257,38.701],[44.145,38.994],[44.074,39.26],[44.335,39.396],[44.456,39.667],[44.725,39.682],[44.817,39.65]]}},{"type":"Feature","properties":{"id":1746706019,"featurecla":"International boundary (verify)"},"geometry":{"type":"LineString","coordinates":[[23.485,53.94],[23.37,54.2],[23.088,54.299],[22.824,54.396],[22.766,54.357]]}},{"type":"Feature","properties":{"id":1746706029,"featurecla":"International boundary (verify)"},"geometry":{"type":"LineString","coordinates":[[30.751,-8.194],[30.892,-8.474],[31.351,-8.607],[31.556,-8.806],[31.818,-8.902],[32.035,-9.067],[32.319,-9.135],[32.608,-9.271],[32.863,-9.381],[32.92,-9.407]]}},{"type":"Feature","properties":{"id":1746706039,"featurecla":"International boundary (verify)"},"geometry":{"type":"LineString","coordinates":[[7.197,53.282],[7.19,53],[7.051,52.745],[6.748,52.634],[6.922,52.44],[6.855,52.136],[6.742,51.911],[6.425,51.858],[6.167,51.881],[6.089,51.638],[6.166,51.355],[5.961,51.057],[5.994,50.75]]}},{"type":"Feature","properties":{"id":1746706051,"featurecla":"International boundary (verify)"},"geometry":{"type":"LineString","coordinates":[[9.58,47.057],[9.528,47.271]]}},{"type":"Feature","properties":{"id":1746706061,"featurecla":"International boundary (verify)"},"geometry":{"type":"LineString","coordinates":[[-8.486,7.559],[-8.232,7.557],[-8.118,7.824],[-8.01,8.078],[-8.217,8.22],[-8.21,8.483],[-7.953,8.478],[-7.696,8.376],[-7.72,8.643],[-7.951,8.787],[-7.778,9.081],[-7.9,9.309],[-8.137,9.496],[-8.146,9.882],[-8.014,10.125],[-7.991,10.163]]}},{"type":"Feature","properties":{"id":1746706075,"featurecla":"International boundary (verify)"},"geometry":{"type":"LineString","coordinates":[[7.493,43.767],[7.652,44.034],[7.371,44.127],[6.967,44.28],[6.843,44.511],[7.031,44.717],[6.801,44.883],[6.628,45.118],[6.981,45.216],[7.153,45.401],[6.962,45.581],[6.789,45.78],[7.021,45.926]]}},{"type":"Feature","properties":{"id":1746706087,"featurecla":"International boundary (verify)"},"geometry":{"type":"LineString","coordinates":[[28.966,69.022],[28.692,68.961],[28.414,68.904],[28.706,68.866],[28.479,68.538],[28.685,68.19],[29.063,68.118],[29.344,68.062],[29.822,67.754],[29.751,67.426],[29.388,67.201],[29.087,66.971],[29.293,66.696],[29.544,66.44],[29.721,66.235],[29.937,66.023],[30.087,65.787],[29.724,65.634],[29.715,65.337],[29.72,65.08],[29.783,64.804],[30.073,64.765],[29.987,64.524],[30.391,64.282],[30.504,64.021],[30.21,63.803],[30.419,63.504],[30.655,63.417],[30.975,63.301],[31.247,63.142],[31.509,62.955],[31.382,62.692],[31.187,62.481],[30.936,62.324],[30.566,62.128],[30.307,61.965],[30.01,61.757],[29.69,61.546],[29.252,61.288],[28.993,61.169],[28.739,61.059],[28.455,60.92],[28.152,60.746],[27.798,60.536],[27.731,60.457]]}},{"type":"Feature","properties":{"id":1746706099,"featurecla":"International boundary (verify)"},"geometry":{"type":"LineString","coordinates":[[30.87,69.783],[30.789,69.529],[30.38,69.585],[30.132,69.464],[29.833,69.36],[29.388,69.298],[29.21,69.097],[28.966,69.022]]}},{"type":"Feature","properties":{"id":1746706109,"featurecla":"International boundary (verify)"},"geometry":{"type":"LineString","coordinates":[[55.186,22.704],[55.2,23.035],[55.353,23.387],[55.466,23.633],[55.519,23.885],[55.779,24.017],[55.806,24.35],[55.804,24.636],[55.823,24.911],[56.064,24.739],[56.314,24.931],[56.388,24.979]]}},{"type":"Feature","properties":{"id":1746706121,"featurecla":"International boundary (verify)"},"geometry":{"type":"LineString","coordinates":[[48.573,41.844],[48.391,41.602],[48.142,41.485],[47.861,41.213],[47.592,41.218],[47.318,41.282],[47.143,41.516],[46.931,41.67],[46.69,41.831],[46.43,41.891]]}},{"type":"Feature","properties":{"id":1746706135,"featurecla":"International boundary (verify)"},"geometry":{"type":"LineString","coordinates":[[-54.616,2.327],[-54.852,2.44],[-55.114,2.539],[-55.385,2.441],[-55.659,2.419],[-55.936,2.517],[-56.129,2.299],[-55.962,2.095],[-56.02,1.842],[-56.386,1.924],[-56.483,1.942]]}},{"type":"Feature","properties":{"id":1746706145,"featurecla":"International boundary (verify)"},"geometry":{"type":"LineString","coordinates":[[46.43,41.891],[46.202,41.737],[46.305,41.508],[46.619,41.344],[46.534,41.089],[46.28,41.154],[45.922,41.187],[45.716,41.338],[45.422,41.425],[45.001,41.291]]}},{"type":"Feature","properties":{"id":1746706189,"featurecla":"International boundary (verify)"},"geometry":{"type":"LineString","coordinates":[[-11.389,12.404],[-11.414,12.775],[-11.444,13.028],[-11.581,13.29],[-11.832,13.316],[-12.054,13.633],[-11.961,13.875],[-12.019,14.206],[-12.228,14.459],[-12.281,14.809]]}},{"type":"Feature","properties":{"id":1746706209,"featurecla":"International boundary (verify)"},"geometry":{"type":"LineString","coordinates":[[-54.616,2.327],[-54.293,2.154],[-53.946,2.233],[-53.684,2.293],[-53.432,2.279],[-53.18,2.211],[-52.903,2.212],[-52.701,2.364],[-52.559,2.573],[-52.456,2.864],[-52.357,3.118],[-52.163,3.365],[-51.999,3.647],[-51.828,3.87],[-51.653,4.061]]}},{"type":"Feature","properties":{"id":1746706231,"featurecla":"International boundary (verify)"},"geometry":{"type":"LineString","coordinates":[[2.706,6.369],[2.754,6.662],[2.721,6.98],[2.751,7.395],[2.72,7.723],[2.702,8.05],[2.703,8.372],[2.733,8.783],[2.775,9.049],[3.045,9.084],[3.148,9.321],[3.223,9.566],[3.354,9.813],[3.602,10.005],[3.577,10.268],[3.784,10.436],[3.757,10.769],[3.716,11.08],[3.488,11.395],[3.595,11.696]]}},{"type":"Feature","properties":{"id":1746706245,"featurecla":"International boundary (verify)"},"geometry":{"type":"LineString","coordinates":[[13.073,-4.635],[12.881,-4.445],[12.642,-4.531],[12.385,-4.619],[12.167,-4.838],[12.018,-5.004]]}},{"type":"Feature","properties":{"id":1746709059,"featurecla":"International boundary (verify)"},"geometry":{"type":"LineString","coordinates":[[16.516,46.5],[16.258,46.508],[16.001,46.305],[15.704,46.213],[15.668,45.904],[15.277,45.733],[15.339,45.467],[14.955,45.5],[14.649,45.571],[14.37,45.481],[14.086,45.478],[13.615,45.477],[13.578,45.517]]}},{"type":"Feature","properties":{"id":1746706255,"featurecla":"International boundary (verify)"},"geometry":{"type":"LineString","coordinates":[[18.905,45.932],[18.565,45.813],[18.291,45.764],[17.964,45.77],[17.706,45.827],[17.406,45.951],[17.15,46.14],[16.871,46.339],[16.57,46.485],[16.516,46.5]]}},{"type":"Feature","properties":{"id":1746706179,"featurecla":"International boundary (verify)"},"geometry":{"type":"LineString","coordinates":[[20.242,46.109],[19.934,46.161],[19.613,46.169],[19.393,46.05],[19.146,45.987],[18.905,45.932]]}},{"type":"Feature","properties":{"id":1746706277,"featurecla":"International boundary (verify)"},"geometry":{"type":"LineString","coordinates":[[16.516,46.5],[16.367,46.705],[16.093,46.863]]}},{"type":"Feature","properties":{"id":1746706285,"featurecla":"International boundary (verify)"},"geometry":{"type":"LineString","coordinates":[[51.268,24.607],[50.966,24.574],[50.804,24.789]]}},{"type":"Feature","properties":{"id":1746706295,"featurecla":"International boundary (verify)"},"geometry":{"type":"LineString","coordinates":[[25.259,-17.794],[25.34,-18.104],[25.489,-18.351],[25.761,-18.649],[25.939,-18.939],[26.082,-19.37],[26.241,-19.569],[26.475,-19.749],[26.917,-19.99],[27.178,-20.101],[27.275,-20.382],[27.625,-20.484],[27.704,-20.766],[27.669,-21.064],[27.844,-21.261],[27.975,-21.507],[28.532,-21.651],[28.919,-21.766],[29.042,-22.018],[29.315,-22.158],[29.365,-22.194]]}},{"type":"Feature","properties":{"id":1746706317,"featurecla":"International boundary (verify)"},"geometry":{"type":"LineString","coordinates":[[28.014,41.969],[27.739,41.962],[27.475,41.947],[27.244,42.093],[26.969,42.027],[26.679,41.963],[26.36,41.802],[26.321,41.717]]}},{"type":"Feature","properties":{"id":1746706333,"featurecla":"International boundary (verify)"},"geometry":{"type":"LineString","coordinates":[[102.934,11.707],[102.737,12.09],[102.737,12.383],[102.5,12.67],[102.462,13.015],[102.331,13.288],[102.32,13.54],[102.566,13.626],[102.729,13.842],[102.873,14.055],[103.031,14.253],[103.314,14.351],[103.6,14.421],[103.899,14.363],[104.228,14.396],[104.576,14.39],[104.879,14.404],[105.074,14.227],[105.183,14.346]]}},{"type":"Feature","properties":{"id":1746706355,"featurecla":"International boundary (verify)"},"geometry":{"type":"LineString","coordinates":[[88.891,27.316],[88.835,27.066],[89.041,26.865],[89.332,26.849],[89.586,26.779],[89.943,26.724],[90.206,26.848],[90.56,26.797],[90.856,26.778],[91.134,26.803],[91.427,26.867],[91.672,26.802],[91.944,26.861],[92.003,27.147],[91.991,27.45],[91.658,27.494],[91.632,27.76]]}},{"type":"Feature","properties":{"id":1746705273,"featurecla":"International boundary (verify)"},"geometry":{"type":"LineString","coordinates":[[104.067,1.278],[103.822,1.46],[103.589,1.262],[103.599,1.206]]}},{"type":"Feature","properties":{"id":1746706369,"featurecla":"International boundary (verify)"},"geometry":{"type":"LineString","coordinates":[[100.119,6.442],[100.217,6.687],[100.564,6.468],[100.817,6.332],[101.054,6.243],[101.076,5.956],[101.082,5.675],[101.404,5.852],[101.65,5.796],[101.917,5.911],[102.068,6.185],[102.101,6.242]]}},{"type":"Feature","properties":{"id":1746706391,"featurecla":"International boundary (verify)"},"geometry":{"type":"LineString","coordinates":[[5.994,50.75],[6.236,50.597],[6.365,50.316],[6.121,50.139],[6.117,50.121]]}},{"type":"Feature","properties":{"id":1746706399,"featurecla":"International boundary (verify)"},"geometry":{"type":"LineString","coordinates":[[-71.779,19.718],[-71.707,19.422],[-71.645,19.164],[-71.786,18.92],[-71.824,18.646],[-71.762,18.341],[-71.768,18.039]]}},{"type":"Feature","properties":{"id":1746706411,"featurecla":"International boundary (verify)"},"geometry":{"type":"LineString","coordinates":[[14.064,13.079],[13.763,13.49],[13.606,13.705]]}},{"type":"Feature","properties":{"id":1746706427,"featurecla":"International boundary (verify)"},"geometry":{"type":"LineString","coordinates":[[46.531,29.096],[46.769,29.347],[46.976,29.673],[47.102,29.94],[47.331,30.08],[47.644,30.097],[47.979,29.983]]}},{"type":"Feature","properties":{"id":1746706435,"featurecla":"International boundary (verify)"},"geometry":{"type":"LineString","coordinates":[[88.11,27.871],[88.426,28.012],[88.756,28.04],[88.83,27.767],[88.749,27.522],[88.891,27.316]]}},{"type":"Feature","properties":{"id":1746706445,"featurecla":"International boundary (verify)"},"geometry":{"type":"LineString","coordinates":[[-90.095,13.737],[-89.943,13.997],[-89.711,14.141],[-89.574,14.39],[-89.363,14.416]]}},{"type":"Feature","properties":{"id":1746706453,"featurecla":"International boundary (verify)"},"geometry":{"type":"LineString","coordinates":[[124.036,-9.342],[124.282,-9.428],[124.444,-9.19]]}},{"type":"Feature","properties":{"id":1746706457,"featurecla":"International boundary (verify)"},"geometry":{"type":"LineString","coordinates":[[124.922,-8.943],[125.149,-9.123],[124.997,-9.326],[125.068,-9.512]]}},{"type":"Feature","properties":{"id":1746706467,"featurecla":"International boundary (verify)"},"geometry":{"type":"LineString","coordinates":[[115.14,4.9],[115.267,4.634],[115.327,4.381],[115.052,4.583],[115.027,4.9]]}},{"type":"Feature","properties":{"id":1746706475,"featurecla":"International boundary (verify)"},"geometry":{"type":"LineString","coordinates":[[109.629,2.028],[109.636,1.777],[109.736,1.523],[109.945,1.338],[110.315,0.996],[110.615,0.878],[110.938,1.017],[111.287,1.043],[111.547,0.994],[111.809,1.012],[112.078,1.143],[112.186,1.439],[112.476,1.559],[112.943,1.567],[113.359,1.327],[113.622,1.236],[113.835,1.38],[114.126,1.452],[114.387,1.5],[114.632,1.617],[114.751,1.869],[114.759,2.162],[114.969,2.351],[115.179,2.523],[115.087,2.791],[115.247,3.026],[115.493,3.128],[115.566,3.446],[115.561,3.733],[115.627,4.082],[115.837,4.333],[116.134,4.355],[116.415,4.308],[116.698,4.355],[117.101,4.337],[117.451,4.193],[117.745,4.167],[117.885,4.186]]}},{"type":"Feature","properties":{"id":1746706487,"featurecla":"International boundary (verify)"},"geometry":{"type":"LineString","coordinates":[[10.453,46.865],[10.76,46.793],[11.025,46.797],[11.244,46.976],[11.528,46.997],[11.969,47.04],[12.268,46.836],[12.479,46.672],[12.806,46.626],[13.169,46.573],[13.49,46.556],[13.7,46.52]]}},{"type":"Feature","properties":{"id":1746706511,"featurecla":"International boundary (verify)"},"geometry":{"type":"LineString","coordinates":[[13.7,46.52],[13.478,46.369],[13.635,46.158],[13.57,45.834],[13.831,45.68],[13.72,45.588]]}},{"type":"Feature","properties":{"id":1746706535,"featurecla":"International boundary (verify)"},"geometry":{"type":"LineString","coordinates":[[29.014,-2.72],[29.297,-2.673],[29.651,-2.793],[29.893,-2.665],[29.93,-2.34],[30.183,-2.377],[30.482,-2.376],[30.554,-2.4]]}},{"type":"Feature","properties":{"id":1746706543,"featurecla":"International boundary (verify)"},"geometry":{"type":"LineString","coordinates":[[92.575,21.978],[92.584,21.609],[92.625,21.351],[92.373,21.409],[92.192,21.202],[92.286,20.932],[92.324,20.792]]}},{"type":"Feature","properties":{"id":1746706553,"featurecla":"International boundary (verify)"},"geometry":{"type":"LineString","coordinates":[[1.428,42.596],[1.111,42.742],[0.764,42.838],[0.518,42.686],[0.256,42.693],[-0.041,42.689],[-0.299,42.825],[-0.55,42.802],[-0.763,42.94],[-1.175,43.021],[-1.429,43.037],[-1.561,43.279],[-1.794,43.407]]}},{"type":"Feature","properties":{"id":1746706561,"featurecla":"International boundary (verify)"},"geometry":{"type":"LineString","coordinates":[[1.428,42.596],[1.71,42.604],[1.706,42.503]]}},{"type":"Feature","properties":{"id":1746706567,"featurecla":"International boundary (verify)"},"geometry":{"type":"LineString","coordinates":[[1.706,42.503],[1.951,42.393],[2.2,42.421],[2.568,42.346],[2.816,42.429],[3.152,42.431],[3.211,42.431]]}},{"type":"Feature","properties":{"id":1746706589,"featurecla":"International boundary (verify)"},"geometry":{"type":"LineString","coordinates":[[1.428,42.596],[1.678,42.497],[1.706,42.503]]}},{"type":"Feature","properties":{"id":1746706597,"featurecla":"International boundary (verify)"},"geometry":{"type":"LineString","coordinates":[[74.891,37.232],[75.119,37.386],[74.916,37.573],[74.9,37.833],[74.79,38.104],[74.836,38.404],[74.514,38.6],[74.187,38.658],[73.97,38.534],[73.754,38.699],[73.805,38.969],[73.607,39.229],[73.632,39.449]]}},{"type":"Feature","properties":{"id":1746706631,"featurecla":"International boundary (verify)"},"geometry":{"type":"LineString","coordinates":[[74.891,37.232],[74.559,37.237],[74.541,37.022]]}},{"type":"Feature","properties":{"id":1746706639,"featurecla":"International boundary (verify)"},"geometry":{"type":"LineString","coordinates":[[20.964,40.85],[21.324,40.867],[21.576,40.869],[21.929,41.107],[22.184,41.159],[22.494,41.119],[22.755,41.313],[22.916,41.336]]}},{"type":"Feature","properties":{"id":1746706669,"featurecla":"International boundary (verify)"},"geometry":{"type":"LineString","coordinates":[[22.344,42.314],[22.052,42.305],[21.853,42.308]]}},{"type":"Feature","properties":{"id":1746706677,"featurecla":"International boundary (verify)"},"geometry":{"type":"LineString","coordinates":[[22.344,42.314],[22.532,42.481],[22.466,42.751],[22.706,42.884],[22.915,43.076],[22.768,43.354],[22.499,43.519],[22.37,43.781],[22.469,44.018],[22.667,44.22],[22.705,44.238]]}},{"type":"Feature","properties":{"id":1746706699,"featurecla":"International boundary (verify)"},"geometry":{"type":"LineString","coordinates":[[22.916,41.336],[22.951,41.606],[22.837,41.994],[22.583,42.105],[22.344,42.314]]}},{"type":"Feature","properties":{"id":1746706709,"featurecla":"International boundary (verify)"},"geometry":{"type":"LineString","coordinates":[[18.436,42.56],[18.517,42.433]]}},{"type":"Feature","properties":{"id":1746706717,"featurecla":"International boundary (verify)"},"geometry":{"type":"LineString","coordinates":[[18.436,42.56],[18.124,42.691],[17.841,42.845],[17.668,42.897]]}},{"type":"Feature","properties":{"id":1746708423,"featurecla":"International boundary (verify)"},"geometry":{"type":"LineString","coordinates":[[78.917,33.387],[79.113,33.226],[79.117,33.225]]}},{"type":"Feature","properties":{"id":1746706773,"featurecla":"International boundary (verify)"},"geometry":{"type":"LineString","coordinates":[[19.194,43.533],[19.415,43.343],[19.614,43.173],[19.858,43.097],[19.944,43.082]]}},{"type":"Feature","properties":{"id":1746706785,"featurecla":"International boundary (verify)"},"geometry":{"type":"LineString","coordinates":[[-89.363,14.416],[-89.057,14.329],[-88.868,14.164],[-88.666,14.016],[-88.449,13.851],[-88.151,13.987],[-87.892,13.895],[-87.759,13.65],[-87.814,13.399]]}},{"type":"Feature","properties":{"id":1746706791,"featurecla":"International boundary (verify)"},"geometry":{"type":"LineString","coordinates":[[-87.337,12.979],[-87.059,12.991],[-86.918,13.224],[-86.73,13.407],[-86.771,13.699],[-86.377,13.756],[-86.151,13.995],[-85.787,13.844],[-85.58,14.028],[-85.374,14.224],[-85.192,14.447],[-85.037,14.686],[-84.789,14.79],[-84.538,14.633],[-84.292,14.687],[-83.972,14.771],[-83.674,14.884],[-83.415,15.008],[-83.158,14.993]]}},{"type":"Feature","properties":{"id":1746706811,"featurecla":"International boundary (verify)"},"geometry":{"type":"LineString","coordinates":[[-75.284,-0.107],[-75.617,0.063],[-75.88,0.151],[-76.068,0.346],[-76.311,0.449],[-76.495,0.235],[-76.768,0.242],[-77.114,0.355],[-77.396,0.394],[-77.468,0.636],[-77.673,0.782],[-78.037,0.899],[-78.312,1.046],[-78.512,1.199],[-78.737,1.359],[-78.86,1.455]]}},{"type":"Feature","properties":{"id":1746706821,"featurecla":"International boundary (verify)"},"geometry":{"type":"LineString","coordinates":[[-57.595,3.368],[-57.72,3.588],[-57.908,3.857],[-58.054,4.102],[-57.95,4.35],[-57.846,4.668],[-57.845,4.923],[-57.571,5.004],[-57.306,5.05],[-57.319,5.335],[-57.195,5.548]]}},{"type":"Feature","properties":{"id":1746706829,"featurecla":"International boundary (verify)"},"geometry":{"type":"LineString","coordinates":[[-54.082,3.327],[-53.99,3.59],[-54.197,3.834],[-54.351,4.054],[-54.416,4.338],[-54.44,4.692],[-54.447,4.959],[-54.332,5.187],[-54.156,5.359]]}},{"type":"Feature","properties":{"id":1746705275,"featurecla":"International boundary (verify)"},"geometry":{"type":"LineString","coordinates":[[-58.415,-33.944],[-58.48,-33.652],[-58.427,-33.353],[-58.242,-33.105],[-58.141,-32.828],[-58.201,-32.472]]}},{"type":"Feature","properties":{"id":1746708869,"featurecla":"International boundary (verify)"},"geometry":{"type":"LineString","coordinates":[[-57.609,-30.188],[-57.831,-30.495],[-57.811,-30.859],[-57.868,-31.104],[-58.033,-31.417],[-58.007,-31.685],[-58.189,-31.924],[-58.165,-32.185],[-58.201,-32.472]]}},{"type":"Feature","properties":{"id":1746706871,"featurecla":"International boundary (verify)"},"geometry":{"type":"LineString","coordinates":[[-54.616,-25.576],[-54.332,-25.572],[-54.012,-25.578],[-53.823,-25.96],[-53.671,-26.225],[-53.745,-26.666],[-53.759,-26.978],[-53.935,-27.161],[-54.205,-27.29],[-54.448,-27.446],[-54.72,-27.545],[-54.91,-27.709],[-55.244,-27.899],[-55.477,-28.089],[-55.726,-28.204],[-55.905,-28.4],[-56.103,-28.652],[-56.322,-28.852],[-56.476,-29.092],[-56.672,-29.287],[-56.939,-29.595],[-57.225,-29.782],[-57.405,-30.034],[-57.609,-30.188]]}},{"type":"Feature","properties":{"id":1746706893,"featurecla":"International boundary (verify)"},"geometry":{"type":"LineString","coordinates":[[20.622,69.037],[20.895,68.98],[21.183,68.829],[21.422,68.725],[21.724,68.609],[21.997,68.521],[22.362,68.464],[22.782,68.391],[23.098,68.258],[23.319,68.13],[23.639,67.954],[23.5,67.696],[23.661,67.44],[23.623,67.184],[23.869,66.934],[23.886,66.628],[23.682,66.443],[23.751,66.191],[23.995,66.06],[24.156,65.805],[24.116,65.505]]}},{"type":"Feature","properties":{"id":1746706901,"featurecla":"International boundary (verify)"},"geometry":{"type":"LineString","coordinates":[[4.226,51.386],[3.902,51.208],[3.58,51.286],[3.35,51.378]]}},{"type":"Feature","properties":{"id":1746706907,"featurecla":"International boundary (verify)"},"geometry":{"type":"LineString","coordinates":[[5.994,50.75],[5.694,50.775],[5.818,51.086],[5.54,51.239],[5.214,51.279],[5.031,51.469],[4.756,51.491],[4.503,51.475],[4.226,51.386]]}},{"type":"Feature","properties":{"id":1746706937,"featurecla":"International boundary (verify)"},"geometry":{"type":"LineString","coordinates":[[6.344,49.453],[6.575,49.32],[6.776,49.154],[7.037,49.113],[7.313,49.13],[7.611,49.062],[8.001,49.011],[7.923,48.699],[7.765,48.41],[7.617,48.157],[7.593,47.906],[7.565,47.607],[7.616,47.593]]}},{"type":"Feature","properties":{"id":1746706929,"featurecla":"International boundary (verify)"},"geometry":{"type":"LineString","coordinates":[[9.524,47.524],[9.183,47.671],[8.881,47.656],[8.618,47.766],[8.43,47.592],[8.094,47.576],[7.698,47.57],[7.616,47.593]]}},{"type":"Feature","properties":{"id":1746706947,"featurecla":"International boundary (verify)"},"geometry":{"type":"LineString","coordinates":[[9.528,47.271],[9.524,47.524]]}},{"type":"Feature","properties":{"id":1746706957,"featurecla":"International boundary (verify)"},"geometry":{"type":"LineString","coordinates":[[9.58,47.057],[9.528,47.271]]}},{"type":"Feature","properties":{"id":1746706965,"featurecla":"International boundary (verify)"},"geometry":{"type":"LineString","coordinates":[[7.021,45.926],[6.806,46.131],[6.776,46.407],[6.429,46.431],[6.199,46.193],[6.06,46.428],[6.285,46.683],[6.439,46.926],[6.688,47.058],[6.952,47.267],[7.136,47.49],[7.42,47.455],[7.616,47.593]]}},{"type":"Feature","properties":{"id":1746706973,"featurecla":"International boundary (verify)"},"geometry":{"type":"LineString","coordinates":[[-7.406,37.179],[-7.467,37.428],[-7.444,37.728],[-7.185,38.006],[-6.958,38.188],[-7.343,38.457],[-7.282,38.715],[-7.046,38.907],[-7.172,39.135],[-7.335,39.465],[-7.524,39.645],[-7.118,39.682],[-6.911,39.937],[-7.033,40.168],[-6.81,40.343],[-6.83,40.619],[-6.858,40.878],[-6.69,41.214],[-6.403,41.375],[-6.222,41.56],[-6.485,41.664],[-6.575,41.913],[-6.833,41.964],[-7.099,41.964],[-7.404,41.834],[-7.693,41.888],[-7.991,41.852],[-8.174,42.069],[-8.538,42.069],[-8.777,41.941]]}},{"type":"Feature","properties":{"id":1746706981,"featurecla":"International boundary (verify)"},"geometry":{"type":"LineString","coordinates":[[13.815,48.767],[13.692,48.533],[13.409,48.394],[13.14,48.29],[12.897,48.204],[12.954,47.891],[13.054,47.655],[12.809,47.542],[12.527,47.636],[12.268,47.703],[11.717,47.583],[11.47,47.506],[11.212,47.414],[10.952,47.427],[10.659,47.547],[10.404,47.417],[10.183,47.279],[9.972,47.505],[9.715,47.551],[9.524,47.524]]}},{"type":"Feature","properties":{"id":1746706989,"featurecla":"International boundary (verify)"},"geometry":{"type":"LineString","coordinates":[[16.093,46.863],[15.767,46.711],[15.439,46.63],[15.001,46.626],[14.757,46.499],[14.504,46.417],[14.1,46.462],[13.831,46.511],[13.7,46.52]]}},{"type":"Feature","properties":{"id":1746707003,"featurecla":"International boundary (verify)"},"geometry":{"type":"LineString","coordinates":[[18.436,42.56],[18.455,42.844],[18.622,43.125],[18.851,43.346],[19.028,43.533],[19.194,43.533]]}},{"type":"Feature","properties":{"id":1746707011,"featurecla":"International boundary (verify)"},"geometry":{"type":"LineString","coordinates":[[19.194,43.533],[19.451,43.562],[19.364,43.845],[19.584,44.011],[19.339,44.226],[19.118,44.36],[19.223,44.61],[19.357,44.859],[19.042,44.871],[18.788,44.915],[18.488,45.086],[18.218,45.133],[17.949,45.112],[17.69,45.158],[17.324,45.164],[16.919,45.277],[16.531,45.217],[16.293,45.009],[16.028,45.19],[15.761,45.008],[15.88,44.682],[16.103,44.521],[16.214,44.215],[16.472,44.003],[16.688,43.815],[16.902,43.649],[17.248,43.47],[17.402,43.199],[17.625,43.043],[17.585,42.938]]}},{"type":"Feature","properties":{"id":1746707029,"featurecla":"International boundary (verify)"},"geometry":{"type":"LineString","coordinates":[[19.007,44.869],[19.063,45.137],[19.388,45.173],[19.093,45.337],[18.954,45.558],[18.839,45.836],[18.905,45.932]]}},{"type":"Feature","properties":{"id":1746707047,"featurecla":"International boundary (verify)"},"geometry":{"type":"LineString","coordinates":[[16.953,48.599],[17.136,48.841],[17.483,48.828],[17.759,48.888],[18.051,49.037],[18.365,49.336],[18.597,49.491],[18.832,49.511]]}},{"type":"Feature","properties":{"id":1746707039,"featurecla":"International boundary (verify)"},"geometry":{"type":"LineString","coordinates":[[17.147,48.006],[16.973,48.198],[16.863,48.441],[16.953,48.599]]}},{"type":"Feature","properties":{"id":1746707057,"featurecla":"International boundary (verify)"},"geometry":{"type":"LineString","coordinates":[[17.147,48.006],[17.481,47.888],[17.762,47.77],[18.146,47.763],[18.476,47.777],[18.741,47.807],[18.914,48.051],[19.265,48.073],[19.564,48.213],[19.81,48.155],[20.129,48.222],[20.475,48.495],[20.867,48.546],[21.196,48.511],[21.451,48.552],[21.675,48.378],[22.111,48.393],[22.132,48.405]]}},{"type":"Feature","properties":{"id":1746707065,"featurecla":"International boundary (verify)"},"geometry":{"type":"LineString","coordinates":[[14.809,50.859],[14.964,51.095],[14.953,51.377],[14.725,51.524],[14.624,51.771],[14.725,52.031],[14.616,52.278],[14.619,52.528],[14.254,52.783],[14.369,53.106],[14.299,53.556],[14.198,53.919],[14.211,53.95]]}},{"type":"Feature","properties":{"id":1746707075,"featurecla":"International boundary (verify)"},"geometry":{"type":"LineString","coordinates":[[22.877,47.947],[22.676,48.104],[22.424,48.243],[22.231,48.412],[22.132,48.405]]}},{"type":"Feature","properties":{"id":1746707083,"featurecla":"International boundary (verify)"},"geometry":{"type":"LineString","coordinates":[[28.585,43.742],[28.222,43.773],[27.949,43.919],[27.671,43.998],[27.121,44.146],[26.848,44.146],[26.489,44.084],[26.216,44.007],[25.933,43.871],[25.686,43.712],[25.16,43.686],[24.808,43.738],[24.431,43.794],[23.951,43.787],[23.535,43.854],[23.225,43.874],[22.919,43.834],[23.028,44.078],[22.775,44.195],[22.705,44.238]]}},{"type":"Feature","properties":{"id":1746707089,"featurecla":"International boundary (verify)"},"geometry":{"type":"LineString","coordinates":[[20.242,46.109],[20.438,45.941],[20.653,45.779],[20.786,45.536],[21.024,45.322],[21.382,45.205],[21.472,44.942],[21.36,44.827]]}},{"type":"Feature","properties":{"id":1746707097,"featurecla":"International boundary (verify)"},"geometry":{"type":"LineString","coordinates":[[22.916,41.336],[23.24,41.385],[23.536,41.386],[23.881,41.456],[24.23,41.531],[24.488,41.555],[24.774,41.356],[25.133,41.316],[25.382,41.264],[25.724,41.315],[26.066,41.351],[26.111,41.608],[26.411,41.696],[26.61,41.512],[26.331,41.239],[26.331,40.955],[26.109,40.75],[26.039,40.727]]}},{"type":"Feature","properties":{"id":1746707111,"featurecla":"International boundary (verify)"},"geometry":{"type":"LineString","coordinates":[[19.939,42.507],[19.703,42.648],[19.465,42.415],[19.281,42.173],[19.345,41.919],[19.342,41.869]]}},{"type":"Feature","properties":{"id":1746707123,"featurecla":"International boundary (verify)"},"geometry":{"type":"LineString","coordinates":[[26.619,48.26],[26.901,48.211],[27.152,47.959],[27.278,47.718],[27.465,47.537],[27.696,47.286],[27.974,47.043],[28.15,46.792],[28.223,46.508],[28.119,46.139],[28.114,45.883],[28.131,45.628],[28.212,45.45]]}},{"type":"Feature","properties":{"id":1746707131,"featurecla":"International boundary (verify)"},"geometry":{"type":"LineString","coordinates":[[22.877,47.947],[23.139,48.087],[23.408,47.99],[23.669,47.992],[24.002,47.936],[24.282,47.911],[24.579,47.931],[24.838,47.761],[25.17,47.823],[25.464,47.911],[25.909,47.968],[26.163,47.993],[26.306,48.204],[26.572,48.248],[26.619,48.26]]}},{"type":"Feature","properties":{"id":1746707161,"featurecla":"International boundary (verify)"},"geometry":{"type":"LineString","coordinates":[[22.539,49.073],[22.81,49.021],[22.732,49.295],[22.649,49.539],[22.891,49.766],[23.265,50.073],[23.506,50.23],[23.712,50.377],[23.973,50.41],[24.046,50.723],[23.938,50.993],[23.712,51.265],[23.605,51.518]]}},{"type":"Feature","properties":{"id":1746707179,"featurecla":"International boundary (verify)"},"geometry":{"type":"LineString","coordinates":[[20.9,55.287],[21.298,55.264],[21.555,55.195],[21.874,55.101],[22.138,55.059],[22.567,55.059],[22.825,54.871],[22.71,54.633],[22.766,54.357]]}},{"type":"Feature","properties":{"id":1746707187,"featurecla":"International boundary (verify)"},"geometry":{"type":"LineString","coordinates":[[31.763,52.101],[31.577,52.312],[31.526,52.633],[31.353,52.933],[31.388,53.185],[31.668,53.201],[32.055,53.089],[32.426,53.211],[32.704,53.336],[32.47,53.547],[32.2,53.781],[31.821,53.792],[31.792,54.056],[31.404,54.196],[31.246,54.392],[31.152,54.625],[30.799,54.783],[30.978,55.05],[30.814,55.279],[30.909,55.525],[30.662,55.655],[30.234,55.845],[29.937,55.845],[29.685,55.77],[29.413,55.725],[29.283,55.968],[29.032,56.022],[28.741,55.955],[28.407,56.089],[28.148,56.143]]}},{"type":"Feature","properties":{"id":1746707195,"featurecla":"International boundary (verify)"},"geometry":{"type":"LineString","coordinates":[[31.763,52.101],[32.042,52.045],[32.283,52.114],[32.508,52.309],[32.807,52.253],[33.148,52.34],[33.452,52.334],[33.735,52.345],[34.015,52.156],[34.398,51.78],[34.121,51.679],[34.207,51.42],[34.491,51.237],[34.76,51.169],[35.064,51.203],[35.269,51.047],[35.383,50.799],[35.412,50.54],[35.674,50.346],[36.008,50.42],[36.243,50.312],[36.5,50.28],[36.759,50.292],[37.131,50.352],[37.423,50.411],[37.605,50.215],[37.95,49.964],[38.209,50.051],[38.451,49.964],[38.777,49.884],[39.028,49.818],[39.303,49.742],[39.627,49.651],[39.877,49.568],[40.126,49.369],[39.976,49.13],[39.687,49.008],[39.989,48.851],[39.705,48.739],[39.858,48.484],[39.961,48.238],[39.814,48.035],[39.391,47.834],[39.058,47.849],[38.719,47.714],[38.369,47.61],[38.243,47.374],[38.214,47.091]]}},{"type":"Feature","properties":{"id":1746707219,"featurecla":"International boundary (verify)"},"geometry":{"type":"LineString","coordinates":[[43.439,41.107],[43.632,40.929],[43.713,40.648],[43.616,40.393],[43.683,40.15],[43.942,40.023],[44.289,40.04],[44.56,39.888],[44.768,39.704],[44.783,39.685]]}},{"type":"Feature","properties":{"id":1746707241,"featurecla":"International boundary (verify)"},"geometry":{"type":"LineString","coordinates":[[87.818,49.162],[88.116,49.256],[88.338,49.473],[88.633,49.486],[88.9,49.54],[89.18,49.532],[89.475,49.661],[89.644,49.903],[89.977,49.984],[90.224,50.117],[90.517,50.213],[90.761,50.306],[91.022,50.415],[91.301,50.463],[91.597,50.576],[91.957,50.698],[92.265,50.775],[92.579,50.725],[92.856,50.789],[93.103,50.604],[93.387,50.608],[93.662,50.584],[93.99,50.569],[94.251,50.556],[94.347,50.303],[94.565,50.088],[94.93,50.044],[95.166,49.944],[95.442,49.916],[95.708,49.966],[95.99,49.974],[96.315,49.901],[96.598,49.878],[96.986,49.883],[97.209,49.731],[97.541,49.843],[97.786,49.945],[98.103,50.078],[98.25,50.302],[98.22,50.557],[98.001,50.702],[97.856,50.943],[97.918,51.218],[98.038,51.45],[98.277,51.635],[98.641,51.801],[98.849,52.07],[99.176,51.999],[99.532,51.9],[99.788,51.828],[100.035,51.737],[100.469,51.726],[100.711,51.662],[101.085,51.553],[101.381,51.453],[101.821,51.421],[102.112,51.353],[102.195,51.051],[102.235,50.791],[102.336,50.544],[102.683,50.387],[103.039,50.301],[103.304,50.2],[103.633,50.139],[103.958,50.157],[104.26,50.214],[104.596,50.317],[104.977,50.383],[105.267,50.46],[105.542,50.441],[105.875,50.405],[106.218,50.305],[106.574,50.329],[106.854,50.248],[107.143,50.033],[107.631,49.983],[107.917,49.948],[107.937,49.691],[108.213,49.525],[108.523,49.341],[108.92,49.335],[109.237,49.335],[109.529,49.27],[109.995,49.206],[110.321,49.216],[110.631,49.138],[111.204,49.304],[111.512,49.361],[111.833,49.404],[112.375,49.515],[112.697,49.507],[113.056,49.616],[113.319,49.874],[113.574,50.007],[113.881,50.101],[114.222,50.257],[114.554,50.241],[114.88,50.183],[115.098,50.059],[115.365,49.912],[115.718,49.881],[116.135,50.011],[116.551,49.92],[116.683,49.824]]}},{"type":"Feature","properties":{"id":1746707251,"featurecla":"International boundary (verify)"},"geometry":{"type":"LineString","coordinates":[[116.683,49.824],[117.022,49.693],[117.477,49.609],[117.813,49.514],[118.187,49.693],[118.452,49.845],[118.756,49.963],[119.147,50.013],[119.346,50.279],[119.281,50.561],[119.502,50.779],[119.685,51.03],[119.813,51.267],[120.067,51.601],[120.511,51.849],[120.75,52.097],[120.65,52.396],[120.521,52.615],[120.173,52.602],[120.421,52.968],[120.704,53.172],[120.985,53.285],[121.405,53.317],[121.744,53.384],[122.089,53.451],[122.338,53.485],[122.745,53.469],[123.154,53.545],[123.424,53.531],[123.741,53.511],[123.995,53.406],[124.291,53.341],[124.64,53.211],[124.882,53.13],[125.226,53.166],[125.546,53.048],[125.783,52.891],[126.004,52.768],[126.157,52.547],[126.342,52.362],[126.456,52.126],[126.654,51.781],[126.775,51.545],[126.854,51.261],[127.02,50.986],[127.307,50.708],[127.306,50.454],[127.59,50.209],[127.492,49.975],[127.637,49.76],[128,49.569],[128.527,49.594],[128.791,49.542],[129.02,49.419],[129.31,49.354],[129.591,49.287],[130.037,48.972],[130.355,48.866],[130.617,48.773],[130.659,48.483],[130.787,48.255],[130.849,47.929],[131.003,47.691],[131.319,47.728],[131.785,47.681],[132.15,47.718],[132.476,47.715],[132.707,47.947],[133.02,48.064],[133.301,48.102],[133.573,48.133],[133.842,48.274],[134.206,48.36],[134.456,48.355],[134.681,48.21],[134.591,47.975],[134.752,47.715],[134.542,47.485],[134.291,47.414],[134.202,47.128],[134.046,46.882],[133.958,46.614],[133.903,46.367],[133.701,46.14],[133.551,45.898],[133.466,45.651],[133.186,45.495],[133.097,45.22],[132.889,45.046],[132.549,45.123],[132.181,45.203],[131.909,45.274],[131.654,45.205],[131.488,45.013],[131.228,44.92],[130.982,44.844],[131.087,44.596],[131.255,44.072],[131.174,43.705],[131.262,43.433],[131.176,43.142],[131.069,42.902],[130.803,42.857],[130.493,42.779],[130.527,42.535]]}},{"type":"Feature","properties":{"id":1746707259,"featurecla":"International boundary (verify)"},"geometry":{"type":"LineString","coordinates":[[130.527,42.535],[130.296,42.685],[130.151,42.918],[129.898,42.998],[129.779,42.777],[129.72,42.475],[129.424,42.436],[129.205,42.271],[128.961,42.069],[128.627,42.021],[128.308,42.026],[128.045,41.988],[128.182,41.7],[128.2,41.433],[127.919,41.461],[127.572,41.455],[127.271,41.52],[127.061,41.687],[126.788,41.718],[126.54,41.496],[126.329,41.226],[126.093,41.024],[125.875,40.892],[125.645,40.779],[125.417,40.66],[125.073,40.547],[124.772,40.384],[124.481,40.182],[124.362,40.004]]}},{"type":"Feature","properties":{"id":1746707267,"featurecla":"International boundary (verify)"},"geometry":{"type":"LineString","coordinates":[[130.527,42.535],[130.687,42.303]]}},{"type":"Feature","properties":{"id":1746707275,"featurecla":"International boundary (verify)"},"geometry":{"type":"LineString","coordinates":[[70.958,40.239],[70.653,40.201],[70.398,40.361],[70.549,40.563],[70.751,40.722],[70.578,40.911],[70.319,40.919],[70.006,40.771],[69.713,40.657],[69.414,40.797],[69.26,40.588],[69.304,40.327],[68.952,40.223],[68.653,40.183],[68.927,40.136],[68.852,39.891],[68.61,39.743],[68.463,39.537],[68.077,39.564],[67.719,39.621],[67.46,39.482],[67.35,39.242],[67.616,39.15],[67.876,38.983],[68.133,38.928],[68.048,38.669],[68.144,38.383],[68.35,38.211],[68.236,37.96],[68.011,37.721],[67.814,37.487],[67.759,37.172]]}},{"type":"Feature","properties":{"id":1746707317,"featurecla":"International boundary (verify)"},"geometry":{"type":"LineString","coordinates":[[35.893,35.917],[36.154,35.834],[36.348,36.004],[36.477,36.221],[36.547,36.506],[36.628,36.778],[36.942,36.758],[37.187,36.656],[37.524,36.678],[37.818,36.766],[38.192,36.902],[38.444,36.862],[38.689,36.715],[39.108,36.681],[39.501,36.702],[40.016,36.826],[40.45,37.009],[40.706,37.098],[40.959,37.109],[41.265,37.069],[41.516,37.089],[41.887,37.156],[42.168,37.289],[42.359,37.109]]}},{"type":"Feature","properties":{"id":1746707353,"featurecla":"International boundary (verify)"},"geometry":{"type":"LineString","coordinates":[[88.11,27.871],[87.683,27.821],[87.291,27.822],[87.02,27.929],[86.75,28.022],[86.485,27.94],[86.218,28.022],[85.954,27.928],[85.759,28.221],[85.411,28.276],[85.122,28.316],[85.16,28.572],[84.855,28.554],[84.465,28.753],[84.229,28.912],[84.128,29.156],[83.79,29.227],[83.457,29.306],[83.235,29.555],[82.854,29.683],[82.641,29.831],[82.221,30.064],[82.043,30.327],[81.642,30.388],[81.255,30.093],[81.01,30.165]]}},{"type":"Feature","properties":{"id":1746707371,"featurecla":"International boundary (verify)"},"geometry":{"type":"LineString","coordinates":[[97.323,28.218],[97.335,27.938],[97.05,27.76],[96.884,27.515],[97.104,27.163],[96.798,27.296],[96.274,27.278],[95.971,27.128],[95.738,26.95],[95.464,26.756],[95.201,26.641],[95.051,26.347],[95.108,26.091],[94.992,25.77],[94.786,25.519],[94.58,25.32],[94.704,25.098],[94.584,24.767],[94.399,24.514],[94.22,24.113],[94.128,23.876],[93.855,23.944],[93.564,23.986],[93.326,24.064],[93.373,23.774],[93.391,23.339],[93.349,23.085],[93.163,22.908],[93.088,22.633],[93.162,22.36],[93.022,22.146],[92.771,22.105],[92.575,21.978]]}},{"type":"Feature","properties":{"id":1746707381,"featurecla":"International boundary (verify)"},"geometry":{"type":"LineString","coordinates":[[100.122,20.317],[99.89,20.424],[99.639,20.32],[99.452,20.118],[99.197,20.115],[98.987,19.861],[98.494,19.701],[98.239,19.691],[97.991,19.654],[97.817,19.46],[97.804,19.13],[97.754,18.621],[97.515,18.498],[97.622,18.258],[97.74,17.935],[97.793,17.681],[98.063,17.373],[98.257,17.148],[98.439,16.976],[98.523,16.638],[98.661,16.33],[98.592,16.051],[98.558,15.769],[98.565,15.404],[98.329,15.279],[98.202,14.976],[98.332,14.696],[98.495,14.473],[98.721,14.236],[98.934,14.05],[99.086,13.823],[99.156,13.576],[99.176,13.233],[99.174,12.961],[99.297,12.653],[99.416,12.395],[99.523,12.09],[99.615,11.781],[99.443,11.554],[99.19,11.105],[98.887,10.788],[98.775,10.557],[98.718,10.266],[98.703,10.19]]}},{"type":"Feature","properties":{"id":1746707407,"featurecla":"International boundary (verify)"},"geometry":{"type":"LineString","coordinates":[[103.091,18.138],[103.091,18.138]]}},{"type":"Feature","properties":{"id":1746707407,"featurecla":"International boundary (verify)"},"geometry":{"type":"LineString","coordinates":[[103.091,18.138],[103.28,18.305],[103.63,18.383],[103.899,18.295],[104.196,17.988],[104.428,17.699],[104.656,17.547],[104.816,17.3],[104.744,16.884],[104.819,16.466],[105.026,16.238],[105.331,16.038],[105.462,15.78],[105.639,15.586],[105.513,15.361],[105.533,15.042],[105.5,14.661],[105.342,14.417],[105.183,14.346]]}},{"type":"Feature","properties":{"id":1746707407,"featurecla":"International boundary (verify)"},"geometry":{"type":"LineString","coordinates":[[100.122,20.317],[100.373,20.34],[100.54,20.132],[100.466,19.889],[100.514,19.553],[100.807,19.542],[101.155,19.579],[101.198,19.328],[101.28,19.089],[101.221,18.793],[101.106,18.534],[101.149,18.222],[100.999,17.797],[100.956,17.541],[101.3,17.625],[101.555,17.812],[101.775,18.033],[102.035,18.17],[102.352,18.046],[102.598,17.927],[102.899,17.977],[103.091,18.138]]}},{"type":"Feature","properties":{"id":1746707399,"featurecla":"International boundary (verify)"},"geometry":{"type":"LineString","coordinates":[[101.139,21.567],[100.928,21.366],[100.703,21.251],[100.567,21.038],[100.407,20.823],[100.184,20.589],[100.122,20.317]]}},{"type":"Feature","properties":{"id":1746707389,"featurecla":"International boundary (verify)"},"geometry":{"type":"LineString","coordinates":[[97.323,28.218],[97.478,28.426],[97.73,28.407],[98.022,28.212],[98.13,27.968],[98.241,27.663],[98.505,27.648],[98.677,27.422],[98.716,27.045],[98.739,26.786],[98.709,26.43],[98.663,26.139],[98.656,25.864],[98.402,25.678],[98.143,25.571],[98.011,25.293],[97.767,25.158],[97.738,24.87],[97.529,24.631],[97.667,24.38],[97.691,24.131],[97.565,23.911],[97.838,23.986],[98.213,24.111],[98.499,24.116],[98.764,24.116],[98.681,23.842],[98.832,23.624],[98.886,23.307],[99.22,23.103],[99.465,23.046],[99.338,22.689],[99.243,22.37],[99.233,22.11],[99.593,22.089],[99.918,22.028],[99.941,21.759],[100.117,21.511],[100.446,21.484],[100.835,21.655],[101.08,21.756],[101.139,21.567]]}},{"type":"Feature","properties":{"id":1746707417,"featurecla":"International boundary (verify)"},"geometry":{"type":"LineString","coordinates":[[102.127,22.379],[102.301,22.178],[102.487,21.958],[102.641,21.711],[102.918,21.713],[102.887,21.44],[103.104,20.892],[103.464,20.78],[103.714,20.717],[104.052,20.941],[104.35,20.821],[104.583,20.647],[104.368,20.441],[104.619,20.374],[104.848,20.202],[104.846,19.947],[104.588,19.619],[104.26,19.686],[104.063,19.483],[103.918,19.269],[104.446,18.984],[104.717,18.803],[104.993,18.728],[105.087,18.496],[105.273,18.235],[105.519,18.077],[105.627,17.834],[105.903,17.529],[106.27,17.217],[106.426,17.003],[106.546,16.651],[106.74,16.453],[107.002,16.312],[107.217,16.136],[107.392,15.952],[107.166,15.802],[107.339,15.56],[107.564,15.392],[107.59,15.118],[107.524,14.872],[107.519,14.705]]}},{"type":"Feature","properties":{"id":1746707461,"featurecla":"International boundary (verify)"},"geometry":{"type":"LineString","coordinates":[[27.403,5.109],[27.115,5.198],[26.87,5.076],[26.174,5.171],[25.82,5.254],[25.525,5.312],[25.283,5.063],[24.978,4.983],[24.437,5.01],[23.992,4.866],[23.682,4.771],[23.417,4.663],[23.116,4.737],[22.865,4.724],[22.617,4.446],[22.506,4.208],[21.908,4.254],[21.538,4.245],[21.268,4.323],[20.956,4.413],[20.647,4.436],[20.394,4.686],[20.002,4.945],[19.686,5.121],[19.323,5.071],[19.069,4.891],[18.832,4.523],[18.594,4.346],[18.634,3.954],[18.597,3.679],[18.61,3.478]]}},{"type":"Feature","properties":{"id":1746707487,"featurecla":"International boundary (verify)"},"geometry":{"type":"LineString","coordinates":[[30.554,-2.4],[30.424,-2.642],[30.456,-2.893],[30.709,-2.977],[30.79,-3.275],[30.53,-3.492],[30.379,-3.731],[30.187,-3.993],[29.947,-4.307],[29.718,-4.456],[29.403,-4.449]]}},{"type":"Feature","properties":{"id":1746707497,"featurecla":"International boundary (verify)"},"geometry":{"type":"LineString","coordinates":[[29.014,-2.72],[29.153,-2.955],[29.212,-3.281],[29.217,-3.685],[29.331,-4.095],[29.403,-4.449]]}},{"type":"Feature","properties":{"id":1746707505,"featurecla":"International boundary (verify)"},"geometry":{"type":"LineString","coordinates":[[29.577,-1.388],[29.352,-1.518],[29.197,-1.72],[29.141,-1.985],[29.106,-2.233],[28.876,-2.4],[28.922,-2.682],[29.014,-2.72]]}},{"type":"Feature","properties":{"id":1746707521,"featurecla":"International boundary (verify)"},"geometry":{"type":"LineString","coordinates":[[35.268,5.492],[35.082,5.673],[34.959,6.045],[34.838,6.3],[34.749,6.568],[34.563,6.78],[34.279,7.003],[34.064,7.226],[33.902,7.51],[33.666,7.671],[33.392,7.724],[33.081,7.824],[33.165,8.251],[33.409,8.448],[33.785,8.431],[34.073,8.545],[34.091,9.041],[34.077,9.421],[34.078,9.461]]}},{"type":"Feature","properties":{"id":1746707529,"featurecla":"International boundary (verify)"},"geometry":{"type":"LineString","coordinates":[[22.86,10.92],[22.494,10.996],[22.236,10.894],[21.965,10.737],[21.731,10.609],[21.683,10.29],[21.396,10.001],[21.009,9.713],[20.773,9.406],[20.342,9.127],[20.073,9.133],[19.668,9.021],[19.4,9.012],[19.146,9.016],[18.888,8.89],[19.109,8.656],[18.906,8.405],[18.666,8.198],[18.455,8.032],[17.94,7.985],[17.649,7.984],[17.402,7.885],[17.118,7.702],[16.818,7.557],[16.589,7.743],[16.191,7.623],[15.958,7.508],[15.701,7.488],[15.48,7.524]]}},{"type":"Feature","properties":{"id":1746707539,"featurecla":"International boundary (verify)"},"geometry":{"type":"LineString","coordinates":[[13.294,2.162],[12.868,2.247],[12.601,2.265],[12.153,2.284],[11.559,2.302],[11.329,2.167]]}},{"type":"Feature","properties":{"id":1746707543,"featurecla":"International boundary (verify)"},"geometry":{"type":"LineString","coordinates":[[11.13,-3.916],[11.288,-3.641],[11.537,-3.525],[11.733,-3.695],[11.865,-3.479],[11.784,-3.229],[11.711,-2.937],[11.595,-2.671],[11.575,-2.397],[11.892,-2.351],[12.446,-2.33],[12.463,-2.075],[12.59,-1.827],[12.864,-2.063],[12.992,-2.313],[13.357,-2.405],[13.619,-2.279],[13.878,-2.33],[14.13,-2.418],[14.24,-2.077],[14.423,-1.712],[14.456,-1.413],[14.424,-1.104],[14.445,-0.799],[14.425,-0.519],[14.148,-0.362],[13.898,-0.243],[13.891,0.075],[13.95,0.354],[14.231,0.551],[14.391,0.756],[14.334,1.09],[14.24,1.323],[13.851,1.419],[13.523,1.315],[13.274,1.241],[13.185,1.535],[13.172,1.789],[13.289,2.092],[13.294,2.162]]}},{"type":"Feature","properties":{"id":1746707551,"featurecla":"International boundary (verify)"},"geometry":{"type":"LineString","coordinates":[[15.48,7.524],[15.55,7.788],[15.349,8.084],[15.252,8.322],[15.116,8.557],[14.861,8.799],[14.536,9.025],[14.332,9.204],[14.178,9.406],[14.005,9.589],[14.14,9.902],[14.377,9.985],[14.836,9.942],[15.133,9.983],[15.541,9.96],[15.4,10.217],[15.201,10.485],[15.069,10.851],[15.03,11.114],[15.055,11.369],[15.078,11.643],[15.06,11.907],[14.881,12.269],[14.761,12.656],[14.545,12.82],[14.245,13.077],[14.064,13.079]]}},{"type":"Feature","properties":{"id":1746707559,"featurecla":"International boundary (verify)"},"geometry":{"type":"LineString","coordinates":[[14.064,13.079],[14.16,12.613],[14.273,12.357],[14.519,12.298],[14.618,11.987],[14.562,11.729],[14.496,11.446],[14.202,11.268],[13.892,11.14],[13.7,10.873],[13.535,10.605],[13.415,10.171],[13.25,9.96],[13.221,9.645],[13.019,9.488],[12.856,9.171],[12.807,8.887],[12.652,8.668],[12.404,8.596],[12.233,8.282],[12.156,7.942],[12.025,7.728],[11.852,7.401],[11.855,7.138],[11.658,6.952],[11.552,6.697],[11.325,6.485],[11.033,6.698],[10.847,6.882],[10.606,7.063],[10.413,6.878],[10.168,6.959],[9.874,6.803],[9.66,6.532],[9.442,6.373],[9.239,6.186],[9.06,6.009],[8.935,5.781],[8.859,5.464],[8.801,5.197],[8.641,4.927],[8.556,4.755]]}},{"type":"Feature","properties":{"id":1746707565,"featurecla":"International boundary (verify)"},"geometry":{"type":"LineString","coordinates":[[3.595,11.696],[3.641,11.97],[3.644,12.405],[3.769,12.622],[4.039,12.935],[4.148,13.458],[4.421,13.648],[4.665,13.733],[4.922,13.749],[5.242,13.757],[5.492,13.873],[5.838,13.765],[6.184,13.664],[6.514,13.485],[6.804,13.108],[7.057,13],[7.358,13.107],[7.789,13.338],[8.095,13.291],[8.456,13.06],[8.751,12.908],[9.202,12.821],[9.616,12.811],[9.929,13.135],[10.185,13.27],[10.476,13.33],[10.959,13.372],[11.412,13.354],[11.693,13.298],[11.99,13.192],[12.319,13.074],[12.655,13.327],[13.048,13.535],[13.324,13.671],[13.606,13.705]]}},{"type":"Feature","properties":{"id":1746707581,"featurecla":"International boundary (verify)"},"geometry":{"type":"LineString","coordinates":[[1.187,6.089],[1.002,6.269],[0.737,6.453],[0.596,6.742],[0.579,7.004],[0.635,7.354],[0.605,7.728],[0.584,8.146],[0.616,8.48],[0.415,8.653],[0.493,8.895],[0.497,9.221],[0.448,9.48],[0.27,9.668],[0.352,9.925],[0.363,10.236],[0.148,10.455],[-0.058,10.631],[-0.014,10.891],[-0.069,11.116]]}},{"type":"Feature","properties":{"id":1746707591,"featurecla":"International boundary (verify)"},"geometry":{"type":"LineString","coordinates":[[-2.696,9.481],[-2.689,9.219],[-2.649,8.957],[-2.557,8.493],[-2.506,8.209],[-2.79,7.932],[-2.896,7.685],[-2.982,7.264],[-3.169,6.941],[-3.224,6.691],[-3.201,6.348],[-3.106,6.086],[-3.025,5.798],[-2.821,5.619],[-2.762,5.357],[-2.948,5.119],[-3.114,5.089]]}},{"type":"Feature","properties":{"id":1746707601,"featurecla":"International boundary (verify)"},"geometry":{"type":"LineString","coordinates":[[-5.524,10.426],[-5.457,10.771],[-5.49,11.042],[-5.3,11.206],[-5.229,11.522],[-5.288,11.828],[-4.969,11.993],[-4.699,12.076],[-4.48,12.282],[-4.422,12.582],[-4.227,12.794],[-4.31,13.052],[-4.151,13.306],[-3.853,13.374],[-3.576,13.194],[-3.302,13.281],[-3.27,13.577],[-2.997,13.637],[-2.874,13.951],[-2.587,14.228],[-2.113,14.168],[-1.973,14.457],[-1.695,14.508],[-1.205,14.762],[-0.908,14.937],[-0.666,15.07],[-0.405,15.013],[0.007,14.985],[0.217,14.911]]}},{"type":"Feature","properties":{"id":1746707597,"featurecla":"International boundary (verify)"},"geometry":{"type":"LineString","coordinates":[[-2.696,9.481],[-2.948,9.611],[-3.161,9.849],[-3.581,9.924],[-3.878,9.895],[-4.181,9.782],[-4.406,9.648],[-4.722,9.757],[-4.97,9.93],[-5.1,10.242],[-5.382,10.314],[-5.524,10.426]]}},{"type":"Feature","properties":{"id":1746707609,"featurecla":"International boundary (verify)"},"geometry":{"type":"LineString","coordinates":[[-8.486,7.559],[-8.297,7.074],[-8.333,6.802],[-8.604,6.508],[-8.345,6.351],[-8.069,6.298],[-7.856,6.15],[-7.73,5.919],[-7.483,5.846],[-7.4,5.551],[-7.485,5.236],[-7.585,4.917],[-7.575,4.572],[-7.545,4.351]]}},{"type":"Feature","properties":{"id":1746707617,"featurecla":"International boundary (verify)"},"geometry":{"type":"LineString","coordinates":[[-8.486,7.559],[-8.74,7.496],[-8.89,7.263],[-9.173,7.278],[-9.435,7.398],[-9.369,7.64],[-9.446,7.909],[-9.484,8.157],[-9.61,8.402],[-10.064,8.43],[-10.283,8.485]]}},{"type":"Feature","properties":{"id":1746707621,"featurecla":"International boundary (verify)"},"geometry":{"type":"LineString","coordinates":[[-5.524,10.426],[-5.844,10.39],[-6.035,10.195],[-6.191,10.4],[-6.25,10.718],[-6.483,10.561],[-6.669,10.392],[-6.95,10.342],[-7.182,10.226],[-7.415,10.341],[-7.661,10.427],[-7.884,10.186],[-7.991,10.163]]}},{"type":"Feature","properties":{"id":1746707631,"featurecla":"International boundary (verify)"},"geometry":{"type":"LineString","coordinates":[[-15.043,10.94],[-14.779,11.406],[-14.452,11.556],[-14.122,11.652],[-13.733,11.736],[-13.738,12.01],[-13.949,12.178],[-13.708,12.313],[-13.733,12.593],[-13.729,12.674]]}},{"type":"Feature","properties":{"id":1746707637,"featurecla":"International boundary (verify)"},"geometry":{"type":"LineString","coordinates":[[-11.389,12.404],[-11.492,12.167],[-11.261,12.004],[-11.066,12.171],[-10.806,12.034],[-10.466,12.139],[-10.167,12.177],[-9.821,12.042],[-9.588,12.182],[-9.34,12.283],[-9.12,12.45],[-8.951,12.226],[-8.818,11.923],[-8.78,11.648],[-8.569,11.478],[-8.567,11.177],[-8.337,10.991],[-8.302,10.618],[-8.007,10.322],[-7.991,10.163]]}},{"type":"Feature","properties":{"id":1746707641,"featurecla":"International boundary (verify)"},"geometry":{"type":"LineString","coordinates":[[107.519,14.705],[107.293,14.592],[107.109,14.417],[106.82,14.315],[106.599,14.479],[106.268,14.466],[106.008,14.357],[106.125,14.049],[105.904,13.925],[105.532,14.156],[105.246,14.201],[105.183,14.346]]}},{"type":"Feature","properties":{"id":1746707659,"featurecla":"International boundary (verify)"},"geometry":{"type":"LineString","coordinates":[[114.06,4.596],[114.261,4.414],[114.447,4.204],[114.654,4.038],[114.81,4.267],[114.779,4.553],[114.865,4.802],[115.027,4.9]]}},{"type":"Feature","properties":{"id":1746707729,"featurecla":"International boundary (verify)"},"geometry":{"type":"LineString","coordinates":[[-88.228,15.729],[-88.533,15.481],[-88.83,15.251],[-89.143,15.072],[-89.192,14.789],[-89.287,14.53],[-89.363,14.416]]}},{"type":"Feature","properties":{"id":1746707739,"featurecla":"International boundary (verify)"},"geometry":{"type":"LineString","coordinates":[[-77.374,8.658],[-77.386,8.352],[-77.212,8.034],[-77.363,7.749],[-77.538,7.566],[-77.747,7.712],[-77.828,7.443],[-77.901,7.229]]}},{"type":"Feature","properties":{"id":1746707779,"featurecla":"International boundary (verify)"},"geometry":{"type":"LineString","coordinates":[[-60.742,5.202],[-60.604,4.949],[-60.833,4.729],[-61.003,4.535],[-61.28,4.517],[-61.554,4.288],[-61.821,4.197],[-62.082,4.126],[-62.411,4.157],[-62.665,4.04],[-62.765,3.673],[-63.045,3.686],[-63.295,3.922],[-63.597,3.915],[-63.915,3.931],[-64.154,4.1],[-64.526,4.14],[-64.789,4.276],[-64.669,4.012],[-64.275,3.663],[-64.229,3.344],[-64.144,3.005],[-64.009,2.672],[-63.713,2.434],[-63.389,2.412],[-63.433,2.156],[-63.682,2.048],[-63.937,1.967],[-64.115,1.619],[-64.304,1.455],[-64.584,1.37],[-64.818,1.257],[-65.104,1.108],[-65.361,0.869],[-65.556,0.688],[-65.645,0.97],[-65.926,0.863],[-66.191,0.763],[-66.619,0.992],[-66.876,1.223]]}},{"type":"Feature","properties":{"id":1746707849,"featurecla":"International boundary (verify)"},"geometry":{"type":"LineString","coordinates":[[52.494,41.78],[52.697,41.944],[53.013,42.131],[53.501,42.258],[53.926,42.33],[54.215,42.304],[54.473,42.18],[54.854,41.965],[55.102,41.639],[55.32,41.408],[55.545,41.263],[55.839,41.311],[55.977,41.322]]}},{"type":"Feature","properties":{"id":1746707863,"featurecla":"International boundary (verify)"},"geometry":{"type":"LineString","coordinates":[[55.977,41.322],[56.242,41.311],[56.774,41.288],[57.064,41.307],[56.985,41.669],[57.034,41.915],[57.229,42.084],[57.686,42.165],[57.923,42.335],[58.166,42.462],[58.377,42.312],[58.204,42.576],[58.477,42.663],[58.73,42.676],[59.036,42.528],[59.277,42.356],[59.763,42.302],[60.006,42.191],[60.107,41.907],[60.124,41.645],[60.2,41.349],[60.455,41.222],[60.755,41.246],[61.12,41.211],[61.387,41.252],[61.645,41.24],[61.903,41.094],[62.095,40.683],[62.298,40.468],[62.442,40.036],[62.651,39.858],[62.907,39.717],[63.292,39.5],[63.721,39.188],[63.953,39.058],[64.31,38.977],[64.532,38.816],[64.821,38.672],[65.077,38.539],[65.4,38.349],[65.671,38.226],[65.971,38.244],[66.264,38.118],[66.575,38.011],[66.511,37.599],[66.522,37.348]]}},{"type":"Feature","properties":{"id":1746707893,"featurecla":"International boundary (verify)"},"geometry":{"type":"LineString","coordinates":[[49.232,46.337],[48.959,46.442],[48.61,46.566],[48.884,46.705],[48.832,46.955],[48.601,47.262],[48.413,47.456],[48.167,47.709],[47.6,47.79],[47.292,47.741],[47.093,47.948],[47.065,48.232],[46.661,48.412],[46.703,48.806],[46.962,49.038],[46.853,49.304],[46.89,49.697],[47.13,49.939],[47.298,50.14],[47.429,50.358],[47.706,50.378],[48.061,50.094],[48.335,49.858],[48.6,49.875],[48.843,50.013],[48.701,50.354],[48.625,50.613],[48.914,50.645],[49.323,50.852],[49.498,51.084],[49.822,51.132],[50.105,51.255],[50.354,51.37],[50.644,51.589],[50.882,51.719],[51.163,51.647],[51.396,51.471],[51.775,51.554],[52.007,51.673],[52.331,51.681],[52.571,51.482],[52.903,51.467],[53.227,51.485],[53.535,51.4],[53.776,51.214],[54.041,51.115],[54.298,50.914],[54.443,50.674],[54.606,50.88],[54.868,50.941],[55.195,50.745],[55.542,50.602],[55.798,50.602],[56.05,50.714],[56.326,50.936],[56.567,51.005],[56.85,51.046],[57.179,51.036],[57.442,50.889],[57.717,50.981],[58.045,51.069],[58.359,51.064],[58.665,50.868],[58.884,50.694],[59.171,50.648],[59.452,50.62],[59.751,50.544],[59.955,50.799],[60.288,50.704],[60.638,50.664],[60.942,50.696],[61.227,50.775],[61.465,50.99],[61.585,51.23],[61.411,51.415],[61.015,51.492],[60.63,51.617],[60.388,51.773],[60.067,51.891],[60.425,52.126],[60.828,52.233],[60.821,52.57],[60.893,52.819],[61.207,52.989],[61.534,52.979],[61.889,52.956],[61.766,53.174],[61.437,53.239],[61.163,53.337],[61.401,53.456],[61.099,53.583],[61.113,53.882],[61.334,54.049],[61.598,53.995],[61.929,53.946],[62.499,54.013],[63.074,54.105],[63.414,54.183],[63.701,54.243],[64.004,54.267],[64.461,54.384],[64.809,54.369],[65.088,54.34],[65.316,54.552],[65.708,54.619],[65.955,54.66],[66.223,54.667],[66.555,54.715],[67.098,54.788],[67.485,54.854],[67.83,54.944],[68.156,54.977],[68.302,55.187],[68.713,55.309],[68.977,55.39],[69.247,55.373],[69.74,55.307],[69.982,55.199],[70.293,55.184],[70.738,55.305],[70.992,54.95],[71.126,54.715],[71.16,54.455],[71.093,54.212],[71.677,54.178],[72.004,54.206],[72.269,54.272],[72.404,53.964],[72.622,54.134],[72.914,54.107],[73.23,53.958],[73.506,53.999],[73.306,53.707],[73.372,53.454],[73.643,53.576],[74.069,53.611],[74.352,53.488],[74.681,53.754],[74.989,53.819],[75.377,53.97],[75.657,54.106],[76.141,54.259],[76.496,54.336],[76.759,54.437],[76.703,54.182],[76.422,54.152],[76.576,53.943],[76.821,53.823],[77.132,53.67],[77.469,53.499],[77.704,53.379],[78.034,53.095],[78.475,52.638],[78.721,52.357],[78.992,52.047],[79.469,51.493],[79.716,51.16],[79.986,50.775],[80.22,50.912],[80.434,51.093],[80.65,51.277],[80.934,51.243],[81.078,51.015],[81.388,50.956],[81.634,50.739],[81.934,50.766],[82.212,50.719],[82.494,50.728],[82.718,50.87],[83.019,50.897],[83.274,50.995],[83.581,50.936],[83.86,50.818],[84.099,50.605],[84.258,50.288],[84.499,50.219],[84.839,50.091],[85.001,49.894],[85.21,49.665],[85.498,49.605],[85.88,49.557],[86.181,49.499],[86.418,49.638],[86.676,49.777],[86.812,49.488],[87.001,49.287],[87.297,49.148],[87.323,49.086]]}},{"type":"Feature","properties":{"id":1746708025,"featurecla":"International boundary (verify)"},"geometry":{"type":"LineString","coordinates":[[33.976,4.22],[34.177,4.419],[34.38,4.621]]}},{"type":"Feature","properties":{"id":1746708035,"featurecla":"International boundary (verify)"},"geometry":{"type":"LineString","coordinates":[[41.884,3.978],[41.482,3.963],[41.221,3.944],[40.873,4.19],[40.529,4.178],[40.014,3.948],[39.79,3.754],[39.539,3.469],[39.225,3.479],[38.968,3.521],[38.608,3.6],[38.225,3.619],[37.945,3.747],[37.575,3.986],[37.155,4.255],[36.906,4.411],[36.553,4.437],[36.272,4.445],[36.022,4.468],[35.92,4.62]]}},{"type":"Feature","properties":{"id":1746708171,"featurecla":"International boundary (verify)"},"geometry":{"type":"LineString","coordinates":[[23.381,-17.641],[23.068,-17.699],[22.624,-17.782],[22.324,-17.838],[21.961,-17.905],[21.417,-18.001],[21.113,-17.956],[20.746,-18.02],[20.393,-17.887],[19.912,-17.881],[19.639,-17.869],[19.377,-17.825],[19.076,-17.818],[18.826,-17.766],[18.588,-17.57],[18.396,-17.399],[18.109,-17.396],[17.835,-17.393],[17.296,-17.392],[16.914,-17.391],[16.531,-17.391],[16.148,-17.39],[15.766,-17.39],[15.383,-17.389],[15.001,-17.389],[14.618,-17.388],[14.226,-17.398],[13.938,-17.389],[13.694,-17.234],[13.476,-17.04],[13.179,-16.972],[12.859,-17.063],[12.548,-17.213],[12.213,-17.21],[11.903,-17.227],[11.743,-17.249]]}},{"type":"Feature","properties":{"id":1746707453,"featurecla":"International boundary (verify)"},"geometry":{"type":"LineString","coordinates":[[25.259,-17.794],[25.557,-17.85],[25.863,-17.952],[26.14,-17.912],[26.578,-18.023],[27.021,-17.958],[27.236,-17.728],[27.438,-17.512],[27.637,-17.262],[27.932,-16.896],[28.164,-16.77],[28.4,-16.663],[28.761,-16.532],[28.857,-16.142],[29.051,-15.901],[29.288,-15.777],[29.73,-15.645],[29.995,-15.644],[30.251,-15.643],[30.396,-15.643]]}},{"type":"Feature","properties":{"id":1746708177,"featurecla":"International boundary (verify)"},"geometry":{"type":"LineString","coordinates":[[23.381,-17.641],[23.799,-17.56],[24.227,-17.49],[24.733,-17.518],[25.002,-17.569],[25.259,-17.794]]}},{"type":"Feature","properties":{"id":1746708185,"featurecla":"International boundary (verify)"},"geometry":{"type":"LineString","coordinates":[[31.288,-22.402],[31.572,-22.153],[31.886,-21.832],[32.195,-21.515],[32.371,-21.335],[32.476,-20.95],[32.492,-20.66],[32.781,-20.362],[32.993,-19.985],[32.89,-19.668],[32.778,-19.389],[32.85,-19.104],[32.699,-18.868],[32.9,-18.689],[32.993,-18.36],[32.956,-18.083],[32.955,-17.765],[32.981,-17.438],[32.884,-17.038],[32.938,-16.776],[32.636,-16.589],[32.243,-16.449],[31.94,-16.429],[31.688,-16.214],[31.426,-16.152],[30.939,-16.012],[30.63,-15.999],[30.398,-15.801],[30.396,-15.643]]}},{"type":"Feature","properties":{"id":1746708191,"featurecla":"International boundary (verify)"},"geometry":{"type":"LineString","coordinates":[[12.276,-6.003],[12.539,-6.021],[12.878,-5.914],[13.184,-5.856],[13.649,-5.862],[13.979,-5.857],[14.399,-5.893],[14.658,-5.889],[15.089,-5.874],[15.425,-5.869],[15.727,-5.864],[16.06,-5.865],[16.315,-5.866],[16.585,-6.025],[16.718,-6.241],[16.743,-6.618],[16.919,-6.934],[16.985,-7.257],[17.155,-7.461],[17.411,-7.882],[17.58,-8.099],[17.913,-8.068],[18.191,-8.024],[18.485,-7.969],[18.898,-7.998],[19.341,-7.967],[19.37,-7.707],[19.48,-7.472],[19.528,-7.144],[19.875,-6.986],[20.19,-6.946],[20.482,-6.916],[20.536,-7.183],[20.911,-7.281],[21.19,-7.285],[21.511,-7.297],[21.782,-7.315],[21.834,-7.602],[21.78,-7.865],[21.896,-8.341],[21.905,-8.693],[21.829,-9.168],[21.813,-9.469],[21.949,-9.726],[22.198,-10.041],[22.302,-10.397],[22.307,-10.691],[22.217,-11.013],[22.486,-11.087],[22.815,-11.08],[23.076,-11.088],[23.4,-10.976],[23.696,-11.008],[23.929,-10.891],[23.966,-10.872]]}},{"type":"Feature","properties":{"id":1746708211,"featurecla":"International boundary (verify)"},"geometry":{"type":"LineString","coordinates":[[-16.562,13.587],[-16.309,13.597],[-16.002,13.593],[-15.667,13.588],[-15.427,13.727],[-15.108,13.812],[-14.766,13.669],[-14.507,13.56],[-14.199,13.519],[-13.853,13.479],[-14.247,13.236],[-14.672,13.352],[-14.95,13.473],[-15.212,13.485],[-15.482,13.376],[-15.752,13.338],[-16.033,13.158],[-16.431,13.157],[-16.705,13.12],[-16.763,13.064]]}},{"type":"Feature","properties":{"id":1746708229,"featurecla":"International boundary (verify)"},"geometry":{"type":"LineString","coordinates":[[0.217,14.911],[0.185,14.653],[0.251,14.396],[0.355,14.139],[0.522,13.84],[0.748,13.675],[0.978,13.552],[1.201,13.358],[0.973,13.17],[1.309,12.834],[1.565,12.635],[1.841,12.628],[2.105,12.701],[2.226,12.466],[2.194,12.136],[2.389,11.897]]}},{"type":"Feature","properties":{"id":1746708235,"featurecla":"International boundary (verify)"},"geometry":{"type":"LineString","coordinates":[[18.61,3.478],[18.318,3.581],[18.011,3.551],[17.538,3.662],[17.225,3.598],[16.764,3.536],[16.543,3.37],[16.48,3.101],[16.469,2.832],[16.32,2.543],[16.183,2.27]]}},{"type":"Feature","properties":{"id":1746708247,"featurecla":"International boundary (verify)"},"geometry":{"type":"LineString","coordinates":[[16.183,2.262],[16.07,2.022],[16.136,1.724],[15.882,1.817],[15.6,1.95],[15.339,1.945],[15.058,2.001],[14.763,2.075],[14.484,2.155],[14.034,2.159],[13.773,2.157],[13.294,2.162]]}},{"type":"Feature","properties":{"id":1746708253,"featurecla":"International boundary (verify)"},"geometry":{"type":"LineString","coordinates":[[15.48,7.524],[15.246,7.264],[15.086,6.91],[14.862,6.556],[14.764,6.316],[14.512,6.162],[14.543,5.914],[14.617,5.496],[14.602,5.229],[14.709,4.666],[14.894,4.472],[15.064,4.285],[15.136,4.037],[15.24,3.702],[15.458,3.457],[15.677,3.23],[15.905,3.096],[16.082,2.839],[16.107,2.473],[16.183,2.262]]}},{"type":"Feature","properties":{"id":1746708263,"featurecla":"International boundary (verify)"},"geometry":{"type":"LineString","coordinates":[[33.976,4.22],[33.742,3.985],[33.54,3.787],[33.154,3.775],[32.838,3.798],[32.535,3.75],[32.246,3.651],[31.942,3.608],[31.629,3.701],[31.357,3.738],[31.048,3.725],[30.868,3.544],[30.839,3.491]]}},{"type":"Feature","properties":{"id":1746708267,"featurecla":"International boundary (verify)"},"geometry":{"type":"LineString","coordinates":[[13.073,-4.635],[12.83,-4.737],[12.596,-4.978],[12.519,-5.425],[12.504,-5.696],[12.255,-5.746],[12.214,-5.759]]}},{"type":"Feature","properties":{"id":1746708277,"featurecla":"International boundary (verify)"},"geometry":{"type":"LineString","coordinates":[[31.948,-25.958],[31.985,-25.632],[31.979,-25.359],[31.986,-25.074],[31.983,-24.638],[31.967,-24.376],[31.858,-24.04],[31.724,-23.795],[31.604,-23.553],[31.532,-23.279],[31.467,-23.017],[31.348,-22.618],[31.288,-22.402]]}},{"type":"Feature","properties":{"id":1746708285,"featurecla":"International boundary (verify)"},"geometry":{"type":"LineString","coordinates":[[33.202,-14.013],[32.875,-14.122],[32.553,-14.23],[32.273,-14.323],[31.982,-14.414],[31.729,-14.496],[31.328,-14.638],[30.915,-14.753],[30.673,-14.819],[30.232,-14.99],[30.306,-15.289],[30.396,-15.643]]}},{"type":"Feature","properties":{"id":1746708323,"featurecla":"International boundary (verify)"},"geometry":{"type":"LineString","coordinates":[[34.959,-11.578],[34.66,-11.589],[34.554,-11.834],[34.376,-12.12],[34.412,-12.396],[34.483,-12.667],[34.521,-12.926],[34.546,-13.216],[34.662,-13.487],[34.907,-13.552],[35.247,-13.897],[35.489,-14.201],[35.69,-14.466],[35.847,-14.671],[35.84,-15.035],[35.83,-15.419],[35.82,-15.68],[35.791,-15.959],[35.599,-16.126],[35.322,-16.193],[35.185,-16.505],[35.281,-16.808],[35.29,-17.097],[35.044,-17.017],[34.933,-16.76],[34.759,-16.567],[34.528,-16.319],[34.403,-16.08],[34.246,-15.829],[34.415,-15.567],[34.541,-15.297],[34.558,-15.016],[34.524,-14.731],[34.375,-14.425],[34.102,-14.449],[33.761,-14.517],[33.505,-14.434],[33.244,-14.043],[33.202,-14.013]]}},{"type":"Feature","properties":{"id":1746708341,"featurecla":"International boundary (verify)"},"geometry":{"type":"LineString","coordinates":[[29.577,-1.388],[29.564,-1.121],[29.606,-0.783],[29.648,-0.535],[29.684,-0.114],[29.75,0.147],[29.885,0.419],[29.924,0.674],[30.183,0.973],[30.321,1.185],[30.943,1.683],[31.159,1.922],[31.274,2.146],[31.045,2.316],[30.729,2.455],[30.847,2.847],[30.779,3.163],[30.906,3.409],[30.839,3.491]]}},{"type":"Feature","properties":{"id":1746708349,"featurecla":"International boundary (verify)"},"geometry":{"type":"LineString","coordinates":[[36.524,14.257],[36.492,14.544],[36.448,14.94],[36.522,15.25],[36.679,15.726],[36.813,15.994],[36.914,16.296],[36.888,16.625],[36.976,16.867],[37.169,17.041],[37.453,17.109],[37.576,17.335],[37.803,17.466],[38.099,17.526],[38.347,17.684],[38.523,17.939],[38.609,18.005]]}},{"type":"Feature","properties":{"id":1746708355,"featurecla":"International boundary (verify)"},"geometry":{"type":"LineString","coordinates":[[42.378,12.466],[42.134,12.771],[41.86,13.026],[41.625,13.313],[41.363,13.5],[41.122,13.736],[40.939,13.983],[40.524,14.225],[40.221,14.431],[39.895,14.441],[39.605,14.516],[39.27,14.47],[39.074,14.628],[38.812,14.482],[38.504,14.424],[38.221,14.65],[37.943,14.811],[37.708,14.457],[37.571,14.149],[37.354,14.372],[37.099,14.334],[36.812,14.315],[36.542,14.258],[36.524,14.257]]}},{"type":"Feature","properties":{"id":1746708361,"featurecla":"International boundary (verify)"},"geometry":{"type":"LineString","coordinates":[[27.352,57.528],[27.515,57.764],[27.753,57.841],[27.571,58.138],[27.531,58.435],[27.427,58.733],[27.622,58.945],[27.849,59.193],[28.061,59.343],[28.013,59.484]]}},{"type":"Feature","properties":{"id":1746707723,"featurecla":"International boundary (verify)"},"geometry":{"type":"LineString","coordinates":[[-84.348,10.98],[-84.634,11.046],[-84.909,10.945],[-85.179,11.04],[-85.539,11.166],[-85.744,11.062]]}},{"type":"Feature","properties":{"id":1746707735,"featurecla":"International boundary (verify)"},"geometry":{"type":"LineString","coordinates":[[-82.879,8.071],[-83.023,8.316],[-82.843,8.564],[-82.812,8.857],[-82.943,9.249],[-82.86,9.511],[-82.587,9.539],[-82.564,9.577]]}},{"type":"Feature","properties":{"id":1746707831,"featurecla":"International boundary (verify)"},"geometry":{"type":"LineString","coordinates":[[-66.876,1.223],[-66.958,1.564],[-67.044,1.823],[-67.131,2.101],[-67.211,2.39],[-67.486,2.644],[-67.766,2.833],[-67.515,3.187],[-67.322,3.374],[-67.499,3.691],[-67.732,4.087],[-67.795,4.381],[-67.855,4.665],[-67.814,4.931],[-67.825,5.27],[-67.642,5.559],[-67.575,5.833],[-67.472,6.12],[-67.727,6.285],[-68.143,6.198],[-68.472,6.157],[-68.736,6.157],[-69.09,6.184],[-69.357,6.148],[-69.595,6.322],[-69.904,6.7],[-70.095,6.938],[-70.387,6.973],[-70.655,7.083],[-71.013,6.994],[-71.457,7.026],[-71.811,7.006],[-72.084,7.097],[-72.208,7.37],[-72.443,7.455],[-72.469,7.758],[-72.392,8.048],[-72.417,8.382],[-72.665,8.628],[-72.796,9.109],[-73.058,9.26],[-73.337,9.168],[-73.224,9.444],[-73.064,9.668],[-72.967,10.03],[-72.869,10.491],[-72.739,10.727],[-72.572,10.977],[-72.249,11.196],[-72.012,11.602],[-71.719,11.727],[-71.4,11.824],[-71.32,11.862]]}},{"type":"Feature","properties":{"id":1746708697,"featurecla":"International boundary (verify)"},"geometry":{"type":"LineString","coordinates":[[-68.443,-52.357],[-68.715,-52.256],[-69.206,-52.136],[-69.488,-52.136],[-69.96,-52.008],[-70.483,-52.002],[-70.943,-51.998],[-71.415,-51.994],[-71.717,-51.991],[-71.971,-51.964],[-72.137,-51.744],[-72.408,-51.541],[-72.303,-51.299],[-72.307,-51.033],[-72.34,-50.682],[-72.62,-50.648],[-72.956,-50.696],[-73.222,-50.611],[-73.312,-50.362],[-73.501,-50.125],[-73.47,-49.795],[-73.481,-49.765]]}},{"type":"Feature","properties":{"id":1746707825,"featurecla":"International boundary (verify)"},"geometry":{"type":"LineString","coordinates":[[-68.63,-52.653],[-68.632,-52.95],[-68.633,-53.242],[-68.635,-53.515],[-68.637,-53.789],[-68.638,-54.053],[-68.64,-54.324],[-68.648,-54.628],[-68.655,-54.92],[-68.26,-54.876],[-67.705,-54.908],[-67.352,-54.935],[-66.981,-54.992],[-66.661,-55.069],[-66.476,-55.114]]}},{"type":"Feature","properties":{"id":1746707837,"featurecla":"International boundary (verify)"},"geometry":{"type":"LineString","coordinates":[[22.766,54.357],[22.168,54.36],[21.634,54.376],[21.141,54.392],[20.665,54.407],[20.208,54.421],[19.924,54.434],[19.644,54.447],[19.604,54.459]]}},{"type":"Feature","properties":{"id":1746707935,"featurecla":"International boundary (verify)"},"geometry":{"type":"LineString","coordinates":[[48.442,28.543],[48.05,28.538],[47.671,28.533],[47.521,28.838],[47.139,29.026],[46.725,29.075],[46.531,29.096]]}},{"type":"Feature","properties":{"id":1746707327,"featurecla":"International boundary (verify)"},"geometry":{"type":"LineString","coordinates":[[44.765,37.142],[44.881,36.799],[45.029,36.598],[45.207,36.397],[45.351,36.055],[45.645,35.928],[45.941,35.835],[46.273,35.773],[46.037,35.673],[46.112,35.322],[46.042,35.08],[45.678,34.798],[45.561,34.575],[45.527,34.285],[45.446,34.044],[45.674,33.687],[45.895,33.546],[46.146,33.23],[46.093,32.976],[46.377,32.929],[46.789,32.688],[47.121,32.467],[47.371,32.424],[47.512,32.151],[47.715,31.936],[47.754,31.601],[47.679,31.142],[48.011,30.99],[48.013,30.656],[48.148,30.417],[48.383,30.23],[48.547,29.962]]}},{"type":"Feature","properties":{"id":1746707867,"featurecla":"International boundary (verify)"},"geometry":{"type":"LineString","coordinates":[[61.262,35.62],[61.206,35.944],[61.175,36.29],[61.17,36.572],[60.708,36.643],[60.341,36.638],[60.178,36.829],[59.949,37.042],[59.687,37.138],[59.455,37.253],[59.327,37.481],[58.937,37.65],[58.65,37.652],[58.387,37.635],[58.109,37.783],[57.711,37.905],[57.424,37.948],[57.26,38.18],[56.907,38.213],[56.544,38.25],[56.297,38.095],[55.841,38.095],[55.578,38.1],[55.225,37.981],[54.9,37.778],[54.745,37.502],[54.459,37.408],[54.192,37.332],[53.914,37.344]]}},{"type":"Feature","properties":{"id":1746707845,"featurecla":"International boundary (verify)"},"geometry":{"type":"LineString","coordinates":[[140.973,-2.6],[140.974,-3.007],[140.974,-3.413],[140.974,-3.82],[140.974,-4.226],[140.974,-4.633],[140.974,-5.04],[140.975,-5.446],[140.975,-5.853],[140.975,-6.259],[140.875,-6.611],[140.975,-6.905],[140.975,-7.276],[140.976,-7.682],[140.976,-8.089],[140.976,-8.496],[140.976,-8.902],[140.976,-9.119]]}},{"type":"Feature","properties":{"id":1746708225,"featurecla":"International boundary (verify)"},"geometry":{"type":"LineString","coordinates":[[9.519,30.229],[9.391,29.994],[9.546,29.796],[9.673,29.567],[9.805,29.177],[9.816,28.56],[9.858,28.043],[9.916,27.786],[9.748,27.331],[9.795,27.045],[9.883,26.631],[9.685,26.438],[9.438,26.246],[9.581,25.89],[9.781,25.624],[10.001,25.332],[10.028,25.051],[10.12,24.79],[10.326,24.53],[10.686,24.551],[11.108,24.434],[11.508,24.314],[11.767,23.893],[11.968,23.518]]}},{"type":"Feature","properties":{"id":1746708087,"featurecla":"International boundary (verify)"},"geometry":{"type":"LineString","coordinates":[[-13.729,12.674],[-14.065,12.675],[-14.349,12.676],[-14.708,12.678],[-14.961,12.679],[-15.378,12.589],[-15.84,12.438],[-16.144,12.457],[-16.416,12.368],[-16.712,12.355]]}},{"type":"Feature","properties":{"id":1746706223,"featurecla":"International boundary (verify)"},"geometry":{"type":"LineString","coordinates":[[-11.389,12.404],[-11.808,12.387],[-12.152,12.377],[-12.457,12.378],[-12.713,12.433],[-12.961,12.514],[-13.228,12.64],[-13.729,12.674]]}},{"type":"Feature","properties":{"id":1746708303,"featurecla":"International boundary (verify)"},"geometry":{"type":"LineString","coordinates":[[0.9,10.993],[0.643,10.983],[0.159,11.07],[-0.069,11.116]]}},{"type":"Feature","properties":{"id":1746708375,"featurecla":"International boundary (verify)"},"geometry":{"type":"LineString","coordinates":[[-139.057,60.002],[-139.079,60.279],[-139.468,60.334],[-139.831,60.253],[-140.197,60.237],[-140.453,60.3],[-140.763,60.259],[-141.002,60.592],[-141.002,60.885],[-141.002,61.177],[-141.002,61.469],[-141.002,61.761],[-141.002,62.053],[-141.002,62.346],[-141.002,62.638],[-141.002,62.93],[-141.002,63.222],[-141.002,63.514],[-141.002,63.807],[-141.002,64.099],[-141.002,64.391],[-141.002,64.683],[-141.002,64.976],[-141.002,65.268],[-141.002,65.56],[-141.002,65.852],[-141.002,66.144],[-141.002,66.437],[-141.002,66.729],[-141.002,67.021],[-141.002,67.313],[-141.002,67.605],[-141.002,67.898],[-141.002,68.19],[-141.002,68.482],[-141.002,68.774],[-141.002,69.066],[-141.002,69.359],[-141.002,69.651]]}},{"type":"Feature","properties":{"id":1746708375,"featurecla":"International boundary (verify)"},"geometry":{"type":"LineString","coordinates":[[-130.622,54.709],[-130.313,54.946],[-130.064,55.226],[-130.069,55.483],[-130.092,55.786],[-130.056,56.065],[-130.413,56.123],[-130.649,56.264],[-130.93,56.379],[-131.199,56.449],[-131.472,56.557],[-131.824,56.59],[-131.963,56.819],[-132.157,57.048],[-132.302,57.276],[-132.55,57.5],[-132.816,57.773],[-133.001,57.949],[-133.275,58.223],[-133.546,58.503],[-133.821,58.705],[-134.069,58.796],[-134.33,58.94],[-134.622,59.155],[-134.907,59.271],[-135.051,59.496],[-135.261,59.695],[-135.703,59.729],[-136.097,59.638],[-136.348,59.456],[-136.579,59.152],[-136.939,59.106],[-137.278,58.988],[-137.521,58.915],[-137.593,59.226],[-137.871,59.374],[-138.187,59.542],[-138.454,59.683],[-138.705,59.901],[-139.043,59.993],[-139.057,60.002]]}},{"type":"Feature","properties":{"id":1746708565,"featurecla":"International boundary (verify)"},"geometry":{"type":"LineString","coordinates":[[-123.314,48.993],[-123.049,48.993],[-122.789,48.993],[-122.686,48.993]]}},{"type":"Feature","properties":{"id":1746707701,"featurecla":"International boundary (verify)"},"geometry":{"type":"LineString","coordinates":[[-88.894,15.891],[-89.233,15.889],[-89.228,16.143],[-89.212,16.527],[-89.201,16.809],[-89.19,17.085],[-89.171,17.572],[-89.161,17.815]]}},{"type":"Feature","properties":{"id":1746707773,"featurecla":"International boundary (verify)"},"geometry":{"type":"LineString","coordinates":[[-75.284,-0.107],[-75.584,-0.123],[-75.425,-0.409],[-75.279,-0.654],[-75.25,-0.952],[-75.514,-1.316],[-75.642,-1.607],[-75.885,-1.893],[-76.09,-2.133],[-76.36,-2.331],[-76.679,-2.563],[-77.161,-2.738],[-77.507,-2.86],[-77.861,-2.982],[-78.068,-3.207],[-78.159,-3.465],[-78.398,-3.595],[-78.471,-3.843],[-78.603,-4.157],[-78.661,-4.425],[-78.862,-4.665],[-78.995,-4.908],[-79.268,-4.958],[-79.456,-4.766],[-79.578,-4.501],[-79.845,-4.446],[-80.14,-4.296],[-80.384,-4.464],[-80.353,-4.208],[-80.267,-3.949],[-80.219,-3.655],[-80.298,-3.406],[-80.325,-3.388]]}},{"type":"Feature","properties":{"id":1746707767,"featurecla":"International boundary (verify)"},"geometry":{"type":"LineString","coordinates":[[-69.966,-4.236],[-70.168,-4.05],[-70.339,-3.814],[-70.706,-3.789],[-70.419,-3.288],[-70.147,-2.864],[-70.244,-2.607],[-70.517,-2.453],[-70.915,-2.219],[-71.196,-2.313],[-71.447,-2.294],[-71.671,-2.182],[-71.932,-2.289],[-72.218,-2.401],[-72.501,-2.395],[-72.811,-2.405],[-73.068,-2.312],[-73.145,-2.003],[-73.266,-1.772],[-73.525,-1.639],[-73.61,-1.316],[-73.863,-1.197],[-74.054,-1.029],[-74.284,-0.928],[-74.375,-0.691],[-74.514,-0.47],[-74.755,-0.299],[-75.005,-0.156],[-75.284,-0.107]]}},{"type":"Feature","properties":{"id":1746707759,"featurecla":"International boundary (verify)"},"geometry":{"type":"LineString","coordinates":[[-66.876,1.223],[-67.088,1.401],[-67.119,1.704],[-67.321,2.032],[-67.609,2.035],[-67.815,1.79],[-68.077,1.86],[-68.443,1.722],[-68.913,1.721],[-69.32,1.721],[-69.581,1.771],[-69.849,1.709],[-69.851,1.309],[-69.751,1.077],[-69.47,1.059],[-69.224,0.963],[-69.177,0.713],[-69.472,0.73],[-69.719,0.65],[-69.985,0.586],[-70.066,0.189],[-70.071,-0.139],[-69.828,-0.381],[-69.612,-0.553],[-69.574,-0.838],[-69.449,-1.065],[-69.435,-1.422],[-69.506,-1.775],[-69.552,-2.024],[-69.605,-2.314],[-69.669,-2.668],[-69.733,-3.017],[-69.794,-3.355],[-69.85,-3.66],[-69.911,-3.997],[-69.966,-4.236]]}},{"type":"Feature","properties":{"id":1746707811,"featurecla":"International boundary (verify)"},"geometry":{"type":"LineString","coordinates":[[-69.579,-10.952],[-69.454,-11.169],[-69.258,-11.509],[-69.046,-11.876],[-68.819,-12.27],[-68.685,-12.502],[-68.812,-12.73],[-68.981,-12.963],[-68.972,-13.382],[-69.053,-13.644],[-68.974,-13.976],[-68.972,-14.234],[-69.12,-14.47],[-69.276,-14.746],[-69.331,-15.039],[-69.172,-15.237],[-69.419,-15.603],[-69.218,-16.149],[-68.913,-16.262],[-69.038,-16.543],[-69.2,-16.768],[-69.382,-17.001],[-69.625,-17.2],[-69.511,-17.46],[-69.511,-17.505]]}},{"type":"Feature","properties":{"id":1746707799,"featurecla":"International boundary (verify)"},"geometry":{"type":"LineString","coordinates":[[-69.579,-10.952],[-69.229,-10.956],[-68.848,-11.011],[-68.498,-11.055],[-68.267,-10.933],[-68.072,-10.703],[-67.786,-10.686],[-67.582,-10.506],[-67.333,-10.358],[-66.73,-9.975],[-66.479,-9.886],[-65.925,-9.785],[-65.637,-9.809],[-65.396,-9.712],[-65.325,-10.027],[-65.395,-10.392],[-65.402,-10.715],[-65.324,-11.025],[-65.373,-11.29],[-65.206,-11.581],[-65.037,-11.829],[-64.83,-12.03],[-64.612,-12.204],[-64.421,-12.44],[-64.062,-12.505],[-63.788,-12.469],[-63.542,-12.547],[-63.25,-12.708],[-63.015,-12.806],[-62.765,-12.997],[-62.353,-13.132],[-62.095,-13.242],[-61.874,-13.47],[-61.576,-13.525],[-61.129,-13.499],[-60.722,-13.664],[-60.46,-13.862],[-60.463,-14.132],[-60.373,-14.419],[-60.273,-15.089],[-60.583,-15.098],[-60.38,-15.318],[-60.22,-15.739],[-60.187,-16.132],[-59.831,-16.282],[-59.434,-16.296],[-58.957,-16.313],[-58.538,-16.328],[-58.471,-16.65],[-58.46,-16.911],[-58.396,-17.234],[-57.991,-17.513],[-57.78,-17.672],[-57.662,-17.947],[-57.552,-18.183],[-57.639,-18.475],[-57.725,-18.733],[-57.717,-19.044],[-57.972,-19.424],[-58.132,-19.745],[-57.861,-19.98],[-58.094,-20.151],[-58.16,-20.165]]}},{"type":"Feature","properties":{"id":1746707793,"featurecla":"International boundary (verify)"},"geometry":{"type":"LineString","coordinates":[[-69.966,-4.236],[-70.239,-4.301],[-70.531,-4.168],[-70.799,-4.173],[-71.144,-4.387],[-71.438,-4.438],[-71.845,-4.504],[-72.082,-4.642],[-72.353,-4.786],[-72.608,-5.01],[-72.887,-5.123],[-72.959,-5.495],[-73.068,-5.79],[-73.209,-6.029],[-73.135,-6.344],[-73.326,-6.575],[-73.695,-6.834],[-73.805,-7.08],[-73.749,-7.335],[-73.959,-7.507],[-73.822,-7.739],[-73.72,-7.986],[-73.572,-8.25],[-73.398,-8.459],[-73.203,-8.719],[-72.974,-8.993],[-73.09,-9.266],[-72.814,-9.41],[-72.465,-9.492],[-72.266,-9.688],[-72.182,-10.004],[-71.887,-10.006],[-71.608,-10.006],[-71.339,-9.989],[-71.115,-9.852],[-70.885,-9.669],[-70.672,-9.518],[-70.594,-9.767],[-70.639,-10.182],[-70.64,-10.586],[-70.642,-10.841],[-70.451,-11.025],[-70.066,-10.982],[-69.674,-10.954],[-69.579,-10.952]]}},{"type":"Feature","properties":{"id":1746707785,"featurecla":"International boundary (verify)"},"geometry":{"type":"LineString","coordinates":[[-62.651,-22.234],[-62.567,-21.989],[-62.478,-21.705],[-62.385,-21.412],[-62.277,-21.066],[-62.276,-20.562],[-62.122,-20.35],[-61.917,-20.055],[-61.821,-19.809],[-61.512,-19.606],[-61.096,-19.521],[-60.452,-19.389],[-60.007,-19.298],[-59.541,-19.292],[-59.091,-19.286],[-58.741,-19.49],[-58.474,-19.646],[-58.18,-19.818],[-58.16,-20.165]]}},{"type":"Feature","properties":{"id":1746708011,"featurecla":"International boundary (verify)"},"geometry":{"type":"LineString","coordinates":[[-8.495,27.175],[-8.119,26.954],[-7.743,26.733],[-7.367,26.512],[-6.991,26.291],[-6.615,26.069],[-6.239,25.848],[-5.863,25.627],[-5.517,25.424],[-5.275,25.275],[-5.05,25.135],[-4.823,24.996]]}},{"type":"Feature","properties":{"id":1746708145,"featurecla":"International boundary (verify)"},"geometry":{"type":"LineString","coordinates":[[-12.281,14.809],[-12.544,15.039],[-12.77,15.187],[-12.931,15.453],[-13.142,15.603],[-13.297,15.854],[-13.454,16.091],[-13.715,16.169],[-13.968,16.257],[-14.3,16.58],[-14.787,16.646],[-15.055,16.641],[-15.38,16.582],[-15.621,16.507],[-15.959,16.492],[-16.239,16.531],[-16.358,16.307],[-16.502,15.917],[-16.535,15.838]]}},{"type":"Feature","properties":{"id":1746708153,"featurecla":"International boundary (verify)"},"geometry":{"type":"LineString","coordinates":[[-4.823,24.996],[-5.173,24.995],[-5.641,24.995],[-5.96,24.995],[-6.287,24.995],[-6.594,24.995],[-6.539,24.518],[-6.51,24.269],[-6.482,24.021],[-6.454,23.772],[-6.425,23.523],[-6.397,23.275],[-6.368,23.026],[-6.34,22.777],[-6.311,22.529],[-6.283,22.28],[-6.254,22.032],[-6.226,21.783],[-6.197,21.534],[-6.169,21.286],[-6.14,21.037],[-6.112,20.788],[-6.083,20.54],[-6.055,20.291],[-6.026,20.042],[-5.998,19.794],[-5.969,19.545],[-5.941,19.296],[-5.913,19.048],[-5.884,18.799],[-5.856,18.55],[-5.827,18.302],[-5.799,18.053],[-5.77,17.804],[-5.742,17.556],[-5.713,17.307],[-5.685,17.058],[-5.656,16.81],[-5.51,16.442],[-5.404,16.058],[-5.456,15.789],[-5.513,15.496],[-5.928,15.496],[-6.336,15.496],[-6.744,15.496],[-7.152,15.496],[-7.559,15.496],[-7.967,15.496],[-8.375,15.496],[-8.783,15.496],[-9.177,15.496],[-9.351,15.677],[-9.578,15.437],[-9.941,15.374],[-10.194,15.396],[-10.493,15.44],[-10.815,15.282],[-11.169,15.359],[-11.366,15.537],[-11.676,15.512],[-11.829,15.245],[-11.873,14.995],[-12.082,14.766],[-12.281,14.809]]}},{"type":"Feature","properties":{"id":1746708065,"featurecla":"International boundary (verify)"},"geometry":{"type":"LineString","coordinates":[[4.228,19.143],[3.91,19.084],[3.439,18.996],[3.174,19.073],[3.22,19.345],[3.203,19.718],[2.993,19.917],[2.668,19.993],[2.406,20.064],[2.219,20.248],[1.929,20.273],[1.685,20.378],[1.29,20.714],[1.173,20.982],[0.999,21.198],[0.672,21.412],[0.344,21.626],[0.017,21.84],[-0.311,22.054],[-0.638,22.268],[-0.965,22.482],[-1.293,22.697],[-1.62,22.911],[-1.948,23.125],[-2.275,23.339],[-2.603,23.553],[-2.93,23.767],[-3.258,23.981],[-3.585,24.195],[-3.913,24.409],[-4.24,24.624],[-4.517,24.805],[-4.823,24.996]]}},{"type":"Feature","properties":{"id":1746708007,"featurecla":"International boundary (verify)"},"geometry":{"type":"LineString","coordinates":[[4.228,19.143],[4.671,19.228],[5.001,19.291],[5.359,19.36],[5.748,19.434],[6.131,19.732],[6.527,20.073],[6.731,20.248],[6.989,20.471],[7.263,20.694],[7.482,20.873],[7.825,21.076],[8.343,21.381],[8.861,21.686],[9.379,21.991],[9.897,22.297],[10.414,22.602],[10.932,22.907],[11.45,23.213],[11.968,23.518]]}},{"type":"Feature","properties":{"id":1746708059,"featurecla":"International boundary (verify)"},"geometry":{"type":"LineString","coordinates":[[9.519,30.229],[9.406,30.667],[9.288,31.125],[9.224,31.374],[9.16,31.621],[9.044,32.072],[8.683,32.31],[8.333,32.544],[8.211,32.927],[7.877,33.172],[7.709,33.362],[7.534,33.718],[7.496,33.977],[7.748,34.254],[7.949,34.469],[8.193,34.646],[8.277,34.979],[8.394,35.204],[8.329,35.582],[8.246,35.871],[8.307,36.189],[8.303,36.456],[8.444,36.761],[8.577,36.937]]}},{"type":"Feature","properties":{"id":1746707991,"featurecla":"International boundary (verify)"},"geometry":{"type":"LineString","coordinates":[[23.98,19.497],[23.501,19.733],[23.022,19.97],[22.543,20.206],[22.064,20.443],[21.585,20.68],[21.106,20.916],[20.627,21.153],[20.148,21.389],[19.669,21.626],[19.189,21.862],[18.71,22.099],[18.231,22.336],[17.752,22.572],[17.273,22.809],[16.794,23.045],[16.315,23.282],[15.984,23.445],[15.627,23.286],[15.347,23.161],[14.978,22.996]]}},{"type":"Feature","properties":{"id":1746708067,"featurecla":"International boundary (verify)"},"geometry":{"type":"LineString","coordinates":[[24.98,21.996],[24.98,21.498],[24.98,20.999],[24.98,20.501],[24.98,20.003],[24.72,19.996],[24.227,19.996],[23.98,19.871],[23.98,19.497]]}},{"type":"Feature","properties":{"id":1746708081,"featurecla":"International boundary (verify)"},"geometry":{"type":"LineString","coordinates":[[25.15,31.655],[24.93,31.427],[24.878,31.061],[24.974,30.777],[24.878,30.458],[24.726,30.251],[24.804,29.886],[24.866,29.57],[24.972,29.224],[24.98,28.957],[24.98,28.508],[24.98,28.059],[24.98,27.61],[24.98,27.161],[24.98,26.712],[24.98,26.263],[24.98,25.813],[24.98,25.364],[24.98,24.915],[24.98,24.466],[24.98,24.017],[24.98,23.568],[24.98,23.119],[24.98,22.67],[24.98,22.22],[24.98,21.996]]}},{"type":"Feature","properties":{"id":1746708073,"featurecla":"International boundary (verify)"},"geometry":{"type":"LineString","coordinates":[[22.86,10.92],[22.938,11.192],[22.783,11.41],[22.591,11.58],[22.581,11.99],[22.435,12.312],[22.352,12.66],[22.001,12.672],[21.908,13.001],[22.158,13.215],[22.221,13.472],[22.108,13.73],[22.262,13.979],[22.51,14.127],[22.425,14.441],[22.632,14.688],[22.763,14.999],[22.961,15.238],[22.934,15.533],[23.243,15.697],[23.604,15.746],[23.946,15.704],[23.983,16.374],[23.983,16.82],[23.982,17.266],[23.982,17.712],[23.981,18.158],[23.981,18.605],[23.981,19.051],[23.98,19.497]]}},{"type":"Feature","properties":{"id":1746709045,"featurecla":"International boundary (verify)"},"geometry":{"type":"LineString","coordinates":[[24.98,21.996],[25.362,21.996],[25.744,21.996],[26.126,21.996],[26.508,21.996],[26.89,21.996],[27.272,21.996],[27.654,21.995],[28.036,21.995],[28.419,21.995],[28.801,21.995],[29.183,21.995],[29.565,21.995],[29.947,21.995],[30.329,21.995],[30.711,21.995],[31.093,21.995],[31.359,22.189],[31.622,21.996],[31.95,21.996],[32.278,21.996],[32.606,21.996],[32.934,21.996],[33.262,21.996],[33.59,21.996],[33.918,21.996],[34.247,21.996],[34.575,21.996],[34.903,21.996],[35.231,21.996],[35.559,21.996],[35.887,21.997],[36.215,21.997],[36.543,21.997],[36.871,21.997]]}},{"type":"Feature","properties":{"id":1746708095,"featurecla":"International boundary (verify)"},"geometry":{"type":"LineString","coordinates":[[41.884,3.978],[41.613,3.59],[41.342,3.202],[41.135,2.997],[40.965,2.642],[40.967,2.221],[40.968,1.8],[40.97,1.378],[40.972,0.957],[40.973,0.535],[40.975,0.114],[40.977,-0.307],[40.978,-0.729],[41.116,-1.047],[41.427,-1.449],[41.533,-1.695]]}},{"type":"Feature","properties":{"id":1746708139,"featurecla":"International boundary (verify)"},"geometry":{"type":"LineString","coordinates":[[42.923,10.999],[42.763,10.787],[42.725,10.492],[42.816,10.257],[43.015,10.013],[43.218,9.77],[43.394,9.48],[43.621,9.337],[43.827,9.151],[44.023,8.986],[44.306,8.893],[44.632,8.786],[44.894,8.7],[45.227,8.591],[45.555,8.483],[45.863,8.38],[46.296,8.235],[46.645,8.118],[46.92,8.026],[47.306,7.997],[47.638,7.997],[47.978,7.997]]}},{"type":"Feature","properties":{"id":1746708297,"featurecla":"International boundary (verify)"},"geometry":{"type":"LineString","coordinates":[[30.751,-8.194],[30.327,-8.258],[30.051,-8.3],[29.766,-8.344],[29.484,-8.387],[29.216,-8.428],[28.898,-8.485],[28.87,-8.786],[28.681,-9.015],[28.484,-9.169],[28.541,-9.51],[28.63,-9.831],[28.624,-10.099],[28.607,-10.397],[28.639,-10.669],[28.518,-10.933],[28.404,-11.354],[28.407,-11.623],[28.542,-11.879],[28.769,-12.051],[28.973,-12.258],[29.344,-12.405],[29.56,-12.202],[29.795,-12.306],[29.796,-12.626],[29.796,-12.992],[29.796,-13.37],[29.554,-13.249],[29.254,-13.371],[28.942,-13.307],[28.773,-12.982],[28.551,-12.836],[28.451,-12.577],[28.237,-12.435],[27.857,-12.285],[27.574,-12.227],[27.424,-11.945],[27.196,-11.605],[26.977,-11.825],[26.73,-11.976],[26.43,-11.948],[26.096,-11.903],[25.855,-11.82],[25.512,-11.753],[25.321,-11.554],[25.319,-11.237],[24.877,-11.299],[24.519,-11.439],[24.366,-11.13],[24.136,-11.026],[23.966,-10.872]]}},{"type":"Feature","properties":{"id":1746708163,"featurecla":"International boundary (verify)"},"geometry":{"type":"LineString","coordinates":[[23.381,-17.641],[23.182,-17.474],[22.956,-17.286],[22.722,-17.075],[22.459,-16.815],[22.194,-16.628],[22.04,-16.263],[21.98,-15.956],[21.98,-15.403],[21.98,-15.082],[21.979,-14.761],[21.979,-14.441],[21.979,-14.12],[21.979,-13.799],[21.979,-13.478],[21.979,-13.157],[22.21,-13.001],[22.471,-13.001],[22.744,-13.001],[23.042,-13.001],[23.339,-13.001],[23.636,-13.001],[23.897,-12.998],[23.887,-12.743],[23.991,-12.422],[23.959,-12.118],[23.973,-11.853],[23.987,-11.587],[24.026,-11.316],[23.988,-11.003],[23.966,-10.872]]}},{"type":"Feature","properties":{"id":1746708333,"featurecla":"International boundary (verify)"},"geometry":{"type":"LineString","coordinates":[[33.903,-1.002],[33.924,-0.398],[33.922,-0.017],[34.037,0.295],[34.161,0.605],[34.411,0.867],[34.535,1.102],[34.788,1.231],[34.851,1.489],[34.976,1.72],[34.964,2.062],[34.883,2.418],[34.773,2.723],[34.589,2.925],[34.448,3.163],[34.399,3.413],[34.393,3.692],[34.165,3.813],[33.976,4.22]]}},{"type":"Feature","properties":{"id":1746708101,"featurecla":"International boundary (verify)"},"geometry":{"type":"LineString","coordinates":[[33.903,-1.002],[34.345,-1.204],[34.771,-1.442],[35.197,-1.68],[35.624,-1.918],[36.05,-2.156],[36.476,-2.394],[36.903,-2.632],[37.329,-2.87],[37.644,-3.045],[37.682,-3.306],[37.726,-3.56],[38.041,-3.85],[38.348,-4.071],[38.655,-4.292],[38.962,-4.513],[39.19,-4.677],[39.222,-4.692]]}},{"type":"Feature","properties":{"id":1746708115,"featurecla":"International boundary (verify)"},"geometry":{"type":"LineString","coordinates":[[11.329,2.167],[10.791,2.168],[10.502,2.168],[9.98,2.168],[9.801,2.304]]}},{"type":"Feature","properties":{"id":1746708121,"featurecla":"International boundary (verify)"},"geometry":{"type":"LineString","coordinates":[[11.329,2.167],[11.331,1.74],[11.334,1.308],[11.335,1],[10.859,1.001],[10.587,1.002],[10.315,1.003],[10.028,1.004],[9.761,1.075],[9.591,1.032]]}},{"type":"Feature","properties":{"id":1746708205,"featurecla":"International boundary (verify)"},"geometry":{"type":"LineString","coordinates":[[25.259,-17.794],[24.909,-17.821],[24.531,-18.053],[24.244,-18.023],[24.003,-18.154],[23.7,-18.424],[23.46,-18.231],[23.299,-18.027],[22.753,-18.067],[22.46,-18.116],[22.011,-18.199],[21.53,-18.266],[21.233,-18.307],[20.974,-18.319],[20.975,-18.929],[20.976,-19.336],[20.976,-19.744],[20.977,-20.152],[20.977,-20.56],[20.978,-20.968],[20.979,-21.376],[20.979,-21.784],[20.823,-22],[20.488,-22],[20.205,-22],[19.978,-22.243],[19.978,-22.529],[19.978,-22.816],[19.979,-23.103],[19.979,-23.389],[19.979,-23.676],[19.98,-23.962],[19.98,-24.249],[19.98,-24.536],[19.98,-24.752]]}},{"type":"Feature","properties":{"id":1746708197,"featurecla":"International boundary (verify)"},"geometry":{"type":"LineString","coordinates":[[19.98,-24.777],[19.98,-25.197],[19.98,-25.642],[19.98,-26.086],[19.98,-26.531],[19.98,-26.976],[19.98,-27.421],[19.98,-27.866],[19.98,-28.31],[19.671,-28.504],[19.407,-28.714],[19.162,-28.939],[18.839,-28.869],[18.311,-28.886],[17.976,-28.811],[17.699,-28.768],[17.448,-28.698],[17.343,-28.452],[17.205,-28.199],[16.933,-28.07],[16.795,-28.341],[16.487,-28.573],[16.448,-28.618]]}},{"type":"Feature","properties":{"id":1746708205,"featurecla":"International boundary (verify)"},"geometry":{"type":"LineString","coordinates":[[19.98,-24.752],[19.98,-24.777]]}},{"type":"Feature","properties":{"id":1746708311,"featurecla":"International boundary (verify)"},"geometry":{"type":"LineString","coordinates":[[0.9,10.993],[0.822,10.753],[0.763,10.387],[1.176,10.098],[1.345,9.75],[1.379,9.463],[1.566,9.137],[1.604,8.771],[1.625,8.271],[1.625,7.726],[1.625,7.369],[1.625,6.997],[1.603,6.738],[1.743,6.426],[1.623,6.217]]}},{"type":"Feature","properties":{"id":1746707983,"featurecla":"International boundary (verify)"},"geometry":{"type":"LineString","coordinates":[[42.799,16.372],[43.034,16.55],[43.186,16.771],[43.126,17.062],[43.186,17.325],[43.418,17.516],[43.653,17.422],[43.917,17.325],[44.156,17.399],[44.546,17.404],[44.946,17.43],[45.237,17.406],[45.535,17.302],[45.794,17.278],[46.071,17.253],[46.513,17.252],[46.779,17.212],[46.976,16.953],[47.251,16.994],[47.525,17.316],[47.704,17.597],[47.946,17.886],[48.172,18.157],[48.593,18.362],[48.865,18.495],[49.192,18.621],[49.445,18.655],[49.742,18.695],[50.039,18.735],[50.355,18.778],[50.708,18.825],[51.258,18.899],[51.515,18.934],[51.978,18.996]]}},{"type":"Feature","properties":{"id":1746707955,"featurecla":"International boundary (verify)"},"geometry":{"type":"LineString","coordinates":[[51.978,18.996],[52.11,18.696],[52.243,18.397],[52.376,18.097],[52.509,17.798],[52.642,17.498],[52.801,17.268],[52.964,16.912],[53.086,16.648]]}},{"type":"Feature","properties":{"id":1746707971,"featurecla":"International boundary (verify)"},"geometry":{"type":"LineString","coordinates":[[55.186,22.704],[55.404,22.368],[55.578,22.1],[55.571,21.79],[55.461,21.458],[55.351,21.126],[55.241,20.793],[55.131,20.461],[55.022,20.129],[54.699,19.903],[54.355,19.788],[54.011,19.674],[53.667,19.559],[53.323,19.444],[52.979,19.33],[52.635,19.215],[52.291,19.1],[51.978,18.996]]}},{"type":"Feature","properties":{"id":1746707977,"featurecla":"International boundary (verify)"},"geometry":{"type":"LineString","coordinates":[[55.186,22.704],[54.923,22.644],[54.652,22.677],[54.27,22.723],[53.832,22.777],[53.394,22.83],[53.012,22.877],[52.742,22.91],[52.455,23.052],[52.29,23.249],[52.124,23.445],[51.959,23.642],[51.794,23.838],[51.629,24.035],[51.568,24.286]]}},{"type":"Feature","properties":{"id":1746707951,"featurecla":"International boundary (verify)"},"geometry":{"type":"LineString","coordinates":[[42.359,37.109],[42.084,36.826],[41.789,36.597],[41.417,36.515],[41.262,36.272],[41.3,35.939],[41.354,35.64],[41.216,35.288],[41.2,35.027],[41.195,34.769],[40.987,34.429],[40.689,34.332],[40.422,34.198],[40.122,34.048],[39.85,33.911],[39.564,33.768],[39.268,33.62],[38.774,33.372]]}},{"type":"Feature","properties":{"id":1746707907,"featurecla":"International boundary (verify)"},"geometry":{"type":"LineString","coordinates":[[35.956,32.667],[36.22,32.495],[36.479,32.361],[36.818,32.317],[37.089,32.466],[37.318,32.591],[37.577,32.733],[38.056,32.995],[38.516,33.237],[38.774,33.372]]}},{"type":"Feature","properties":{"id":1746707939,"featurecla":"International boundary (verify)"},"geometry":{"type":"LineString","coordinates":[[39.145,32.124],[38.982,32.473],[38.915,32.935],[38.774,33.372]]}},{"type":"Feature","properties":{"id":1746707929,"featurecla":"International boundary (verify)"},"geometry":{"type":"LineString","coordinates":[[34.951,29.354],[35.339,29.294],[35.595,29.255],[35.86,29.214],[36.283,29.355],[36.592,29.666],[36.755,29.866],[37.199,29.946],[37.469,29.995],[37.634,30.313],[37.863,30.443],[37.656,30.829],[37.479,31.008],[37.105,31.355],[37.493,31.626],[37.774,31.696],[38.111,31.781],[38.376,31.847],[38.77,31.946],[39.145,32.124]]}},{"type":"Feature","properties":{"id":1746707923,"featurecla":"International boundary (verify)"},"geometry":{"type":"LineString","coordinates":[[46.531,29.096],[45.95,29.096],[45.499,29.132],[45.05,29.167],[44.716,29.194],[44.361,29.435],[44.1,29.619],[43.774,29.849],[43.441,30.084],[43.103,30.322],[42.858,30.495],[42.56,30.718],[42.289,30.92],[42.074,31.08],[41.8,31.22],[41.272,31.489],[41.022,31.616],[40.479,31.893],[40.028,31.995],[39.704,32.043],[39.369,32.092],[39.145,32.124]]}},{"type":"Feature","properties":{"id":1746707887,"featurecla":"International boundary (verify)"},"geometry":{"type":"LineString","coordinates":[[61.588,25.202],[61.64,25.585],[61.738,25.821],[61.81,26.165],[62.089,26.318],[62.312,26.491],[62.636,26.594],[63.093,26.632],[63.242,26.865],[63.305,27.125],[62.915,27.218],[62.801,27.445],[62.782,27.801],[62.763,28.202],[62.434,28.364],[62.131,28.479],[61.758,28.668],[61.569,28.871],[61.338,29.265],[61.152,29.543],[60.843,29.859]]}},{"type":"Feature","properties":{"id":1746707873,"featurecla":"International boundary (verify)"},"geometry":{"type":"LineString","coordinates":[[60.843,29.859],[61.104,30.128],[61.332,30.364],[61.559,30.599],[61.784,30.832],[61.755,31.285],[61.346,31.422],[60.854,31.483],[60.804,31.734],[60.79,31.987],[60.829,32.249],[60.71,32.6],[60.577,32.995],[60.718,33.324],[60.917,33.505],[60.655,33.56],[60.527,33.842],[60.486,34.095],[60.643,34.307],[60.739,34.545],[60.958,34.71],[61.107,35.001],[61.1,35.272],[61.279,35.514],[61.262,35.62]]}},{"type":"Feature","properties":{"id":1746706631,"featurecla":"International boundary (verify)"},"geometry":{"type":"LineString","coordinates":[[73.732,36.888],[74.002,36.823],[74.431,36.984],[74.541,37.022]]}},{"type":"Feature","properties":{"id":1746707881,"featurecla":"International boundary (verify)"},"geometry":{"type":"LineString","coordinates":[[60.843,29.859],[61.224,29.749],[61.521,29.666],[62.001,29.53],[62.373,29.425],[63.568,29.498],[63.971,29.43],[64.266,29.507],[64.521,29.565],[64.827,29.564],[65.095,29.559],[65.471,29.652],[65.962,29.779],[66.231,29.866],[66.282,30.193],[66.301,30.503],[66.347,30.803],[66.567,30.997],[66.731,31.195],[67.028,31.3],[67.287,31.218],[67.596,31.278],[67.627,31.539],[68.017,31.678],[68.32,31.768],[68.598,31.803],[68.869,31.634],[69.187,31.838],[69.257,32.249],[69.29,32.531],[69.405,32.764],[69.502,33.02],[69.92,33.112],[70.261,33.289],[70.134,33.621],[69.868,33.898],[70.254,33.976],[70.654,33.952],[71.052,34.05],[71.096,34.369],[71.113,34.682],[71.294,34.868],[71.517,35.051],[71.545,35.329],[71.519,35.598],[71.428,35.834],[71.22,36.001],[71.463,36.293],[71.716,36.427],[72.096,36.634],[72.327,36.742],[72.623,36.83],[72.994,36.852],[73.411,36.882],[73.732,36.888]]}},{"type":"Feature","properties":{"id":1746707855,"featurecla":"International boundary (verify)"},"geometry":{"type":"LineString","coordinates":[[70.947,42.249],[70.663,42.107],[70.329,42.028],[70.096,41.82],[69.788,41.697],[69.401,41.542],[69.154,41.425],[68.987,41.205],[68.737,41.042],[68.559,40.829],[68.415,40.619],[68.16,40.722],[68.113,41.029],[67.866,41.18],[67.528,41.177],[67.225,41.162],[66.814,41.142],[66.645,41.349],[66.573,41.607],[66.515,41.889],[66.193,42.001],[66.013,42.194],[66.05,42.473],[66.078,42.767],[65.803,42.877],[65.571,43.205],[65.367,43.372],[65.085,43.574],[64.812,43.694],[64.496,43.572],[64.209,43.566],[63.848,43.588],[63.445,43.613],[63.048,43.609],[62.634,43.558],[62.238,43.51],[61.888,43.577],[61.624,43.796],[61.385,43.994],[61.161,44.169],[61.008,44.394],[60.741,44.521],[60.465,44.652],[60.189,44.784],[59.912,44.916],[59.636,45.047],[59.36,45.179],[59.083,45.31],[58.807,45.442],[58.555,45.555],[58.291,45.509],[57.961,45.44],[57.667,45.377],[57.329,45.304],[56.965,45.221],[56.589,45.135],[56.258,45.059],[55.976,44.995],[55.976,44.536],[55.976,44.077],[55.976,43.618],[55.977,43.159],[55.977,42.7],[55.977,42.24],[55.977,41.781],[55.977,41.322]]}},{"type":"Feature","properties":{"id":1746708017,"featurecla":"International boundary (verify)"},"geometry":{"type":"LineString","coordinates":[[13.606,13.705],[13.506,14.134],[13.448,14.381],[13.642,14.631],[13.807,14.966],[14.178,15.485],[14.368,15.75],[14.747,16.147],[15.212,16.634],[15.474,16.908],[15.517,17.408],[15.562,17.937],[15.596,18.337],[15.638,18.811],[15.673,19.207],[15.699,19.495],[15.735,19.904],[15.949,20.303],[15.668,20.672],[15.607,20.954],[15.294,21.412],[15.172,21.922],[15.089,22.418],[14.979,22.996]]}},{"type":"Feature","properties":{"id":1746707997,"featurecla":"International boundary (verify)"},"geometry":{"type":"LineString","coordinates":[[11.968,23.518],[12.489,23.402],[12.984,23.291],[13.481,23.18],[13.863,22.902],[14.201,22.624],[14.556,22.783],[14.979,22.996]]}},{"type":"Feature","properties":{"id":1746708133,"featurecla":"International boundary (verify)"},"geometry":{"type":"LineString","coordinates":[[0.217,14.911],[0.719,14.955],[1.121,15.126],[1.569,15.286],[1.859,15.302],[2.421,15.32],[2.69,15.33],[3.001,15.341],[3.289,15.391],[3.71,15.642],[3.898,15.838],[4.015,16.193],[4.182,16.582],[4.203,16.963],[4.234,17.288],[4.233,17.582],[4.231,18.139],[4.23,18.411],[4.229,18.704],[4.228,18.968],[4.228,19.143]]}},{"type":"Feature","properties":{"id":1746708317,"featurecla":"International boundary (verify)"},"geometry":{"type":"LineString","coordinates":[[-0.069,11.116],[-0.346,11.088],[-0.598,10.954],[-0.903,10.985],[-1.233,10.997],[-1.537,11.023],[-1.901,10.995],[-2.232,10.991],[-2.509,10.989],[-2.83,10.998],[-2.907,10.728],[-2.837,10.455],[-2.788,10.193],[-2.751,9.91],[-2.766,9.658],[-2.696,9.481]]}},{"type":"Feature","properties":{"id":1746705845,"featurecla":"International boundary (verify)"},"geometry":{"type":"LineString","coordinates":[[-13.293,9.049],[-13.028,9.104],[-12.831,9.302],[-12.652,9.562],[-12.524,9.787],[-12.278,9.93],[-11.923,9.923],[-11.472,9.995],[-11.206,9.978],[-10.963,9.662],[-10.759,9.385],[-10.75,9.122],[-10.606,8.868],[-10.628,8.53],[-10.36,8.496],[-10.283,8.485]]}},{"type":"Feature","properties":{"id":1746705601,"featurecla":"International boundary (verify)"},"geometry":{"type":"LineString","coordinates":[[5.79,49.538],[6.074,49.455],[6.344,49.453]]}},{"type":"Feature","properties":{"id":1746705525,"featurecla":"International boundary (verify)"},"geometry":{"type":"LineString","coordinates":[[56.08,26.063],[56.152,25.746],[56.298,25.651]]}},{"type":"Feature","properties":{"id":1746706727,"featurecla":"International boundary (verify)"},"geometry":{"type":"LineString","coordinates":[[30.51,-1.067],[30.28,-1.179],[30.102,-1.369],[29.847,-1.352],[29.577,-1.388]]}},{"type":"Feature","properties":{"id":1746707469,"featurecla":"International boundary (verify)"},"geometry":{"type":"LineString","coordinates":[[30.51,-1.067],[30.632,-1.367],[30.813,-1.563],[30.807,-1.851],[30.877,-2.143],[30.762,-2.372],[30.554,-2.4]]}},{"type":"Feature","properties":{"id":1746708107,"featurecla":"International boundary (verify)"},"geometry":{"type":"LineString","coordinates":[[33.903,-1.002],[33.616,-1.002],[33.261,-1.002],[32.905,-1.002],[32.55,-1.002],[32.194,-1.002],[31.839,-1.002],[31.483,-1.002],[31.128,-1.002],[30.845,-1.002],[30.599,-1.07],[30.51,-1.067]]}},{"type":"Feature","properties":{"id":1746705821,"featurecla":"International boundary (verify)"},"geometry":{"type":"LineString","coordinates":[[34.591,-11.971],[34.591,-11.971]]}},{"type":"Feature","properties":{"id":1746705441,"featurecla":"International boundary (verify)"},"geometry":{"type":"LineString","coordinates":[[87.323,49.086],[87.577,49.132],[87.818,49.162]]}},{"type":"Feature","properties":{"id":1746706379,"featurecla":"International boundary (verify)"},"geometry":{"type":"LineString","coordinates":[[12.441,43.982],[12.441,43.982]]}},{"type":"Feature","properties":{"id":1746705413,"featurecla":"International boundary (verify)"},"geometry":{"type":"LineString","coordinates":[[70.572,41.025],[70.572,41.025]]}},{"type":"Feature","properties":{"id":1746707693,"featurecla":"International boundary (verify)"},"geometry":{"type":"LineString","coordinates":[[-117.128,32.533],[-116.842,32.555],[-116.556,32.576],[-116.27,32.598],[-115.984,32.619],[-115.698,32.64],[-115.411,32.662],[-115.125,32.683],[-114.839,32.705],[-114.362,32.36],[-113.887,32.212],[-113.413,32.064],[-112.939,31.916],[-112.465,31.768],[-111.99,31.62],[-111.516,31.472],[-111.042,31.324],[-110.689,31.325],[-110.335,31.326],[-109.982,31.326],[-109.628,31.327],[-109.275,31.327],[-108.921,31.328],[-108.568,31.329],[-108.214,31.329],[-108.212,31.667],[-107.772,31.777],[-107.333,31.775],[-106.893,31.772],[-106.453,31.77],[-106.256,31.545],[-106.024,31.398],[-105.813,31.241],[-105.514,30.981],[-105.276,30.807],[-104.979,30.646],[-104.681,30.134],[-104.622,29.854],[-104.401,29.574],[-104.111,29.386],[-103.853,29.291],[-103.423,29.071],[-103.168,28.998],[-102.957,29.19],[-102.834,29.444],[-102.615,29.752],[-102.343,29.865],[-101.991,29.796],[-101.612,29.787],[-101.304,29.634],[-101.039,29.46],[-100.755,29.183],[-100.55,28.821],[-100.399,28.614],[-100.296,28.328],[-100.001,28.048],[-99.754,27.73],[-99.505,27.548],[-99.5,27.286],[-99.444,27.037],[-99.23,26.762],[-99.108,26.447],[-98.765,26.34],[-98.486,26.225],[-98.083,26.064],[-97.801,26.042],[-97.44,25.891],[-97.146,25.961]]}},{"type":"Feature","properties":{"id":1746707717,"featurecla":"International boundary (verify)"},"geometry":{"type":"LineString","coordinates":[[-92.235,14.545],[-92.186,14.818],[-92.075,15.074],[-92.187,15.321],[-91.957,15.703],[-91.819,15.932],[-91.434,16.07],[-90.98,16.071],[-90.703,16.071],[-90.447,16.073],[-90.417,16.351],[-90.634,16.511],[-90.816,16.787],[-91.112,16.976],[-91.319,17.2],[-90.993,17.252],[-90.99,17.621],[-90.622,17.816],[-90.184,17.816],[-89.729,17.815],[-89.372,17.815],[-89.134,17.971],[-88.857,17.929],[-88.586,18.291],[-88.372,18.482],[-88.04,18.416],[-87.826,18.181]]}},{"type":"Feature","properties":{"id":1746706861,"featurecla":"International boundary (verify)"},"geometry":{"type":"LineString","coordinates":[[-54.616,-25.576],[-54.473,-25.22],[-54.413,-24.867],[-54.313,-24.528],[-54.317,-24.201],[-54.44,-23.902],[-54.721,-23.852],[-54.983,-23.975],[-55.287,-24.004],[-55.442,-23.793],[-55.542,-23.525],[-55.548,-23.25],[-55.621,-22.956],[-55.618,-22.671],[-55.753,-22.41],[-55.991,-22.281],[-56.246,-22.265],[-56.448,-22.076],[-56.702,-22.232],[-57.03,-22.245],[-57.331,-22.215],[-57.642,-22.129],[-57.956,-22.109],[-57.949,-21.851],[-57.929,-21.597],[-57.893,-21.302],[-57.83,-20.998],[-57.891,-20.747],[-58.009,-20.522],[-58.125,-20.293],[-58.16,-20.165]]}},{"type":"Feature","properties":{"id":1746706847,"featurecla":"International boundary (verify)"},"geometry":{"type":"LineString","coordinates":[[-62.651,-22.234],[-62.372,-22.439],[-62.067,-22.869],[-61.799,-23.182],[-61.571,-23.319],[-61.208,-23.557],[-61.033,-23.756],[-60.505,-23.964],[-60.11,-24.009],[-59.609,-24.267],[-59.373,-24.454],[-58.724,-24.787],[-58.423,-24.894],[-58.136,-24.977],[-57.822,-25.136],[-57.644,-25.328],[-57.626,-25.599],[-57.865,-25.907],[-58.082,-26.139],[-58.203,-26.381],[-58.222,-26.65],[-58.356,-26.89],[-58.548,-27.084],[-58.168,-27.273],[-57.812,-27.317],[-57.391,-27.43],[-57.112,-27.47],[-56.805,-27.485],[-56.511,-27.488],[-56.242,-27.367],[-55.951,-27.326],[-55.715,-27.415],[-55.565,-27.15],[-55.346,-26.973],[-55.089,-26.845],[-54.889,-26.667],[-54.678,-26.309],[-54.632,-26.006],[-54.616,-25.576]]}},{"type":"Feature","properties":{"id":1746706839,"featurecla":"International boundary (verify)"},"geometry":{"type":"LineString","coordinates":[[-62.651,-22.234],[-62.834,-21.999],[-63.267,-22.001],[-63.675,-22.004],[-63.976,-22.073],[-64.132,-22.366],[-64.266,-22.603],[-64.524,-22.372],[-64.7,-22.186],[-64.993,-22.11],[-65.485,-22.098],[-65.771,-22.1],[-66.059,-21.879],[-66.322,-22.053],[-66.639,-22.205],[-66.8,-22.41],[-67.034,-22.552],[-67.162,-22.774],[-67.195,-22.822]]}},{"type":"Feature","properties":{"id":1746707141,"featurecla":"International boundary (verify)"},"geometry":{"type":"LineString","coordinates":[[26.619,48.26],[26.847,48.387],[27.228,48.371],[27.549,48.478],[27.82,48.416],[28.08,48.296],[28.347,48.213],[28.602,48.144],[28.866,47.996],[29.125,47.965],[29.186,47.659],[29.334,47.376],[29.549,47.247],[29.569,46.997],[29.878,46.829],[29.924,46.539],[29.665,46.417],[29.393,46.437],[29.146,46.527],[28.931,46.362],[28.948,46.05],[28.729,45.852],[28.492,45.666],[28.265,45.484],[28.212,45.45]]}},{"type":"Feature","properties":{"id":1746707287,"featurecla":"International boundary (verify)"},"geometry":{"type":"LineString","coordinates":[[67.759,37.172],[67.958,36.972],[68.212,37.022],[68.547,37.183],[68.824,37.271],[69.18,37.158],[69.43,37.291],[69.492,37.553],[69.821,37.61],[70.12,37.543],[70.255,37.765],[70.418,38.075],[70.616,38.334],[70.879,38.456],[71.256,38.307],[71.283,38.008],[71.552,37.933],[71.505,37.603],[71.455,37.272],[71.472,37.015],[71.598,36.733],[71.942,36.766],[72.154,36.901],[72.657,37.029],[72.896,37.268],[73.211,37.409],[73.481,37.472],[73.734,37.376],[74.078,37.316],[74.349,37.419],[74.659,37.394],[74.875,37.242],[74.891,37.232]]}},{"type":"Feature","properties":{"id":1746707309,"featurecla":"International boundary (verify)"},"geometry":{"type":"LineString","coordinates":[[66.522,37.348],[66.828,37.371],[67.195,37.235],[67.517,37.267],[67.759,37.172]]}},{"type":"Feature","properties":{"id":1746707299,"featurecla":"International boundary (verify)"},"geometry":{"type":"LineString","coordinates":[[61.262,35.62],[61.543,35.458],[61.841,35.431],[62.09,35.38],[62.271,35.189],[62.533,35.24],[62.858,35.35],[63.084,35.568],[63.109,35.819],[63.517,35.913],[63.862,36.012],[64.092,36.113],[64.358,36.226],[64.566,36.428],[64.674,36.75],[64.782,37.059],[65.09,37.238],[65.555,37.251],[65.683,37.519],[66.108,37.415],[66.472,37.345],[66.522,37.348]]}},{"type":"Feature","properties":{"id":1746707669,"featurecla":"International boundary (verify)"},"geometry":{"type":"LineString","coordinates":[[92.575,21.978],[92.532,22.41],[92.491,22.685],[92.362,22.929],[92.334,23.242],[92.289,23.492],[92.152,23.722],[91.93,23.598],[91.79,23.361],[91.774,23.106],[91.511,23.034],[91.254,23.374],[91.16,23.661],[91.232,23.92],[91.526,24.091],[91.773,24.211],[92.001,24.371],[92.198,24.686],[92.443,24.849],[92.205,25.111],[91.764,25.161],[91.48,25.142],[91.038,25.174],[90.73,25.159],[90.439,25.158],[90.12,25.22],[89.866,25.293],[89.825,25.56],[89.8,25.84],[89.71,26.171],[89.467,25.984],[89.186,26.106],[89.067,26.377],[88.828,26.252],[88.62,26.431],[88.37,26.564],[88.378,26.312],[88.151,26.087],[88.147,25.811],[88.452,25.574],[88.769,25.49],[88.944,25.291],[88.678,25.18],[88.373,24.962],[88.045,24.713],[88.225,24.461],[88.499,24.347],[88.734,24.231],[88.623,23.826],[88.616,23.573],[88.704,23.293],[88.851,23.041],[88.923,22.688],[89.05,22.275],[89.051,22.093]]}},{"type":"Feature","properties":{"id":1746707573,"featurecla":"International boundary (verify)"},"geometry":{"type":"LineString","coordinates":[[2.389,11.897],[2.363,12.188],[2.598,12.294],[2.85,12.374],[3.15,12.118],[3.36,11.88],[3.595,11.696]]}},{"type":"Feature","properties":{"id":1746705355,"featurecla":"International boundary (verify)"},"geometry":{"type":"LineString","coordinates":[[18.61,3.478],[18.547,3.087],[18.343,2.655],[18.212,2.415],[18.072,2.013],[18.073,1.719],[18.012,1.422],[17.902,1.118],[17.886,0.857],[17.925,0.537],[17.888,0.234],[17.773,-0.052],[17.753,-0.549],[17.543,-0.775],[17.279,-1],[16.975,-1.14],[16.78,-1.376],[16.622,-1.699],[16.434,-1.961],[16.215,-2.178],[16.202,-2.465],[16.217,-3.03],[16.147,-3.464],[15.99,-3.766],[15.755,-3.986],[15.526,-4.088],[15.267,-4.308],[14.912,-4.706],[14.708,-4.882],[14.441,-4.854],[14.365,-4.586],[14.358,-4.299],[14.047,-4.418],[13.778,-4.434],[13.685,-4.689],[13.415,-4.837],[13.176,-4.656],[13.073,-4.635]]}},{"type":"Feature","properties":{"id":1746707425,"featurecla":"International boundary (verify)"},"geometry":{"type":"LineString","coordinates":[[28.975,-29.999],[29.142,-29.701],[29.349,-29.442],[29.336,-29.164],[29.058,-28.954],[28.856,-28.776],[28.653,-28.598],[28.233,-28.701],[27.96,-28.873],[27.66,-29.047],[27.491,-29.277],[27.294,-29.519],[27.057,-29.626],[27.194,-29.941],[27.355,-30.159],[27.507,-30.381],[27.753,-30.6],[28.018,-30.642],[28.176,-30.41],[28.392,-30.148],[28.647,-30.127],[28.901,-30.038],[28.975,-29.999]]}},{"type":"Feature","properties":{"id":1746707443,"featurecla":"International boundary (verify)"},"geometry":{"type":"LineString","coordinates":[[29.365,-22.194],[29.663,-22.146],[30.19,-22.291],[30.46,-22.329],[30.712,-22.298],[31.073,-22.308],[31.288,-22.402]]}},{"type":"Feature","properties":{"id":1746707435,"featurecla":"International boundary (verify)"},"geometry":{"type":"LineString","coordinates":[[19.98,-24.777],[20.345,-25.03],[20.609,-25.491],[20.711,-25.733],[20.799,-25.999],[20.757,-26.264],[20.62,-26.581],[20.685,-26.822],[20.954,-26.821],[21.455,-26.833],[21.738,-26.807],[22.011,-26.636],[22.218,-26.389],[22.471,-26.219],[22.729,-25.857],[22.819,-25.595],[22.951,-25.37],[23.266,-25.267],[23.521,-25.344],[23.823,-25.545],[24.105,-25.635],[24.331,-25.743],[24.748,-25.817],[24.999,-25.754],[25.346,-25.74],[25.584,-25.606],[25.703,-25.302],[25.852,-24.935],[26.032,-24.702],[26.397,-24.614],[26.618,-24.395],[26.835,-24.241],[26.971,-23.764],[27.146,-23.524],[27.399,-23.384],[27.644,-23.218],[27.891,-23.074],[28.21,-22.694],[28.543,-22.573],[28.84,-22.481],[29.014,-22.278],[29.365,-22.194]]}},{"type":"Feature","properties":{"id":1746707673,"featurecla":"International boundary (verify)"},"geometry":{"type":"LineString","coordinates":[[34.959,-11.578],[35.418,-11.583],[35.705,-11.532],[36.082,-11.537],[36.306,-11.706],[36.674,-11.684],[36.979,-11.567],[37.218,-11.687],[37.542,-11.675],[37.829,-11.482],[38.017,-11.282],[38.315,-11.311],[38.603,-11.345],[38.988,-11.167],[39.322,-11.123],[39.563,-10.979],[39.817,-10.912],[40.166,-10.687],[40.464,-10.464]]}},{"type":"Feature","properties":{"id":1746709023,"featurecla":"International boundary (verify)"},"geometry":{"type":"LineString","coordinates":[[-84.348,10.98],[-84.168,10.78],[-83.919,10.735],[-83.659,10.837],[-83.642,10.917]]}},{"type":"Feature","properties":{"id":1746707169,"featurecla":"International boundary (verify)"},"geometry":{"type":"LineString","coordinates":[[28.148,56.143],[27.896,56.076],[27.642,55.912],[27.309,55.804],[27.053,55.831],[26.822,55.709],[26.594,55.668]]}},{"type":"Feature","properties":{"id":1746707131,"featurecla":"International boundary (verify)"},"geometry":{"type":"LineString","coordinates":[[28.212,45.45],[28.451,45.292],[28.761,45.234],[29.027,45.321],[29.404,45.42],[29.652,45.314],[29.706,45.26]]}},{"type":"Feature","properties":{"id":1746707089,"featurecla":"International boundary (verify)"},"geometry":{"type":"LineString","coordinates":[[21.36,44.827],[21.636,44.71],[21.909,44.666],[22.201,44.561],[22.498,44.706],[22.734,44.57],[22.495,44.435],[22.688,44.248],[22.705,44.238]]}},{"type":"Feature","properties":{"id":1746708731,"featurecla":"International boundary (verify)"},"geometry":{"type":"LineString","coordinates":[[56.234,25.304],[56.234,25.304]]}},{"type":"Feature","properties":{"id":1746708157,"featurecla":"International boundary (verify)"},"geometry":{"type":"LineString","coordinates":[[32.113,-26.839],[32.478,-26.859],[32.777,-26.851],[32.886,-26.849]]}},{"type":"Feature","properties":{"id":1746705403,"featurecla":"International boundary (verify)"},"geometry":{"type":"LineString","coordinates":[[71.737,39.981],[71.737,39.981]]}},{"type":"Feature","properties":{"id":1746707689,"featurecla":"International boundary (verify)"},"geometry":{"type":"LineString","coordinates":[[-122.686,48.993],[-122.26,48.993],[-121.834,48.993],[-121.407,48.993],[-120.981,48.993],[-120.554,48.993],[-120.128,48.993],[-119.702,48.993],[-119.275,48.993],[-118.849,48.993],[-118.423,48.993],[-117.996,48.993],[-117.57,48.993],[-117.143,48.993],[-116.717,48.993],[-116.291,48.993],[-115.864,48.993],[-115.438,48.993],[-115.012,48.993],[-114.585,48.993],[-114.159,48.993],[-113.732,48.993],[-113.306,48.993],[-112.88,48.993],[-112.453,48.993],[-112.027,48.993],[-111.6,48.993],[-111.174,48.993],[-110.748,48.993],[-110.321,48.993],[-109.999,48.993],[-109.469,48.993],[-109.042,48.993],[-108.616,48.993],[-108.189,48.993],[-107.763,48.993],[-107.337,48.993],[-106.91,48.993],[-106.484,48.993],[-106.057,48.993],[-105.631,48.993],[-105.205,48.993],[-104.778,48.993],[-104.352,48.993],[-104.034,48.993],[-103.499,48.993],[-103.073,48.993],[-102.646,48.993],[-102.22,48.993],[-101.794,48.993],[-101.367,48.993],[-100.941,48.993],[-100.515,48.993],[-100.088,48.993],[-99.662,48.993],[-99.235,48.993],[-98.809,48.993],[-98.383,48.993],[-97.956,48.993],[-97.53,48.993],[-97.103,48.993],[-96.677,48.993],[-96.251,48.993],[-95.824,48.993],[-95.398,48.993],[-95.158,49.203],[-94.939,49.349],[-94.803,49.003],[-94.675,48.774],[-94.414,48.704],[-94.055,48.659],[-93.804,48.549],[-93.464,48.561],[-93.155,48.625],[-92.837,48.568],[-92.583,48.465],[-92.415,48.277],[-92.172,48.338],[-91.858,48.198],[-91.518,48.058],[-91.221,48.105],[-90.916,48.209],[-90.607,48.113],[-90.32,48.099],[-90.04,48.078],[-89.775,48.015],[-89.498,47.998],[-89.186,48.047],[-88.899,48.156],[-88.612,48.264],[-88.161,48.225],[-87.92,48.13],[-87.494,47.962],[-87.208,47.849],[-86.922,47.735],[-86.672,47.636],[-86.429,47.54],[-86.04,47.38],[-85.652,47.22],[-85.264,47.06],[-84.876,46.9],[-84.779,46.637],[-84.562,46.457],[-84.192,46.55],[-84.108,46.289],[-83.913,46.073],[-83.616,46.117],[-83.593,45.817],[-83.179,45.633],[-82.919,45.518],[-82.551,45.347],[-82.485,45.084],[-82.407,44.744],[-82.327,44.392],[-82.241,44.015],[-82.138,43.571],[-82.305,43.263],[-82.417,43.017],[-82.488,42.74],[-82.744,42.493],[-83.004,42.332],[-83.142,41.976],[-82.866,41.753],[-82.439,41.675],[-81.974,41.889],[-81.507,42.103],[-81.278,42.209],[-81.028,42.247],[-80.683,42.3],[-80.248,42.366],[-79.762,42.539],[-79.446,42.651],[-79.174,42.749],[-78.939,42.864],[-79.066,43.106],[-79.172,43.467],[-78.846,43.583],[-78.458,43.631],[-77.879,43.63],[-77.597,43.629],[-77.267,43.627],[-76.82,43.629],[-76.586,43.924],[-76.249,44.214],[-76.02,44.363],[-75.792,44.497],[-75.401,44.772],[-75.179,44.899],[-74.857,45.004],[-74.43,45.004],[-74.014,45.005],[-73.598,45.005],[-73.182,45.006],[-72.766,45.006],[-72.35,45.007],[-71.934,45.007],[-71.518,45.008],[-71.327,45.29],[-71.06,45.309],[-70.799,45.405],[-70.596,45.644],[-70.333,45.868],[-70.279,46.15],[-70.067,46.441],[-70.008,46.709],[-69.718,46.995],[-69.471,47.239],[-69.243,47.463],[-69.054,47.295],[-68.669,47.253],[-68.377,47.316],[-68.097,47.275],[-67.807,47.083],[-67.8,46.78],[-67.796,46.498],[-67.79,46.209],[-67.785,45.953],[-67.785,45.702],[-67.531,45.613],[-67.428,45.378],[-67.315,45.154],[-67.125,45.169]]}},{"type":"Feature","properties":{"id":1746707649,"featurecla":"International boundary (verify)"},"geometry":{"type":"LineString","coordinates":[[107.973,21.508],[107.759,21.655],[107.471,21.598],[107.179,21.717],[106.971,21.924],[106.73,22],[106.654,22.241],[106.55,22.501],[106.736,22.711],[106.542,22.908],[106.279,22.857],[106.001,22.975],[105.691,23.03],[105.44,23.235],[105.189,23.281],[104.91,23.161],[104.796,22.911],[104.527,22.804],[104.238,22.769],[103.991,22.586],[103.637,22.77],[103.356,22.755],[103.138,22.593],[102.874,22.525],[102.599,22.7],[102.302,22.546],[102.127,22.379]]}},{"type":"Feature","properties":{"id":1746706497,"featurecla":"International boundary (verify)"},"geometry":{"type":"LineString","coordinates":[[7.439,43.75],[7.378,43.732]]}},{"type":"Feature","properties":{"id":1746708393,"featurecla":"International boundary (verify)"},"geometry":{"type":"LineString","coordinates":[[12.431,41.905],[12.431,41.905]]}},{"type":"Feature","properties":{"id":1746705295,"featurecla":"International boundary (verify)"},"geometry":{"type":"LineString","coordinates":[[113.548,22.223],[113.479,22.196]]}},{"type":"Feature","properties":{"id":1746708389,"featurecla":"International boundary (verify)"},"geometry":{"type":"LineString","coordinates":[[114.015,22.512],[114.266,22.541]]}},{"type":"Feature","properties":{"id":1746706693,"featurecla":"International boundary (verify)"},"geometry":{"type":"LineString","coordinates":[[70.612,39.787],[70.612,39.787]]}},{"type":"Feature","properties":{"id":1746705779,"featurecla":"International boundary (verify)"},"geometry":{"type":"LineString","coordinates":[[71.216,39.907],[70.974,40.039],[71.229,40.048],[71.216,39.907]]}},{"type":"Feature","properties":{"id":1746708413,"featurecla":"International boundary (verify)"},"geometry":{"type":"LineString","coordinates":[[-1.275,32.089],[-1.24,32.338],[-1.111,32.552],[-1.352,32.703],[-1.551,33.074],[-1.679,33.319],[-1.631,33.567],[-1.715,33.858],[-1.707,34.176],[-1.752,34.433],[-1.792,34.723],[-2.132,34.971],[-2.22,35.104]]}},{"type":"Feature","properties":{"id":1746708383,"featurecla":"International boundary (verify)"},"geometry":{"type":"LineString","coordinates":[[29,9.61],[29.242,9.718],[29.557,9.848],[29.691,10.122],[29.958,10.25],[30.475,9.979],[30.739,9.743],[31.154,9.771],[31.655,10.221],[31.854,10.479],[32.404,11.058],[32.339,11.315],[32.35,11.58],[32.072,12.007],[32.737,12.01],[33.199,12.217],[33.135,11.942],[33.119,11.682],[33.172,10.85],[33.361,10.658],[33.892,10.199],[33.946,9.941],[33.874,9.627],[34.077,9.462]]}},{"type":"Feature","properties":{"id":1746708409,"featurecla":"International boundary (verify)"},"geometry":{"type":"LineString","coordinates":[[24.147,8.666],[24.532,8.887],[24.648,9.179],[24.697,9.426],[24.785,9.775],[24.964,9.989],[25.024,10.236],[25.285,10.318],[25.749,10.407],[25.919,10.169],[26.17,9.966],[26.551,9.526],[26.97,9.591],[27.8,9.588],[27.881,9.602]]}},{"type":"Feature","properties":{"id":1746708475,"featurecla":"International boundary (verify)"},"geometry":{"type":"LineString","coordinates":[[33.889,-9.67],[33.527,-9.607],[33.225,-9.5],[32.974,-9.395],[32.92,-9.407]]}},{"type":"Feature","properties":{"id":1746708429,"featurecla":"International boundary (verify)"},"geometry":{"type":"LineString","coordinates":[[79.219,32.501],[78.998,32.365],[78.753,32.499],[78.413,32.558],[78.455,32.3],[78.487,32.234]]}},{"type":"Feature","properties":{"id":1746708437,"featurecla":"International boundary (verify)"},"geometry":{"type":"LineString","coordinates":[[78.717,31.88],[78.803,31.618],[78.743,31.324],[78.843,31.301]]}},{"type":"Feature","properties":{"id":1746708443,"featurecla":"International boundary (verify)"},"geometry":{"type":"LineString","coordinates":[[79.37,31.079],[79.664,30.965],[79.91,30.898]]}},{"type":"Feature","properties":{"id":1746706745,"featurecla":"International boundary (verify)"},"geometry":{"type":"LineString","coordinates":[[80.191,30.569],[80.541,30.464],[80.874,30.291],[81.01,30.165]]}},{"type":"Feature","properties":{"id":1746708751,"featurecla":"International boundary (verify)"},"geometry":{"type":"LineString","coordinates":[[90.334,28.118],[90.105,28.302],[89.817,28.256],[89.799,28.238]]}},{"type":"Feature","properties":{"id":1746708745,"featurecla":"International boundary (verify)"},"geometry":{"type":"LineString","coordinates":[[89.799,28.238],[89.537,28.107],[89.273,27.833],[89.116,27.621]]}},{"type":"Feature","properties":{"id":1746708779,"featurecla":"International boundary (verify)"},"geometry":{"type":"LineString","coordinates":[[89.116,27.621],[89.021,27.515]]}},{"type":"Feature","properties":{"id":1746708765,"featurecla":"International boundary (verify)"},"geometry":{"type":"LineString","coordinates":[[89.021,27.515],[88.891,27.316]]}},{"type":"Feature","properties":{"id":1746708369,"featurecla":"International boundary (verify)"},"geometry":{"type":"LineString","coordinates":[[75.304,32.318],[75.139,32.105],[74.739,31.949],[74.526,31.765],[74.594,31.465],[74.518,31.186],[74.38,30.893],[74.009,30.52],[73.925,30.282],[73.658,30.033],[73.382,29.934],[73.258,29.611],[73.128,29.364],[72.949,29.089],[72.626,28.896],[72.342,28.752],[72.179,28.422],[71.948,28.177],[71.717,27.915],[71.29,27.855],[70.875,27.714],[70.649,27.835],[70.404,28.025],[70.145,27.849],[69.896,27.474],[69.661,27.264],[69.494,26.954],[69.601,26.699],[69.911,26.586],[70.157,26.471],[70.133,26.215],[70.1,25.91],[70.265,25.707],[70.57,25.706],[70.652,25.423],[70.8,25.206],[70.951,24.892],[70.976,24.619],[70.983,24.361],[70.716,24.238],[70.489,24.412],[70.098,24.287],[69.805,24.165],[69.559,24.273],[69.235,24.268],[68.985,24.273],[68.728,24.266],[68.724,23.965],[68.381,23.951],[68.165,23.857]]}},{"type":"Feature","properties":{"id":1746708929,"featurecla":"International boundary (verify)"},"geometry":{"type":"LineString","coordinates":[[-56.001,-30.854],[-56.176,-30.628],[-56.407,-30.447],[-56.722,-30.187],[-57.033,-30.11],[-57.214,-30.283],[-57.552,-30.261],[-57.609,-30.188]]}},{"type":"Feature","properties":{"id":1746707817,"featurecla":"International boundary (verify)"},"geometry":{"type":"LineString","coordinates":[[-73.135,-49.301],[-73.034,-49.014],[-72.728,-48.896],[-72.586,-48.663],[-72.498,-48.417],[-72.293,-48.229],[-72.509,-47.973],[-72.413,-47.686],[-72.283,-47.446],[-72.042,-47.241],[-71.957,-46.937],[-71.733,-46.706],[-71.731,-46.428],[-71.876,-46.161],[-71.632,-45.954],[-71.773,-45.724],[-71.508,-45.513],[-71.354,-45.231],[-71.596,-44.979],[-72.042,-44.904],[-71.783,-44.774],[-71.455,-44.75],[-71.221,-44.631],[-71.82,-44.383],[-71.812,-44.106],[-71.716,-43.858],[-71.751,-43.59],[-71.905,-43.348],[-72.055,-43.102],[-72.114,-42.777],[-72.105,-42.522],[-72.108,-42.252],[-71.861,-42.148],[-71.844,-41.772],[-71.892,-41.393],[-71.881,-40.995],[-71.932,-40.692],[-71.805,-40.439],[-71.818,-40.177],[-71.647,-39.929],[-71.72,-39.635],[-71.508,-39.495],[-71.409,-39.206],[-71.402,-38.935],[-71.087,-38.757],[-70.859,-38.605],[-71.001,-38.315],[-71.028,-38.041],[-71.168,-37.762],[-71.135,-37.445],[-71.118,-37.114],[-71.192,-36.844],[-71.073,-36.578],[-70.853,-36.412],[-70.622,-36.212],[-70.405,-36.062],[-70.38,-35.772],[-70.416,-35.523],[-70.555,-35.247],[-70.338,-34.922],[-70.255,-34.673],[-70.101,-34.432],[-69.88,-34.254],[-69.881,-33.93],[-69.883,-33.601],[-69.809,-33.344],[-70.085,-33.202],[-70.022,-32.885],[-70.177,-32.626],[-70.258,-32.31],[-70.364,-32.083],[-70.45,-31.842],[-70.585,-31.569],[-70.555,-31.317],[-70.388,-31.121],[-70.319,-30.834],[-70.194,-30.505],[-69.956,-30.358],[-69.863,-30.12],[-69.924,-29.874],[-69.983,-29.545],[-69.996,-29.25],[-69.815,-29.045],[-69.743,-28.784],[-69.657,-28.414],[-69.489,-28.201],[-69.251,-27.974],[-69.118,-27.744],[-68.999,-27.449],[-68.846,-27.154],[-68.592,-27.14],[-68.346,-27.028],[-68.485,-26.67],[-68.592,-26.418],[-68.415,-26.154],[-68.511,-25.741],[-68.6,-25.486],[-68.541,-25.237],[-68.447,-24.999],[-68.562,-24.747],[-68.358,-24.497],[-68.047,-24.308],[-67.572,-24.119],[-67.336,-23.975],[-67.219,-23.634],[-67.09,-23.245],[-67.009,-23.001],[-67.195,-22.822]]}},{"type":"Feature","properties":{"id":1746707149,"featurecla":"International boundary (verify)"},"geometry":{"type":"LineString","coordinates":[[23.605,51.518],[23.626,51.809],[23.633,52.07],[23.327,52.208],[23.411,52.516],[23.845,52.664],[23.887,53.028],[23.789,53.271],[23.599,53.599],[23.485,53.94]]}},{"type":"Feature","properties":{"id":1746707511,"featurecla":"International boundary (verify)"},"geometry":{"type":"LineString","coordinates":[[34.078,9.461],[34.12,9.73],[34.291,10.125],[34.276,10.528],[34.431,10.788],[34.771,10.746],[34.925,10.962],[34.961,11.277],[35.06,11.621],[35.252,11.957],[35.45,12.301],[35.596,12.537],[35.821,12.685],[36.107,12.726],[36.16,13.093],[36.274,13.406],[36.447,13.842],[36.524,14.257]]}},{"type":"Feature","properties":{"id":1746707575,"featurecla":"International boundary (verify)"},"geometry":{"type":"LineString","coordinates":[[2.389,11.897],[2.231,11.629],[1.98,11.418],[1.6,11.401],[1.317,11.295],[1.098,11.156],[0.9,10.993]]}},{"type":"Feature","properties":{"id":1746708281,"featurecla":"International boundary (verify)"},"geometry":{"type":"LineString","coordinates":[[31.948,-25.958],[31.64,-25.867],[31.415,-25.747],[31.088,-25.981],[30.945,-26.219],[30.789,-26.455],[30.794,-26.764],[31.063,-27.112],[31.47,-27.296],[31.743,-27.31],[31.967,-26.961],[32.113,-26.839]]}},{"type":"Feature","properties":{"id":1746706521,"featurecla":"International boundary (verify)"},"geometry":{"type":"LineString","coordinates":[[32.113,-26.839],[32.106,-26.52],[32.06,-26.215],[31.968,-25.972],[31.948,-25.958]]}},{"type":"Feature","properties":{"id":1746705887,"featurecla":"International boundary (verify)"},"geometry":{"type":"LineString","coordinates":[[27.332,5.186],[27.491,4.968],[27.719,4.778],[27.917,4.568],[28.192,4.35],[28.525,4.373],[28.939,4.487],[29.225,4.392],[29.47,4.612],[29.78,4.481],[29.934,4.269],[30.195,3.982],[30.508,3.836],[30.7,3.644],[30.839,3.491]]}},{"type":"Feature","properties":{"id":1746705877,"featurecla":"International boundary (verify)"},"geometry":{"type":"LineString","coordinates":[[22.86,10.92],[23.256,10.458],[23.457,10.174],[23.646,9.823],[23.623,9.341],[23.468,9.115],[23.537,8.816],[23.922,8.71],[24.147,8.666]]}},{"type":"Feature","properties":{"id":1746707203,"featurecla":"International boundary (verify)"},"geometry":{"type":"LineString","coordinates":[[46.114,38.878],[46.491,38.907]]}},{"type":"Feature","properties":{"id":1746707227,"featurecla":"International boundary (verify)"},"geometry":{"type":"LineString","coordinates":[[44.783,39.685],[45,39.424],[45.191,39.216],[45.48,39.006],[45.922,38.908],[46.114,38.878]]}},{"type":"Feature","properties":{"id":1746707227,"featurecla":"International boundary (verify)"},"geometry":{"type":"LineString","coordinates":[[46.491,38.907],[46.783,39.087],[47.065,39.253],[47.338,39.424],[47.582,39.543],[47.892,39.685],[48.151,39.561],[48.113,39.281],[48.291,39.059],[48.05,38.935],[48.205,38.724],[48.417,38.586],[48.636,38.399],[48.869,38.436]]}},{"type":"Feature","properties":{"id":1746708847,"featurecla":"International boundary (verify)"},"geometry":{"type":"LineString","coordinates":[[81.01,30.165],[80.684,29.994],[80.402,29.73],[80.255,29.423],[80.17,29.124],[80.052,28.87],[80.325,28.666],[80.587,28.65],[80.896,28.469],[81.169,28.335],[81.486,28.062],[81.757,27.914],[82.037,27.901],[82.288,27.757],[82.63,27.687],[82.933,27.468],[83.214,27.402],[83.552,27.456],[83.829,27.378],[84.091,27.491],[84.481,27.348],[84.654,27.092],[84.937,26.927],[85.174,26.782],[85.456,26.797],[85.707,26.713],[86.007,26.649],[86.366,26.574],[86.701,26.435],[87.016,26.555],[87.287,26.36],[87.633,26.399],[87.995,26.382],[88.162,26.725],[87.993,27.086],[88.024,27.409],[88.147,27.749],[88.11,27.871]]}},{"type":"Feature","properties":{"id":1746708553,"featurecla":"International boundary (verify)"},"geometry":{"type":"LineString","coordinates":[[75.974,36.382],[75.84,36.65],[75.574,36.759],[75.347,36.913],[75.054,36.987],[74.766,37.013],[74.541,37.022]]}}]}
